Timestamp,api1_rps,api1_rt,api2_rps,api2_rt,api3_rps,api3_rt,api4_rps,api4_rt,api5_rps,api5_rt,cpu_usage,memory_usage,thread_usage
1771715528,81,81,88,84,57,118,64,114,78,73,1,2206,13
1771715529,54,160,45,160,41,178,44,157,56,148,9,3879,98
1771715530,53,163,57,159,83,93,83,89,50,170,10,555,108
1771715531,75,111,68,122,68,128,68,112,64,110,5,2107,67
1771715532,69,114,76,97,46,160,58,150,70,110,4,3308,43
1771715533,44,162,55,165,62,140,62,138,43,153,10,2777,121
1771715534,81,103,71,86,75,96,77,88,80,97,3,944,43
1771715535,49,178,42,167,43,190,47,191,40,160,11,4598,130
1771715536,35,192,37,202,34,175,34,189,37,201,14,4358,172
1771715537,75,124,62,113,69,115,64,126,62,120,5,2173,58
1771715538,65,138,64,131,46,184,35,175,64,130,7,4617,75
1771715539,52,151,42,151,75,89,80,95,46,162,10,781,128
1771715540,68,94,72,102,53,170,44,156,72,109,4,3534,49
1771715541,72,102,69,98,45,186,32,197,80,103,4,4593,61
1771715542,36,191,43,201,69,119,75,104,32,179,13,1562,157
1771715543,31,186,44,193,37,177,44,183,38,197,13,4186,144
1771715544,83,89,77,76,81,92,78,91,87,79,2,761,32
1771715545,69,101,76,99,52,138,66,151,70,110,4,2773,43
1771715546,75,123,67,105,57,158,58,135,74,119,5,3059,72
1771715547,41,181,49,163,32,201,40,197,42,165,11,5075,124
1771715548,90,64,82,66,28,217,29,202,93,67,1,5667,31
1771715549,78,86,71,90,59,160,49,145,83,101,3,3224,32
1771715550,68,127,56,140,67,117,76,105,56,131,7,1466,90
1771715551,71,93,73,97,81,106,71,101,80,100,4,1085,51
1771715552,79,85,84,93,67,126,63,144,78,73,2,2486,20
1771715553,64,135,59,133,57,140,63,144,60,112,6,2769,86
1771715554,80,114,75,108,79,93,76,94,67,114,4,773,54
1771715555,47,167,46,160,72,114,70,109,42,170,11,1625,123
1771715556,34,195,39,181,75,100,72,81,44,185,13,894,164
1771715557,43,193,40,188,32,221,34,220,35,183,13,5648,159
1771715558,36,192,44,182,42,182,38,187,31,190,13,4443,151
1771715559,52,144,59,151,35,194,38,181,57,160,9,4688,107
1771715560,79,94,67,101,57,136,57,130,67,97,4,2819,61
1771715561,43,197,35,179,89,90,82,85,35,197,13,360,153
1771715562,72,93,70,108,61,122,64,120,71,96,4,2435,50
1771715563,79,74,78,72,33,209,32,220,80,71,1,5677,14
1771715564,49,178,43,188,88,78,73,77,43,187,12,626,132
1771715565,52,168,44,165,51,181,39,159,53,153,10,4009,114
1771715566,54,138,63,123,70,107,76,122,65,141,7,1824,82
1771715567,57,121,65,122,30,199,25,208,63,133,6,5498,79
1771715568,52,158,49,161,52,164,45,173,58,142,9,4008,105
1771715569,31,195,29,203,67,111,63,116,39,202,14,1937,164
1771715570,56,131,54,140,41,177,41,187,53,147,8,4220,98
1771715571,53,148,54,148,59,132,60,129,64,147,8,2259,103
1771715572,77,77,73,85,61,140,54,144,77,96,2,2626,31
1771715573,48,154,42,173,43,163,47,162,49,170,10,4121,111
1771715574,63,120,71,121,31,201,38,214,65,114,5,5308,59
1771715575,56,155,44,166,70,83,76,98,44,154,10,1012,114
1771715576,34,175,37,188,42,159,42,160,42,189,12,3919,135
1771715577,87,83,92,74,57,133,60,136,84,70,1,2719,22
1771715578,33,175,44,190,68,134,65,133,42,170,12,2251,133
1771715579,65,141,62,154,67,103,64,110,57,140,8,1686,97
1771715580,54,123,57,124,44,176,44,187,65,142,7,4706,75
1771715581,53,155,50,172,41,177,49,159,48,167,10,3821,111
1771715582,61,162,52,143,69,121,62,129,58,152,9,2040,120
1771715583,60,153,59,161,67,124,69,122,49,159,9,1761,103
1771715584,55,161,49,158,50,184,51,169,53,159,10,4211,116
1771715585,64,140,59,137,27,203,27,216,66,145,7,5768,95
1771715586,49,134,63,154,24,216,26,203,50,149,8,5735,93
1771715587,55,162,53,153,61,135,54,130,55,146,9,2794,119
1771715588,36,177,33,177,46,160,46,170,34,178,12,3834,133
1771715589,49,164,45,165,71,123,61,125,48,166,10,2172,109
1771715590,52,161,46,174,47,158,46,167,55,153,10,3675,108
1771715591,67,140,69,143,43,198,33,198,65,141,7,4836,79
1771715592,71,123,71,109,77,93,70,109,68,116,5,1320,56
1771715593,53,162,58,147,59,156,51,141,58,152,9,3197,119
1771715594,80,111,71,111,51,161,54,158,65,105,4,3455,61
1771715595,73,94,82,95,50,181,42,169,77,74,2,4062,22
1771715596,63,123,63,113,82,97,79,90,72,120,5,1151,62
1771715597,22,207,28,221,64,133,69,129,35,201,15,2491,172
1771715598,74,78,83,96,54,175,42,176,74,81,2,3925,32
1771715599,78,106,69,116,77,96,78,96,81,105,4,1408,50
1771715600,45,153,48,153,68,113,69,104,42,161,10,1627,122
1771715601,47,160,53,180,50,167,53,165,44,162,11,3952,122
1771715602,52,159,51,157,43,178,41,196,49,160,10,4692,120
1771715603,60,141,59,139,62,133,69,121,58,129,7,2071,76
1771715604,34,212,30,212,27,213,34,218,26,201,15,5563,179
1771715605,50,155,52,155,74,103,77,104,43,170,10,1048,127
1771715606,41,172,54,156,35,185,30,198,44,167,10,4760,121
1771715607,70,95,75,93,80,92,84,90,72,90,3,451,34
1771715608,84,73,87,73,59,121,65,133,80,75,1,2429,21
1771715609,65,99,68,95,72,92,75,83,69,100,4,648,58
1771715610,43,177,44,171,78,87,81,85,38,167,11,790,128
1771715611,82,104,70,103,46,167,43,165,73,96,3,3969,38
1771715612,53,162,51,158,36,175,35,186,58,160,9,4546,114
1771715613,76,96,78,99,51,172,51,172,83,98,3,4247,41
1771715614,46,168,38,171,58,135,69,121,38,169,11,2450,132
1771715615,48,169,51,158,75,74,88,80,49,154,10,536,124
1771715616,85,95,79,91,33,217,21,216,84,92,3,5696,38
1771715617,49,161,60,155,64,143,58,137,47,142,9,2527,112
1771715618,42,185,38,172,67,148,52,142,44,192,12,2736,141
1771715619,30,207,28,213,71,119,67,125,27,196,14,1954,164
1771715620,31,183,40,194,46,149,57,163,43,196,13,3286,155
1771715621,33,202,42,201,41,183,44,191,32,195,13,4574,152
1771715622,83,84,77,91,74,94,67,95,84,99,3,1333,41
1771715623,66,142,68,131,31,191,28,197,59,130,7,5254,76
1771715624,58,133,65,131,75,113,66,96,69,123,6,1327,67
1771715625,53,156,43,156,69,106,76,99,51,165,10,1110,122
1771715626,33,178,42,174,46,174,49,170,44,182,12,3716,141
1771715627,37,204,21,217,31,216,33,206,27,216,15,5592,163
1771715628,53,171,40,163,38,163,50,179,48,182,11,4006,126
1771715629,61,122,63,128,41,181,44,185,67,122,7,4648,84
1771715630,61,133,68,133,62,116,74,114,66,138,7,1730,82
1771715631,28,199,32,206,48,166,54,152,40,203,14,3690,167
1771715632,60,144,55,159,76,105,70,109,46,142,9,1510,111
1771715633,66,124,63,127,82,91,77,92,61,114,6,829,69
1771715634,60,155,52,134,64,145,66,145,50,135,8,2539,109
1771715635,38,177,36,186,24,211,34,225,44,174,12,5910,135
1771715636,64,135,59,133,57,150,52,148,58,121,6,3222,77
1771715637,64,124,59,131,51,158,47,176,66,125,6,3886,83
1771715638,76,107,76,114,53,152,54,144,66,104,5,2843,67
1771715639,31,195,41,194,41,183,29,197,42,193,13,4956,154
1771715640,37,194,34,202,85,76,76,71,37,198,13,448,151
1771715641,70,109,77,113,71,106,70,104,81,95,4,1376,47
1771715642,87,83,88,94,33,202,24,222,86,95,2,5586,30
1771715643,57,154,52,139,35,214,29,211,50,143,8,5605,105
1771715644,67,111,70,106,51,164,47,169,70,103,5,3503,68
1771715645,42,178,35,184,49,150,61,145,39,170,12,2977,133
1771715646,72,106,81,90,59,145,55,148,74,102,3,2809,39
1771715647,63,127,63,144,76,80,83,86,62,126,7,418,93
1771715648,52,162,37,167,35,199,43,201,39,176,11,4890,136
1771715649,34,195,37,187,35,186,42,195,32,201,13,4794,155
1771715650,45,157,56,174,67,125,64,127,53,167,10,2219,129
1771715651,67,125,74,125,36,191,37,185,74,109,5,4649,58
1771715652,80,109,67,107,65,131,64,120,74,98,4,2421,51
1771715653,73,86,88,82,73,96,81,99,88,94,2,1326,35
1771715654,82,90,88,95,60,133,73,120,76,94,2,2102,31
1771715655,66,116,76,110,85,86,78,77,68,117,5,275,59
1771715656,67,129,57,119,41,172,48,167,62,128,6,3959,73
1771715657,69,132,68,121,66,109,71,115,59,132,7,1713,80
1771715658,72,96,76,114,38,199,42,193,79,110,4,5042,46
1771715659,56,144,57,144,49,158,59,141,60,136,8,3260,96
1771715660,74,86,81,86,76,89,71,100,75,81,2,1119,21
1771715661,37,190,30,190,33,204,39,199,42,196,13,5070,141
1771715662,88,74,88,73,84,99,82,85,80,91,2,693,43
1771715663,55,142,55,145,47,193,43,197,59,124,7,4617,85
1771715664,57,129,57,143,70,120,70,131,65,124,7,2081,74
1771715665,83,90,74,90,43,175,40,167,79,78,2,3857,26
1771715666,43,185,38,177,32,188,29,204,35,185,12,4930,150
1771715667,45,183,52,176,37,180,36,195,50,167,11,4753,129
1771715668,74,124,70,125,69,97,75,115,70,105,5,1382,72
1771715669,40,193,43,184,30,209,35,205,41,196,13,5572,163
1771715670,41,197,44,196,71,95,72,98,40,189,13,1161,156
1771715671,64,131,69,130,40,166,49,183,62,116,6,4273,63
1771715672,46,155,45,164,57,157,54,160,45,163,10,3620,124
1771715673,52,148,57,153,48,136,61,158,58,146,8,3085,101
1771715674,54,125,56,132,72,132,68,111,54,136,7,2095,87
1771715675,86,70,85,80,57,141,62,125,84,86,1,2450,23
1771715676,58,134,64,117,57,146,59,160,68,119,6,3451,64
1771715677,63,138,54,141,88,98,87,97,63,129,7,659,80
1771715678,37,192,44,176,40,181,37,165,42,185,12,4095,132
1771715679,56,127,66,130,64,128,67,142,67,129,7,2651,86
1771715680,90,71,89,86,25,196,40,202,83,82,1,5275,17
1771715681,64,123,63,140,30,200,37,201,64,123,7,4999,82
1771715682,39,176,35,174,46,155,45,156,40,183,12,3843,143
1771715683,59,123,67,143,23,208,23,206,69,135,7,5647,86
1771715684,29,200,25,204,55,127,56,147,31,213,15,2655,170
1771715685,34,199,43,202,55,158,45,176,31,187,13,3806,163
1771715686,46,177,37,188,31,205,31,199,39,192,12,4917,130
1771715687,46,171,47,188,57,129,55,133,44,173,12,2586,138
1771715688,50,172,55,160,54,165,53,167,42,173,10,3483,110
1771715689,46,175,47,183,75,74,77,90,42,179,11,562,131
1771715690,72,108,76,96,49,165,45,163,81,104,4,3404,59
1771715691,65,120,59,129,60,122,60,114,64,113,6,1894,66
1771715692,42,177,40,180,65,115,69,116,46,184,12,1629,150
1771715693,56,139,66,123,62,115,66,113,55,142,7,1959,95
1771715694,47,174,43,180,55,150,54,145,47,179,11,3383,121
1771715695,36,201,32,192,32,214,32,221,31,193,14,5564,164
1771715696,79,103,84,94,48,171,45,167,72,92,3,3894,47
1771715697,82,88,70,88,38,198,37,192,74,101,3,4863,44
1771715698,54,158,57,151,58,154,50,159,48,151,9,3205,97
1771715699,85,78,86,87,77,91,69,92,79,90,2,1161,24
1771715700,28,212,30,202,46,193,34,191,40,201,14,4613,161
1771715701,36,192,27,196,73,92,76,104,29,209,14,1239,160
1771715702,44,190,40,181,67,122,69,135,42,190,12,2479,146
1771715703,44,199,37,187,61,128,71,129,34,192,13,1984,158
1771715704,28,198,36,203,36,190,41,193,32,201,15,5123,178
1771715705,58,126,69,129,65,102,64,111,64,114,6,1555,75
1771715706,93,73,79,65,68,95,81,91,83,81,1,1187,27
1771715707,70,96,79,86,77,114,75,103,75,87,3,1370,35
1771715708,75,93,82,88,54,159,49,164,79,88,3,3345,31
1771715709,64,111,71,120,40,173,44,169,74,107,5,4374,73
1771715710,31,209,32,202,82,92,75,90,28,200,14,1281,156
1771715711,39,191,36,196,63,128,58,134,30,192,13,2546,145
1771715712,50,151,60,146,73,91,72,93,49,163,9,741,112
1771715713,80,86,85,82,78,84,80,87,89,67,1,292,27
1771715714,25,222,31,210,85,80,74,95,29,200,15,723,183
1771715715,73,93,73,74,37,190,34,186,79,95,2,4368,36
1771715716,80,100,78,106,43,154,50,149,67,108,4,3609,51
1771715717,66,115,61,106,61,138,60,138,70,109,5,2745,71
1771715718,47,163,45,153,56,121,68,122,55,157,9,2208,114
1771715719,72,115,81,95,61,132,63,133,69,93,4,2151,52
1771715720,51,159,50,151,31,205,41,194,52,153,10,5073,127
1771715721,64,134,61,133,76,81,76,97,51,141,8,811,96
1771715722,86,89,74,93,27,202,31,210,78,75,2,5423,25
1771715723,86,76,79,65,40,174,42,160,90,66,1,3904,18
1771715724,41,179,37,161,19,230,30,216,51,170,11,6000,119
1771715725,82,92,69,99,43,158,54,153,72,87,3,3748,45
1771715726,69,104,67,112,34,200,39,176,71,121,5,4711,61
1771715727,55,144,54,137,36,182,40,182,49,145,8,4170,96
1771715728,43,166,45,170,79,101,77,115,56,151,10,1507,116
1771715729,82,99,84,83,59,142,53,152,80,105,3,2805,51
1771715730,62,107,65,114,77,74,85,93,61,124,5,510,72
1771715731,89,83,91,86,71,94,70,95,83,86,1,1360,12
1771715732,39,183,44,196,39,177,39,170,44,198,13,4191,157
1771715733,39,193,48,170,33,213,26,230,43,191,12,5973,132
1771715734,68,113,66,109,57,135,54,130,75,113,4,2817,47
1771715735,45,193,47,181,22,212,34,216,39,182,12,5697,145
1771715736,78,80,88,74,86,83,89,72,76,82,2,473,33
1771715737,64,135,63,134,43,168,52,169,51,136,8,3733,91
1771715738,74,112,67,101,32,213,24,199,72,99,4,5604,45
1771715739,78,82,81,89,70,108,73,97,74,86,2,1146,25
1771715740,66,110,76,94,45,193,38,199,71,105,4,4822,61
1771715741,54,146,50,150,46,173,46,184,59,141,9,4089,100
1771715742,65,150,51,141,79,112,76,103,65,141,8,1569,107
1771715743,79,80,77,84,28,219,24,216,87,92,2,5939,23
1771715744,44,193,31,186,75,93,76,98,38,187,13,1020,141
1771715745,70,104,74,88,57,146,56,153,81,104,3,3490,37
1771715746,35,193,40,189,68,114,61,129,37,179,12,2067,147
1771715747,70,113,68,121,42,173,47,173,69,124,6,4421,64
1771715748,37,189,41,185,66,118,63,125,35,170,12,1831,143
1771715749,81,99,74,92,71,137,65,132,72,96,3,2318,36
1771715750,85,66,80,82,91,82,88,71,81,78,1,272,29
1771715751,54,143,59,145,53,179,46,173,49,155,8,4023,92
1771715752,59,151,53,148,26,211,38,211,63,138,8,5366,104
1771715753,49,175,53,166,66,109,74,96,44,169,11,1346,135
1771715754,60,156,53,161,40,163,39,167,58,161,9,4097,115
1771715755,79,88,73,103,55,146,56,135,76,104,3,2949,31
1771715756,49,155,43,166,85,81,87,86,49,160,10,783,131
1771715757,61,142,59,135,66,118,64,118,59,131,8,1677,97
1771715758,83,82,88,82,46,152,45,172,74,77,2,3752,24
1771715759,48,168,39,169,71,116,62,127,46,164,11,2053,132
1771715760,53,171,49,164,48,139,64,138,52,179,11,3007,119
1771715761,79,88,85,88,76,91,75,73,83,74,2,506,30
1771715762,64,118,61,112,74,111,71,116,63,114,5,1454,64
1771715763,69,116,73,122,34,187,36,205,77,110,5,5017,69
1771715764,80,112,76,96,39,185,32,188,66,104,4,4982,65
1771715765,63,151,55,147,39,208,26,190,56,133,8,5157,101
1771715766,63,133,62,135,59,127,68,137,55,154,8,2397,101
1771715767,89,93,75,95,79,90,85,90,81,86,2,680,40
1771715768,41,181,47,180,66,111,74,108,34,185,12,1270,146
1771715769,45,176,39,176,44,179,46,183,41,168,11,4452,142
1771715770,43,200,30,191,38,164,48,169,33,202,13,4044,146
1771715771,43,190,31,191,76,94,70,83,39,181,13,921,155
1771715772,64,118,76,110,37,192,39,190,62,107,5,4806,68
1771715773,73,81,83,92,26,211,33,209,82,82,2,5254,37
1771715774,63,122,64,121,73,103,71,118,64,110,5,1736,55
1771715775,51,143,57,132,42,178,49,171,64,151,8,4330,99
1771715776,77,92,85,104,38,218,30,198,81,89,3,5459,40
1771715777,47,186,48,185,35,183,41,199,36,184,12,4687,145
1771715778,56,159,54,154,60,150,58,150,60,157,9,2840,106
1771715779,34,171,37,188,29,187,39,190,49,186,12,5097,142
1771715780,63,148,58,136,22,223,32,216,62,150,8,5950,108
1771715781,57,117,67,130,87,91,83,92,71,131,6,640,76
1771715782,34,183,40,183,67,113,70,106,32,191,13,1785,154
1771715783,58,134,67,130,69,114,73,96,67,132,6,1468,80
1771715784,72,95,75,91,39,173,49,181,83,98,3,4338,41
1771715785,31,187,33,194,77,86,82,84,44,185,13,272,143
1771715786,46,178,46,180,36,181,48,173,34,191,12,4434,152
1771715787,88,82,91,73,70,130,72,122,79,76,1,1926,31
1771715788,70,84,72,88,37,205,30,205,70,102,3,5479,38
1771715789,85,87,84,74,84,83,73,94,88,75,2,718,30
1771715790,46,163,43,179,28,202,41,205,46,183,11,5120,136
1771715791,79,64,86,72,33,194,42,182,86,65,1,4747,30
1771715792,79,88,71,98,70,132,67,124,78,84,3,2008,32
1771715793,69,110,63,117,32,215,24,223,63,117,5,5989,59
1771715794,56,154,46,169,55,136,61,136,52,165,10,2791,119
1771715795,31,194,30,186,33,194,40,193,42,200,13,4719,161
1771715796,46,178,40,161,26,223,19,217,41,181,11,5991,139
1771715797,69,111,69,118,44,170,43,176,75,121,5,4305,56
1771715798,49,171,43,165,71,94,68,115,45,161,11,1397,127
1771715799,65,138,60,143,78,84,76,87,62,151,8,526,94
1771715800,89,78,79,92,59,140,59,151,79,92,2,3282,25
1771715801,64,116,74,118,63,117,69,115,68,110,5,1731,68
1771715802,74,95,73,113,32,220,24,231,67,96,4,5974,56
1771715803,48,175,43,181,60,124,62,139,41,175,12,2522,144
1771715804,84,97,70,91,56,155,59,153,71,83,3,3007,45
1771715805,49,153,49,153,46,190,42,184,51,170,10,4553,116
1771715806,30,217,26,226,38,165,44,167,29,225,16,4149,194
1771715807,45,158,45,153,64,121,68,104,53,149,9,1748,106
1771715808,70,116,77,111,50,154,50,161,64,115,5,3669,76
1771715809,43,195,41,190,69,101,71,104,40,183,13,1331,157
1771715810,82,102,77,97,82,79,88,86,70,89,3,243,40
1771715811,76,121,71,112,85,82,73,89,64,117,5,670,64
1771715812,73,82,72,106,53,151,55,154,81,91,3,3146,32
1771715813,40,197,40,195,44,191,34,187,35,193,14,4780,154
1771715814,38,212,39,208,83,100,79,105,34,205,14,1158,174
1771715815,57,137,55,150,87,78,80,81,53,147,8,424,102
1771715816,62,124,69,110,37,212,37,207,75,108,5,5500,57
1771715817,74,122,67,120,75,116,60,125,63,104,5,1861,75
1771715818,71,132,66,118,43,173,47,167,60,130,6,4233,76
1771715819,51,157,48,164,33,196,25,210,56,151,9,5511,104
1771715820,65,113,71,110,66,126,68,124,69,107,5,2353,56
1771715821,53,169,50,171,80,95,69,94,44,169,10,1018,110
1771715822,50,167,46,173,51,147,58,143,43,176,11,2786,129
1771715823,72,118,57,114,33,191,40,181,71,134,6,4766,82
1771715824,51,169,42,175,52,163,49,168,39,164,11,3861,138
1771715825,34,186,33,194,64,136,60,150,33,190,13,2768,150
1771715826,88,86,88,65,58,132,66,112,80,65,1,2122,18
1771715827,74,95,79,78,28,199,29,187,85,83,2,5118,28
1771715828,64,144,51,153,38,192,45,184,58,145,8,4628,100
1771715829,70,122,63,118,71,130,63,121,62,111,6,2060,63
1771715830,41,198,39,198,90,75,80,82,38,184,13,274,156
1771715831,75,104,78,107,52,162,46,154,76,99,4,3658,43
1771715832,77,88,76,73,42,158,43,173,74,86,2,3909,36
1771715833,74,90,82,106,30,209,40,190,76,101,3,5244,49
1771715834,34,218,23,217,63,132,56,125,25,217,15,2248,181
1771715835,80,96,77,110,58,134,56,128,74,95,4,2756,57
1771715836,65,111,74,101,59,146,61,133,69,115,4,2858,59
1771715837,64,155,59,132,35,198,26,219,59,147,8,5493,104
1771715838,29,188,41,185,70,116,68,116,30,196,13,1780,153
1771715839,52,143,56,150,42,189,42,198,58,142,8,4742,100
1771715840,52,163,47,163,81,84,82,79,49,163,10,718,120
1771715841,32,191,31,193,83,86,78,78,42,195,13,456,155
1771715842,36,194,35,197,83,81,80,92,43,199,13,855,158
1771715843,75,90,82,77,43,174,45,179,81,79,2,4455,22
1771715844,71,115,60,121,57,161,46,158,62,115,6,3698,87
1771715845,70,119,61,124,52,160,48,174,63,125,6,3727,63
1771715846,27,210,25,212,45,192,46,191,28,196,14,4440,163
1771715847,48,154,45,171,79,84,83,76,45,156,10,509,109
1771715848,62,133,59,132,41,203,34,202,62,140,8,4920,95
1771715849,85,93,88,88,66,117,67,117,83,74,2,2057,36
1771715850,53,178,46,162,46,152,51,161,44,179,11,3418,131
1771715851,65,133,56,130,82,102,70,96,62,134,7,1268,84
1771715852,48,158,46,164,36,214,36,210,41,157,10,5647,110
1771715853,31,196,30,197,48,160,50,148,33,194,13,3262,159
1771715854,61,136,58,149,41,205,36,198,58,146,8,5228,107
1771715855,64,118,65,113,64,137,68,130,76,103,5,2526,55
1771715856,45,177,51,171,48,164,54,158,47,162,11,3318,119
1771715857,73,102,72,110,59,150,45,150,66,126,5,3422,61
1771715858,81,71,83,66,64,141,64,130,89,75,1,2495,22
1771715859,68,105,71,116,51,147,63,152,72,107,5,2897,62
1771715860,44,187,38,202,43,196,41,200,31,187,13,4827,150
1771715861,51,135,51,131,63,134,63,125,65,145,8,2442,86
1771715862,32,207,35,210,38,177,38,165,23,203,15,4040,172
1771715863,68,115,72,107,86,87,84,91,76,113,4,741,61
1771715864,63,134,67,140,42,181,44,193,61,132,7,4885,83
1771715865,48,151,59,159,78,95,84,95,50,144,9,603,107
1771715866,76,87,87,86,68,97,82,108,79,80,2,1127,40
1771715867,36,192,27,199,69,116,71,119,31,201,14,1543,160
1771715868,38,195,31,200,55,139,61,142,32,196,13,2945,155
1771715869,39,185,36,200,91,69,86,75,38,179,13,228,150
1771715870,21,223,30,213,23,209,18,220,20,209,16,5920,187
1771715871,89,77,78,89,30,223,33,208,84,86,2,5653,20
1771715872,70,130,70,113,59,149,52,146,65,114,6,3304,68
1771715873,33,220,28,230,42,179,41,195,33,215,16,4533,181
1771715874,49,154,51,167,35,180,37,185,57,150,10,4277,126
1771715875,62,136,53,126,27,208,27,196,58,140,7,5516,90
1771715876,46,174,46,191,75,72,77,80,41,181,12,438,150
1771715877,64,132,57,144,42,162,47,170,60,144,8,3591,104
1771715878,34,188,38,183,76,88,79,90,39,183,13,455,157
1771715879,79,93,78,85,57,117,58,124,76,82,2,2146,38
1771715880,81,95,81,86,51,178,38,179,83,102,3,4160,41
1771715881,60,157,55,142,31,210,28,208,52,141,9,5436,103
1771715882,61,119,64,114,53,137,61,127,59,118,6,2547,71
1771715883,78,86,74,104,53,143,54,130,78,84,3,2520,32
1771715884,43,177,46,186,55,172,47,157,44,182,12,3852,149
1771715885,60,148,56,136,33,216,29,211,53,151,8,5435,101
1771715886,58,114,65,132,84,81,81,86,62,120,6,447,66
1771715887,80,87,77,79,33,177,43,182,76,84,2,4564,43
1771715888,60,127,69,128,67,119,59,122,70,114,6,2134,70
1771715889,46,165,42,155,33,217,33,213,43,164,10,5576,118
1771715890,44,171,46,169,75,120,75,127,52,172,10,1802,121
1771715891,59,142,59,164,82,92,71,90,45,154,9,1244,106
1771715892,43,170,40,164,58,150,51,148,39,173,11,3335,139
1771715893,79,84,88,86,42,199,43,195,79,66,1,4832,30
1771715894,62,140,53,141,42,193,35,198,49,143,8,4722,99
1771715895,35,181,44,173,62,157,53,140,45,193,12,3219,150
1771715896,32,211,30,213,71,90,85,93,35,211,15,839,170
1771715897,30,201,41,196,70,101,64,121,38,180,13,1572,159
1771715898,69,122,65,105,66,92,69,103,65,122,5,1238,56
1771715899,37,198,43,187,72,115,65,135,30,182,13,2134,158
1771715900,52,148,55,146,66,107,68,115,61,133,8,1570,103
1771715901,61,124,67,121,55,166,55,144,68,132,7,3395,96
1771715902,58,127,55,137,66,136,63,124,59,140,7,2433,82
1771715903,80,102,69,85,80,72,79,66,71,93,3,286,32
1771715904,52,175,48,163,69,129,68,131,51,163,11,1976,140
1771715905,71,124,65,112,76,82,72,97,75,120,5,820,61
1771715906,80,65,93,68,56,130,61,132,83,78,1,2368,11
1771715907,62,119,73,102,28,183,34,185,69,117,5,4949,60
1771715908,85,73,89,82,42,180,48,166,78,68,1,4219,21
1771715909,58,135,67,120,57,163,48,150,71,119,6,3481,76
1771715910,51,175,43,162,46,148,55,157,47,177,11,3395,130
1771715911,26,228,24,232,47,166,37,185,18,209,16,4293,189
1771715912,39,174,52,161,39,195,32,190,39,175,11,4595,121
1771715913,84,67,86,83,82,88,82,93,79,75,1,997,27
1771715914,53,173,39,180,76,96,69,91,50,178,11,1189,128
1771715915,60,141,47,161,57,125,56,117,55,159,9,2195,98
1771715916,72,107,71,114,46,161,40,172,68,124,5,4099,75
1771715917,29,185,31,192,54,162,45,167,31,188,13,3630,156
1771715918,76,115,73,96,37,192,33,194,76,93,4,5105,60
1771715919,92,67,90,75,40,195,34,185,79,84,1,4907,24
1771715920,31,197,43,188,32,211,27,212,33,190,13,5266,151
1771715921,79,106,72,85,63,123,68,107,80,84,3,1790,38
1771715922,50,163,45,160,66,109,70,98,49,171,10,1592,117
1771715923,69,114,80,114,29,205,40,194,79,102,4,4946,51
1771715924,36,185,38,179,71,90,79,85,41,202,13,1002,152
1771715925,45,170,40,188,41,189,36,195,47,179,12,4872,150
1771715926,32,195,40,202,53,145,64,125,38,208,14,2629,174
1771715927,84,64,83,79,34,200,27,210,88,76,1,5548,24
1771715928,41,197,34,201,60,115,66,118,37,189,13,1918,160
1771715929,59,151,51,156,46,177,46,174,56,164,9,4565,105
1771715930,75,76,75,78,30,209,38,203,88,73,2,5365,29
1771715931,77,82,90,75,82,95,79,92,82,77,1,715,21
1771715932,63,138,62,136,79,94,70,113,55,138,8,1280,100
1771715933,58,157,56,144,67,102,66,103,49,141,9,1636,109
1771715934,31,202,28,196,72,97,72,101,40,198,14,1411,151
1771715935,53,147,60,164,61,145,59,140,54,144,9,2621,114
1771715936,74,92,82,93,77,101,71,109,70,84,3,1157,37
1771715937,33,217,25,222,80,90,81,91,25,209,16,915,182
1771715938,39,191,37,199,44,174,55,164,41,208,14,3850,173
1771715939,44,161,55,174,77,95,71,114,42,173,10,1376,117
1771715940,36,189,38,181,75,103,77,96,46,177,12,1321,148
1771715941,63,118,66,106,37,178,45,183,76,117,5,4071,66
1771715942,59,142,60,134,69,120,56,123,57,144,8,2312,106
1771715943,76,104,75,89,30,215,25,199,77,105,3,5539,48
1771715944,61,128,63,124,54,131,64,135,63,115,6,2666,85
1771715945,78,111,74,109,70,125,71,118,80,112,4,2011,63
1771715946,35,196,31,190,52,165,41,179,45,192,13,4128,143
1771715947,38,174,49,180,58,121,65,114,45,172,12,2056,130
1771715948,56,151,46,150,37,198,30,200,43,153,10,5043,108
1771715949,39,173,41,187,29,196,28,187,37,183,12,4949,134
1771715950,44,201,43,190,79,86,82,107,40,183,13,1008,150
1771715951,55,124,55,139,23,202,25,201,64,134,7,5443,88
1771715952,54,151,52,132,53,151,58,158,62,142,8,3536,88
1771715953,39,169,46,162,68,111,72,102,52,183,11,1176,142
1771715954,65,139,62,139,59,136,69,144,66,144,7,2481,86
1771715955,57,136,64,131,32,191,27,205,61,151,8,5313,93
1771715956,52,162,49,161,36,195,41,195,46,162,10,4956,107
1771715957,59,129,59,132,81,95,78,99,54,134,7,1175,77
1771715958,60,147,60,144,37,189,37,203,57,151,8,4860,100
1771715959,70,105,67,121,85,78,81,93,70,120,5,430,62
1771715960,38,201,30,186,56,138,64,141,34,179,13,2756,162
1771715961,49,178,39,183,86,76,83,86,46,172,12,382,137
1771715962,65,132,70,132,61,128,66,110,66,118,6,1852,81
1771715963,21,222,25,218,35,207,27,211,23,210,16,5489,181
1771715964,72,115,75,117,47,172,52,178,69,106,5,3912,58
1771715965,44,196,30,184,52,170,54,162,36,185,13,3753,161
1771715966,41,167,40,176,44,148,55,155,41,165,11,3578,130
1771715967,56,128,53,140,84,72,85,89,57,134,7,503,75
1771715968,71,121,63,127,83,79,73,94,58,134,6,720,85
1771715969,45,171,45,153,42,180,44,176,54,158,10,4502,117
1771715970,76,88,78,94,59,129,65,142,75,105,3,2449,51
1771715971,70,112,72,126,61,155,58,144,70,127,6,3212,76
1771715972,42,175,40,170,81,95,82,106,48,192,12,1199,136
1771715973,83,101,76,83,65,139,57,148,83,102,3,2798,47
1771715974,81,81,83,92,55,118,65,132,85,84,2,2337,38
1771715975,58,123,56,133,63,146,62,145,69,141,7,2703,82
1771715976,44,189,46,174,76,121,76,104,40,174,12,1621,152
1771715977,52,183,40,176,64,116,59,119,40,169,11,2073,141
1771715978,30,220,21,213,43,174,45,166,32,228,16,3916,178
1771715979,68,111,63,109,75,111,72,113,65,116,5,1751,52
1771715980,68,128,68,129,44,152,47,166,61,114,6,3456,87
1771715981,29,191,35,202,87,73,76,76,40,182,13,572,152
1771715982,60,141,53,138,66,135,56,138,65,143,8,2799,107
1771715983,34,200,34,203,47,185,46,170,41,183,13,4435,144
1771715984,88,73,93,85,74,108,71,117,78,72,1,1539,29
1771715985,76,77,81,79,62,144,61,135,87,87,2,2527,29
1771715986,21,215,32,208,63,134,50,150,30,221,15,2892,178
1771715987,66,103,71,113,91,83,79,85,76,126,5,247,71
1771715988,38,193,30,185,34,182,31,191,33,198,13,4944,150
1771715989,45,170,50,167,62,144,60,136,48,163,11,2645,139
1771715990,53,169,51,160,75,93,73,98,48,151,10,939,111
1771715991,42,170,52,171,84,100,78,87,39,163,11,887,119
1771715992,40,172,44,183,35,180,36,183,37,175,12,4383,133
1771715993,67,128,62,132,25,223,35,204,64,136,7,5652,78
1771715994,48,150,47,150,74,101,80,102,51,161,10,1071,114
1771715995,54,152,43,155,47,145,51,147,54,167,10,3435,113
1771715996,34,190,37,180,81,104,77,101,32,183,13,905,154
1771715997,42,150,51,167,56,158,53,150,57,170,10,3409,119
1771715998,45,151,41,164,46,184,38,178,50,156,10,4196,123
1771715999,65,132,60,133,38,213,35,204,62,137,7,5389,95
1771716000,66,140,67,136,57,140,50,151,58,139,7,3151,76
1771716001,58,155,55,137,73,118,72,114,60,135,8,1915,88
1771716002,61,159,57,159,69,137,65,118,54,162,9,2312,97
1771716003,45,198,39,200,76,90,69,91,31,192,13,1108,149
1771716004,41,190,35,178,37,190,46,167,46,172,12,4344,149
1771716005,65,119,68,117,78,99,72,91,65,120,5,898,74
1771716006,60,151,57,158,52,147,59,147,53,142,9,3163,105
1771716007,45,203,42,200,86,92,86,92,45,189,13,673,148
1771716008,72,112,64,115,76,114,77,103,74,117,5,1403,57
1771716009,89,81,79,87,53,155,56,147,82,65,1,3394,10
1771716010,53,174,43,151,57,126,62,128,47,165,10,2689,114
1771716011,62,154,58,152,67,120,62,130,59,143,8,2134,102
1771716012,35,182,36,188,63,124,57,124,40,173,12,2228,132
1771716013,79,86,85,94,48,187,48,188,82,88,2,4511,29
1771716014,47,157,59,143,50,179,44,180,48,152,9,3949,110
1771716015,74,76,79,96,65,126,62,123,78,84,2,2572,40
1771716016,65,105,66,93,43,171,42,183,73,99,4,4204,61
1771716017,81,98,71,100,48,167,52,166,70,97,3,3975,31
1771716018,63,148,58,150,71,95,73,96,60,144,8,925,99
1771716019,25,208,28,221,40,180,50,174,32,215,16,4098,175
1771716020,65,134,62,116,79,74,89,85,57,124,6,568,70
1771716021,44,195,30,202,28,196,25,215,32,196,13,5428,146
1771716022,85,87,81,91,25,201,31,202,79,75,2,5290,29
1771716023,81,76,90,70,79,89,84,93,84,65,1,1031,32
1771716024,52,140,52,160,30,199,38,191,50,164,9,4747,116
1771716025,66,124,58,129,65,110,61,120,66,119,6,1942,70
1771716026,55,173,51,174,61,136,53,151,52,157,10,2807,115
1771716027,79,82,69,86,85,73,78,84,78,99,3,216,46
1771716028,43,179,50,168,78,88,74,111,40,178,11,1211,129
1771716029,80,83,87,82,62,137,55,153,81,87,1,3131,23
1771716030,30,210,30,214,33,194,26,194,30,215,15,5368,168
1771716031,68,108,81,109,63,130,69,135,74,98,4,2447,64
1771716032,29,205,32,197,46,153,49,157,37,210,14,3533,151
1771716033,89,78,84,96,80,70,85,69,88,77,2,407,29
1771716034,27,194,30,190,71,132,66,132,30,208,14,2224,166
1771716035,79,94,84,91,75,84,81,72,74,92,2,473,20
1771716036,25,213,32,199,56,162,48,170,27,217,15,3567,181
1771716037,59,126,58,130,78,91,75,102,60,125,6,1084,74
1771716038,34,189,44,197,39,188,32,193,34,200,13,5061,149
1771716039,18,220,30,229,68,114,77,101,24,213,16,1384,189
1771716040,63,144,54,138,63,153,57,153,54,133,8,2912,100
1771716041,57,149,62,150,70,112,57,121,55,140,8,2158,98
1771716042,64,139,65,135,32,187,41,189,54,136,8,4997,90
1771716043,74,105,71,123,83,76,81,71,66,107,5,371,65
1771716044,43,171,43,155,77,87,82,98,50,167,10,735,125
1771716045,50,142,58,161,79,98,66,105,59,164,9,1417,112
1771716046,23,220,20,225,49,179,43,183,25,220,16,4371,192
1771716047,72,98,68,102,73,111,61,123,71,96,4,1862,48
1771716048,73,100,72,102,42,159,45,165,71,104,4,4011,43
1771716049,70,104,65,107,42,176,44,174,63,110,5,4400,70
1771716050,77,120,73,124,78,110,72,101,61,109,5,1329,66
1771716051,63,136,61,136,73,105,77,102,53,145,8,1422,87
1771716052,56,132,62,130,57,149,55,169,62,124,7,3621,82
1771716053,42,174,46,160,47,187,44,195,39,183,11,4604,132
1771716054,54,130,61,129,49,147,55,147,68,136,7,3400,94
1771716055,92,72,80,70,77,77,76,99,85,74,1,769,17
1771716056,81,92,83,87,50,177,39,175,83,90,3,4117,37
1771716057,36,193,40,189,59,133,62,131,43,175,12,2456,130
1771716058,27,218,35,208,59,133,62,141,24,213,15,2636,164
1771716059,81,78,82,85,67,107,80,109,88,80,1,1493,32
1771716060,40,173,36,170,60,141,55,139,33,185,12,2870,134
1771716061,30,207,33,190,42,188,40,205,34,194,14,5079,155
1771716062,42,179,34,188,72,94,67,105,44,173,12,1217,134
1771716063,43,167,38,160,83,93,72,86,49,178,11,1042,128
1771716064,61,133,70,131,78,79,77,89,60,115,6,717,68
1771716065,47,145,51,145,47,162,42,170,51,148,9,3705,112
1771716066,78,87,89,75,56,151,58,162,82,96,2,3567,43
1771716067,42,175,51,167,71,105,75,99,51,171,11,1288,133
1771716068,45,165,55,157,86,67,82,73,53,168,10,308,111
1771716069,89,71,81,78,55,169,44,154,89,76,1,3835,28
1771716070,80,108,69,108,79,82,80,74,77,107,4,642,62
1771716071,44,182,32,192,35,195,34,189,42,184,13,5089,145
1771716072,50,173,44,171,59,130,60,132,49,173,10,2537,122
1771716073,69,91,83,101,39,179,40,173,84,97,3,4148,41
1771716074,43,161,43,155,60,143,64,154,41,162,10,2929,130
1771716075,56,132,64,140,78,84,86,95,58,135,8,783,97
1771716076,43,192,45,175,82,91,83,90,34,189,12,672,135
1771716077,47,183,50,160,71,123,65,135,49,175,11,2226,130
1771716078,57,128,68,137,47,171,52,153,59,128,7,3696,89
1771716079,69,134,63,119,54,120,65,131,73,131,6,2403,79
1771716080,80,87,72,105,64,103,64,119,76,102,3,1726,36
1771716081,67,125,58,130,77,97,79,88,57,129,7,1094,75
1771716082,79,76,77,77,88,83,79,82,93,81,1,542,17
1771716083,68,120,58,120,54,154,58,158,62,114,6,3159,66
1771716084,51,155,56,152,72,137,69,114,52,145,9,2236,105
1771716085,35,198,35,191,72,135,71,133,32,211,14,2113,169
1771716086,79,111,76,93,46,193,49,181,73,94,4,4460,63
1771716087,53,135,64,147,57,135,62,122,51,155,8,2173,92
1771716088,48,182,47,171,70,102,81,90,50,168,11,1208,126
1771716089,43,188,48,180,49,144,50,155,37,176,12,3326,134
1771716090,56,164,41,151,66,135,56,143,50,170,10,2767,126
1771716091,47,163,48,153,76,96,78,88,56,170,10,1073,123
1771716092,38,193,35,193,36,206,34,203,44,181,12,5455,153
1771716093,44,171,47,174,74,125,72,133,41,179,12,2043,142
1771716094,49,169,45,166,61,144,50,152,48,164,11,3053,132
1771716095,42,180,41,191,66,112,69,117,36,189,12,1540,131
1771716096,80,86,70,91,43,163,46,161,77,105,3,3698,34
1771716097,71,99,75,96,40,206,26,201,77,111,4,5293,61
1771716098,37,162,39,175,55,162,54,155,52,165,11,3209,120
1771716099,58,124,58,138,47,169,47,171,67,134,7,3752,93
1771716100,82,92,83,91,29,203,39,183,76,88,2,4990,30
1771716101,87,65,81,81,64,128,62,129,78,66,1,1889,24
1771716102,91,70,86,66,48,193,43,182,85,71,1,4455,25
1771716103,79,84,80,66,66,119,68,115,86,77,1,1740,14
1771716104,84,99,84,86,74,95,80,97,72,97,3,882,44
1771716105,58,148,58,149,46,162,52,159,60,146,9,3638,104
1771716106,39,194,25,198,66,115,67,110,41,198,14,1398,158
1771716107,60,151,58,145,37,205,28,214,63,135,8,5514,108
1771716108,49,153,41,162,49,163,44,163,43,153,10,3498,130
1771716109,76,96,81,111,48,171,56,168,73,99,4,3626,48
1771716110,75,117,62,107,52,134,65,146,62,115,5,2761,52
1771716111,45,172,53,181,75,113,77,108,48,169,11,1317,135
1771716112,76,93,72,96,47,175,38,174,80,110,4,4526,49
1771716113,37,206,32,218,50,151,50,139,35,219,15,3257,177
1771716114,74,103,68,116,43,176,39,169,69,110,5,4423,73
1771716115,65,113,65,115,23,216,24,210,59,123,6,5682,70
1771716116,71,93,82,86,60,139,57,123,75,93,3,2407,31
1771716117,36,174,41,185,83,89,86,77,37,179,12,458,147
1771716118,47,163,58,143,55,144,57,153,51,141,9,3385,110
1771716119,22,209,31,216,38,169,47,178,24,205,15,4180,172
1771716120,39,184,43,194,41,172,38,169,31,182,13,4315,140
1771716121,82,78,81,71,43,178,37,177,85,75,1,4500,16
1771716122,58,113,69,116,63,105,77,109,65,133,6,1688,70
1771716123,38,187,39,188,76,95,72,111,41,178,12,1267,132
1771716124,76,83,75,95,33,206,34,191,83,80,2,5190,22
1771716125,49,191,40,187,36,200,38,178,48,171,12,4790,143
1771716126,70,106,72,102,37,181,36,191,77,95,3,4838,43
1771716127,41,164,50,150,69,118,66,121,56,162,10,1707,114
1771716128,82,80,83,95,87,74,89,96,77,76,2,573,24
1771716129,30,211,39,195,50,162,56,139,27,210,14,3223,160
1771716130,70,125,73,120,82,82,90,81,63,120,5,328,65
1771716131,74,111,77,96,66,126,61,109,69,109,4,1870,45
1771716132,75,93,68,96,63,102,66,122,71,107,4,1677,64
1771716133,27,217,17,228,77,71,77,69,29,223,16,296,188
1771716134,42,189,47,171,82,104,73,96,35,188,12,1071,135
1771716135,61,103,70,104,67,94,70,97,75,112,5,1208,60
1771716136,45,183,41,183,73,95,82,88,42,161,11,1120,119
1771716137,64,125,64,128,63,122,72,123,66,129,7,1685,93
1771716138,85,76,75,83,77,96,71,111,86,96,2,1417,22
1771716139,75,94,77,106,47,165,59,151,79,98,3,3354,43
1771716140,55,145,56,145,69,116,58,134,60,149,8,2085,85
1771716141,84,91,83,101,85,88,87,85,71,93,3,688,35
1771716142,39,170,48,178,66,112,79,93,44,185,12,1372,138
1771716143,35,174,45,187,27,207,33,216,44,177,12,5652,136
1771716144,45,160,50,176,39,209,34,204,51,173,11,5155,128
1771716145,85,82,74,82,76,90,77,100,86,96,2,1225,35
1771716146,63,126,55,123,46,146,54,141,63,141,7,3243,88
1771716147,71,102,65,125,73,105,65,127,70,115,5,1852,52
1771716148,64,120,73,125,41,183,36,185,72,104,5,4297,56
1771716149,58,125,60,142,88,90,84,89,54,138,7,506,78
1771716150,60,149,58,148,40,192,45,179,51,161,9,4486,101
1771716151,83,85,86,76,44,198,30,181,87,86,2,4844,27
1771716152,75,84,72,101,21,229,28,211,73,94,3,5980,33
1771716153,83,84,92,66,68,131,64,134,83,83,1,2548,14
1771716154,49,166,50,160,31,190,29,190,51,167,11,4916,129
1771716155,35,209,22,216,44,177,37,180,36,220,15,4583,186
1771716156,37,170,35,181,68,101,73,109,43,177,12,1136,138
1771716157,63,154,60,137,60,116,64,123,59,133,8,1932,106
1771716158,50,162,51,168,67,111,69,117,49,164,11,1707,122
1771716159,63,112,70,126,39,188,44,202,58,127,6,4872,81
1771716160,72,123,62,130,31,225,35,222,68,118,6,5739,78
1771716161,53,155,52,169,28,194,36,212,51,155,10,5247,116
1771716162,74,105,69,126,48,176,50,174,68,110,5,4313,74
1771716163,66,120,71,128,73,119,77,120,64,118,6,1532,82
1771716164,35,187,43,182,55,163,56,152,43,181,12,3569,148
1771716165,88,81,86,84,50,169,52,178,88,88,2,4046,31
1771716166,48,160,52,160,55,160,54,156,37,179,11,3597,122
1771716167,56,136,66,140,54,167,47,165,62,124,7,3406,86
1771716168,81,88,86,93,75,112,70,91,83,79,2,1234,29
1771716169,56,152,47,168,41,183,35,196,43,161,10,4653,114
1771716170,77,108,69,114,54,143,52,155,75,107,4,3297,44
1771716171,83,104,72,85,27,218,22,213,82,92,3,5812,51
1771716172,54,152,60,146,67,108,78,114,63,133,8,1672,85
1771716173,71,115,69,120,75,103,63,104,64,110,5,1779,69
1771716174,67,115,66,120,76,86,72,98,69,114,5,953,73
1771716175,56,126,65,131,27,202,25,203,60,135,7,5438,79
1771716176,40,160,45,174,49,178,45,156,42,180,11,3881,122
1771716177,30,195,35,198,56,121,64,132,31,187,13,2209,162
1771716178,61,123,57,136,60,128,66,125,67,142,7,1938,82
1771716179,73,116,72,95,25,217,24,219,68,100,4,5811,62
1771716180,50,143,57,139,56,155,48,153,49,142,8,3499,93
1771716181,31,205,32,209,79,87,73,74,40,192,14,585,151
1771716182,29,191,37,208,40,169,41,173,38,202,14,3769,152
1771716183,36,208,31,205,24,203,25,209,40,203,14,5474,171
1771716184,45,165,45,171,74,90,79,105,41,178,11,1202,126
1771716185,76,94,73,97,66,117,65,125,76,103,4,1886,59
1771716186,68,127,71,114,57,138,61,132,59,133,6,2754,73
1771716187,36,212,23,209,51,137,55,137,23,201,15,2716,175
1771716188,79,78,79,83,76,81,76,102,78,83,2,888,24
1771716189,79,95,71,84,34,193,41,177,73,85,3,4538,43
1771716190,47,152,53,171,55,154,47,160,45,155,10,3514,125
1771716191,29,228,28,212,42,172,52,177,28,212,16,4105,183
1771716192,36,209,35,212,66,101,76,112,34,200,14,1598,175
1771716193,57,143,58,148,73,109,69,104,53,149,9,1400,116
1771716194,59,128,69,112,47,166,44,168,73,132,6,4167,81
1771716195,60,134,67,135,84,92,85,94,71,128,6,931,69
1771716196,72,118,60,125,44,168,51,167,68,131,6,3618,71
1771716197,40,173,48,184,69,112,65,94,44,177,12,1405,136
1771716198,84,79,77,69,90,80,89,68,83,70,1,241,10
1771716199,48,176,34,192,34,192,42,204,37,186,12,4994,151
1771716200,82,86,81,88,55,136,65,140,76,87,3,2841,34
1771716201,60,129,68,138,25,215,19,218,60,131,7,5878,97
1771716202,42,193,35,194,52,145,53,141,43,200,13,2677,151
1771716203,46,147,61,143,81,91,86,77,55,160,9,645,110
1771716204,41,183,48,173,28,204,37,211,47,185,12,5219,148
1771716205,67,113,73,98,38,187,44,185,67,93,4,4800,53
1771716206,69,107,72,108,31,178,43,181,67,96,4,4678,53
1771716207,70,94,74,101,65,134,65,126,69,101,4,2575,48
1771716208,54,137,64,132,25,215,30,194,68,130,7,5420,78
1771716209,51,142,55,149,44,189,37,189,57,148,9,4501,103
1771716210,47,164,48,172,48,174,46,174,48,166,11,4064,138
1771716211,37,185,41,186,76,118,76,98,38,175,12,1503,150
1771716212,68,122,57,122,47,164,42,153,65,132,7,3641,77
1771716213,78,87,77,99,35,193,41,183,73,100,3,4900,31
1771716214,87,81,80,86,77,114,75,104,74,77,2,1351,39
1771716215,59,144,51,132,48,138,59,143,56,140,8,3120,88
1771716216,45,173,56,156,89,91,76,81,52,152,10,384,127
1771716217,54,162,54,163,73,85,75,96,61,156,9,664,97
1771716218,37,171,48,191,72,99,87,90,44,188,12,710,144
1771716219,21,209,18,220,71,110,82,90,27,218,16,1260,174
1771716220,40,197,38,180,52,151,47,151,41,196,13,3307,162
1771716221,64,113,61,125,62,152,57,157,61,129,6,3010,63
1771716222,84,70,82,77,29,194,37,200,91,87,1,5059,10
1771716223,79,113,72,99,61,142,61,144,71,105,4,3124,54
1771716224,29,194,27,212,39,172,49,166,29,206,14,4183,174
1771716225,37,180,41,174,68,107,73,87,42,183,11,1135,127
1771716226,76,105,76,93,76,119,67,121,77,114,4,1710,47
1771716227,77,107,79,111,61,146,63,155,80,110,4,2993,48
1771716228,57,159,49,163,32,202,33,197,52,164,9,4890,103
1771716229,38,180,33,185,61,132,53,148,33,195,13,2965,160
1771716230,49,132,55,146,49,155,54,166,58,140,8,3803,108
1771716231,65,114,65,106,57,135,57,132,75,117,5,2462,63
1771716232,60,164,61,141,80,77,76,78,59,161,9,698,108
1771716233,42,189,44,171,50,144,55,153,40,176,12,2868,151
1771716234,67,109,63,116,68,113,75,115,63,107,5,1513,69
1771716235,64,125,65,137,90,83,90,85,68,144,7,467,92
1771716236,86,87,84,85,41,193,38,190,78,77,2,4523,42
1771716237,68,122,72,121,68,95,75,92,58,125,6,1145,82
1771716238,81,92,78,86,61,115,63,137,73,89,3,2206,44
1771716239,43,179,31,185,74,103,62,110,38,201,13,1673,157
1771716240,84,104,75,92,34,193,47,186,78,99,3,4536,45
1771716241,92,85,87,81,33,214,33,210,84,81,1,5526,28
1771716242,80,93,74,87,58,144,54,140,81,89,3,3230,42
1771716243,50,150,57,163,55,168,48,157,46,163,9,3695,117
1771716244,62,123,61,115,77,90,71,94,72,118,6,1171,65
1771716245,55,141,59,153,88,77,79,91,48,152,9,424,106
1771716246,84,100,84,85,53,127,56,139,83,94,3,2616,53
1771716247,38,182,37,184,82,86,85,89,41,188,12,809,151
1771716248,68,132,58,127,36,200,40,184,57,115,6,4772,67
1771716249,36,190,48,190,67,103,69,94,45,169,12,1279,139
1771716250,63,133,64,125,62,123,70,120,58,127,7,2122,83
1771716251,80,83,77,83,63,130,59,125,76,96,2,2553,40
1771716252,49,137,52,151,62,127,64,130,56,144,8,2123,95
1771716253,82,83,82,73,62,123,74,123,86,67,1,1993,16
1771716254,90,65,88,85,86,80,81,72,89,76,1,372,12
1771716255,48,177,36,187,64,119,65,106,48,170,12,1522,141
1771716256,62,120,74,111,38,211,25,203,67,121,5,5306,69
1771716257,87,67,89,82,23,213,26,206,80,78,1,5909,15
1771716258,69,109,62,125,43,194,32,181,70,113,5,4920,64
1771716259,64,125,57,130,70,93,70,100,64,123,6,1087,65
1771716260,74,94,71,112,48,165,43,173,73,112,4,4212,59
1771716261,87,84,81,68,37,202,33,190,86,75,1,4831,20
1771716262,48,180,34,172,72,84,84,82,33,182,12,867,150
1771716263,39,181,44,160,47,184,40,171,39,184,11,4191,139
1771716264,80,102,84,91,36,178,45,194,79,94,3,4486,52
1771716265,38,174,41,193,79,67,84,67,33,186,12,280,144
1771716266,87,81,73,77,36,195,35,196,78,95,2,4780,41
1771716267,46,162,40,164,79,94,77,93,46,163,11,834,138
1771716268,32,179,33,184,39,171,37,162,44,194,13,4078,163
1771716269,34,191,31,192,45,167,45,172,35,188,13,4064,161
1771716270,80,102,78,94,62,130,59,120,82,99,3,2475,39
1771716271,40,173,53,182,53,150,48,162,43,164,11,3674,118
1771716272,81,73,77,88,71,132,60,116,83,82,2,2278,33
1771716273,29,210,35,216,39,178,41,174,34,199,15,3923,183
1771716274,54,136,54,123,70,102,67,108,62,145,7,1178,94
1771716275,41,192,39,189,59,150,58,140,44,171,12,3200,140
1771716276,68,110,78,92,48,160,53,160,69,100,4,3552,52
1771716277,36,184,48,188,76,83,81,87,46,175,12,907,149
1771716278,70,101,70,99,79,97,69,114,74,102,4,1287,47
1771716279,79,91,81,93,43,196,30,195,84,77,2,4940,43
1771716280,40,176,45,180,65,128,60,123,50,162,11,2564,121
1771716281,78,91,75,96,47,180,38,169,70,99,3,4027,38
1771716282,78,84,76,73,56,147,53,156,86,84,2,3132,25
1771716283,62,135,71,130,50,164,58,155,71,124,6,3486,64
1771716284,64,125,73,105,48,178,45,190,66,125,5,4493,63
1771716285,91,70,78,69,64,120,74,113,80,65,1,1841,19
1771716286,60,153,60,151,45,147,56,147,60,149,8,3428,104
1771716287,47,172,43,176,55,154,45,159,53,160,11,3678,130
1771716288,27,211,20,213,81,89,75,88,24,216,16,832,193
1771716289,32,218,28,200,57,164,43,152,32,201,15,3462,176
1771716290,56,132,56,148,35,211,33,216,51,150,8,5622,105
1771716291,82,82,84,76,51,155,54,167,78,95,2,3673,30
1771716292,32,190,35,198,31,204,23,210,32,205,14,5802,161
1771716293,67,103,73,108,79,101,74,92,62,104,5,1114,75
1771716294,74,93,70,93,46,173,41,188,75,109,4,4488,49
1771716295,64,120,73,119,91,87,84,91,62,124,5,383,67
1771716296,35,190,41,189,77,89,83,95,41,198,13,600,156
1771716297,64,128,60,140,45,165,45,163,63,123,7,3594,91
1771716298,58,142,58,139,52,151,57,143,54,150,8,2893,89
1771716299,68,136,62,129,23,214,22,223,56,145,7,5970,75
1771716300,76,106,69,106,33,201,31,193,78,94,3,4827,50
1771716301,38,183,32,198,74,104,74,100,41,189,13,1106,148
1771716302,81,85,77,82,65,132,64,138,85,80,2,2803,19
1771716303,40,181,38,189,63,104,72,110,36,184,13,1611,142
1771716304,63,125,63,137,59,149,56,142,68,122,7,2862,79
1771716305,52,153,64,138,60,123,61,126,54,152,8,2160,109
1771716306,62,151,63,152,69,104,78,96,53,148,8,1110,97
1771716307,68,142,62,138,32,210,34,201,63,145,7,5654,93
1771716308,39,192,43,180,60,156,55,156,46,172,12,3176,146
1771716309,50,165,39,175,64,119,61,120,38,181,11,2191,129
1771716310,43,188,35,176,59,126,69,123,37,178,12,2455,144
1771716311,61,147,51,138,64,100,69,109,55,146,8,1465,91
1771716312,39,184,36,178,38,178,47,180,35,190,12,4433,133
1771716313,69,105,74,90,57,160,55,149,73,89,3,3311,41
1771716314,91,81,83,64,41,177,48,191,87,86,1,4493,21
1771716315,37,175,45,186,44,181,33,185,43,175,12,4483,142
1771716316,43,182,34,184,79,78,86,77,33,197,13,721,159
1771716317,29,201,30,213,35,204,39,193,26,199,15,4970,177
1771716318,53,166,44,166,46,163,49,163,47,168,11,3937,131
1771716319,47,162,49,164,59,138,54,144,37,181,11,2729,134
1771716320,34,203,23,204,44,185,42,196,26,206,15,4612,167
1771716321,70,132,67,115,54,163,56,151,72,135,6,3445,85
1771716322,66,110,73,112,58,144,58,149,68,111,5,2708,60
1771716323,62,136,60,137,82,76,84,85,62,131,8,359,104
1771716324,50,135,61,153,83,104,74,108,58,154,8,1075,102
1771716325,43,165,45,159,74,93,77,94,56,153,10,685,117
1771716326,72,84,73,96,37,188,29,199,81,89,3,4902,32
1771716327,47,180,47,174,52,153,58,143,40,180,12,3159,147
1771716328,39,181,34,182,41,161,41,163,48,182,12,3700,148
1771716329,59,148,58,154,61,152,50,153,61,143,8,2934,100
1771716330,42,190,43,203,23,214,28,219,31,187,13,5682,158
1771716331,77,83,77,68,56,139,57,134,84,69,1,2606,24
1771716332,43,169,44,154,42,200,37,204,41,164,10,4925,115
1771716333,70,102,69,114,62,126,67,124,68,101,4,1852,50
1771716334,39,180,39,174,61,110,74,123,39,189,12,1908,132
1771716335,85,80,76,96,51,139,54,137,86,81,2,3135,38
1771716336,86,83,87,80,61,136,58,149,89,75,2,2739,26
1771716337,60,112,65,115,34,196,36,198,65,112,6,5309,78
1771716338,68,139,66,125,36,181,38,184,67,124,7,4448,96
1771716339,62,133,58,132,35,194,37,183,72,112,6,4852,63
1771716340,75,84,89,93,81,92,76,88,82,76,2,743,41
1771716341,45,178,51,164,84,88,70,85,41,163,11,989,128
1771716342,76,88,78,96,65,136,68,117,84,85,2,2253,29
1771716343,53,169,51,169,84,90,78,80,57,150,10,480,107
1771716344,63,135,64,118,39,194,33,205,64,129,6,4928,67
1771716345,60,147,54,143,49,180,40,162,50,139,8,3938,96
1771716346,31,215,24,232,74,98,81,113,18,229,16,1234,178
1771716347,77,100,75,96,73,112,64,126,79,105,4,1827,54
1771716348,86,91,75,95,62,132,73,116,83,93,2,2053,41
1771716349,61,138,50,148,77,105,67,109,60,136,8,1315,88
1771716350,75,86,76,97,60,135,59,122,73,91,3,2186,47
1771716351,39,166,42,175,52,168,43,164,45,172,11,3832,138
1771716352,55,168,53,171,84,84,81,88,56,151,10,776,111
1771716353,33,181,45,193,66,139,66,146,39,188,13,2584,150
1771716354,43,194,34,195,54,137,61,134,33,188,13,2459,145
1771716355,70,122,67,114,29,217,32,226,76,111,5,5799,66
1771716356,42,196,30,195,55,150,48,169,36,190,13,3655,158
1771716357,77,86,79,85,75,106,75,108,90,80,1,1680,31
1771716358,56,154,53,150,58,137,56,138,52,149,8,2858,105
1771716359,85,93,77,93,42,181,39,178,75,90,2,4609,28
1771716360,46,191,45,192,58,154,60,145,38,172,12,2960,147
1771716361,56,123,63,142,82,91,77,101,59,127,7,822,76
1771716362,45,187,33,199,45,180,32,196,33,183,13,4870,145
1771716363,51,138,64,151,68,131,62,112,57,141,8,1969,97
1771716364,53,167,57,169,59,165,49,151,45,159,10,3371,130
1771716365,42,172,48,193,33,193,35,182,44,182,12,4609,146
1771716366,78,103,72,106,29,191,39,202,66,116,4,4904,52
1771716367,88,79,77,94,78,95,74,86,73,87,2,735,35
1771716368,37,188,41,179,58,151,65,132,45,193,12,2907,147
1771716369,37,197,41,185,74,80,82,88,39,197,13,721,143
1771716370,34,207,29,219,47,153,48,145,24,206,15,3373,168
1771716371,62,129,65,112,71,89,73,103,67,135,6,868,76
1771716372,30,219,36,203,32,188,43,201,31,203,15,4853,176
1771716373,57,150,56,146,75,102,77,122,64,152,8,1654,88
1771716374,49,164,57,172,77,93,76,86,56,172,10,1016,120
1771716375,60,121,63,133,50,180,49,166,72,131,6,4220,75
1771716376,66,124,63,124,36,183,44,189,60,119,6,4812,73
1771716377,42,184,38,193,61,141,50,152,45,188,12,2833,136
1771716378,53,163,42,157,51,147,64,145,44,173,10,2769,120
1771716379,72,114,72,133,76,77,83,73,68,113,6,566,85
1771716380,33,175,46,189,36,202,37,194,49,193,12,5394,132
1771716381,48,177,51,167,56,159,41,169,52,175,11,3663,127
1771716382,69,92,76,93,47,165,37,167,77,95,4,4199,60
1771716383,32,225,28,215,59,134,62,137,22,229,16,2301,178
1771716384,37,210,23,204,45,188,37,184,34,203,15,4445,173
1771716385,53,155,44,158,40,189,49,175,50,173,10,4325,112
1771716386,61,126,63,129,59,143,62,130,65,122,7,2590,78
1771716387,64,124,67,115,30,184,32,190,72,120,6,4933,77
1771716388,41,180,38,179,67,118,69,118,42,190,13,2039,162
1771716389,65,146,57,152,51,141,59,157,56,152,8,3027,94
1771716390,76,90,70,92,91,70,85,72,83,103,3,371,40
1771716391,64,142,54,147,43,171,48,177,51,143,8,3836,103
1771716392,71,130,63,119,39,186,45,198,63,123,6,4690,84
1771716393,79,108,80,102,34,190,33,200,80,93,4,4719,57
1771716394,39,167,41,177,70,122,69,119,49,171,11,1820,119
1771716395,48,190,38,171,41,201,34,180,48,178,12,4817,144
1771716396,54,133,58,152,71,114,65,112,51,141,8,1635,96
1771716397,49,185,35,180,62,123,59,115,45,173,12,2243,146
1771716398,56,131,57,147,63,109,64,115,55,139,8,1689,101
1771716399,88,80,84,95,73,104,75,113,74,87,2,1814,23
1771716400,79,93,70,96,37,193,38,176,75,109,4,4463,65
1771716401,38,181,52,160,21,218,24,223,46,167,11,5929,124
1771716402,64,120,72,129,45,172,56,152,66,123,6,3677,79
1771716403,58,160,47,142,88,86,89,68,51,144,9,388,96
1771716404,51,171,48,171,19,225,20,226,54,153,10,5993,109
1771716405,36,187,39,184,36,202,36,201,36,189,12,5277,147
1771716406,77,67,80,66,45,184,35,171,86,86,1,4358,16
1771716407,79,94,74,93,60,139,67,130,82,100,3,2630,48
1771716408,43,189,34,188,84,77,81,97,44,170,12,694,138
1771716409,41,180,44,177,41,187,45,184,45,172,11,4862,132
1771716410,30,208,40,198,40,175,44,180,39,200,14,3981,172
1771716411,59,121,66,137,67,96,71,97,56,135,7,1423,82
1771716412,25,203,31,210,38,191,36,178,28,219,15,4700,185
1771716413,49,162,44,162,62,119,67,126,56,165,10,2126,121
1771716414,63,135,58,122,71,95,80,97,64,116,6,1249,85
1771716415,38,187,32,182,64,138,58,138,34,194,13,2991,160
1771716416,57,133,61,146,60,149,66,134,50,142,8,2767,96
1771716417,35,198,37,184,75,106,77,115,29,188,13,1372,152
1771716418,60,155,47,158,74,108,74,112,57,145,9,1741,116
1771716419,25,204,37,191,54,139,61,138,32,211,14,2625,169
1771716420,36,200,28,192,74,117,66,111,40,192,14,1820,168
1771716421,43,168,50,160,59,151,50,147,42,173,11,2853,121
1771716422,41,192,37,187,75,102,76,97,49,177,12,1037,142
1771716423,66,141,60,124,34,191,39,177,68,127,7,4690,94
1771716424,92,86,79,71,31,202,29,190,83,78,1,5276,25
1771716425,76,87,73,90,43,184,32,193,82,82,2,4873,41
1771716426,69,106,64,116,49,143,50,140,66,110,5,3266,66
1771716427,48,141,58,158,69,123,73,121,59,145,9,1876,117
1771716428,66,133,61,124,60,118,66,127,62,117,6,2082,80
1771716429,68,133,63,140,64,99,63,98,64,144,7,1553,75
1771716430,32,206,40,191,67,143,57,132,31,204,14,2685,167
1771716431,79,74,92,87,62,148,64,146,92,66,1,2674,30
1771716432,80,94,84,79,25,207,28,200,73,86,2,5280,28
1771716433,24,199,35,214,53,165,45,154,36,219,15,3578,178
1771716434,78,116,66,106,50,174,50,173,79,105,4,3869,48
1771716435,34,198,39,206,47,170,46,169,34,196,14,4070,175
1771716436,80,92,84,84,50,180,42,177,73,86,3,4251,46
1771716437,67,124,70,115,78,98,76,95,70,115,6,1388,73
1771716438,19,208,32,224,44,177,35,187,20,213,16,4456,192
1771716439,57,129,60,139,51,163,58,148,55,136,7,3417,74
1771716440,47,142,60,146,44,167,48,165,51,160,9,4256,97
1771716441,70,93,71,105,81,86,77,85,80,83,3,784,45
1771716442,48,183,45,168,86,90,86,82,41,171,11,543,132
1771716443,43,183,49,162,79,89,85,71,41,162,11,423,127
1771716444,46,163,52,161,85,84,85,71,51,152,10,481,119
1771716445,35,201,39,180,37,200,34,183,38,196,13,4828,147
1771716446,76,84,73,91,83,80,73,87,86,94,2,829,35
1771716447,67,95,77,115,73,104,67,99,74,103,4,1151,58
1771716448,77,86,80,74,80,79,89,92,77,95,2,474,40
1771716449,80,93,85,91,38,192,32,201,73,84,3,5182,36
1771716450,69,84,82,85,44,164,46,165,80,96,3,3400,51
1771716451,73,94,71,107,39,164,45,182,74,111,4,4118,43
1771716452,83,83,83,95,68,115,61,123,86,82,2,2223,24
1771716453,69,114,67,130,70,113,68,116,71,127,6,2040,82
1771716454,78,84,79,78,37,197,44,185,83,72,1,4801,21
1771716455,69,111,75,118,47,175,46,170,72,124,5,4049,54
1771716456,61,118,61,118,86,98,81,84,65,119,6,715,70
1771716457,49,151,56,159,66,127,64,129,59,144,9,2481,109
1771716458,32,196,43,194,46,174,43,181,32,198,13,4460,146
1771716459,70,105,71,108,54,157,41,179,76,121,5,3960,74
1771716460,53,150,49,164,55,130,59,123,55,152,9,2469,99
1771716461,81,76,81,82,31,203,37,182,92,79,1,4943,16
1771716462,65,117,70,108,59,126,62,118,70,122,5,2171,71
1771716463,80,94,77,115,77,87,79,78,69,104,4,342,45
1771716464,69,99,74,106,78,66,88,74,71,97,4,225,59
1771716465,50,157,55,162,80,80,85,88,54,163,10,388,122
1771716466,36,179,36,178,36,206,35,220,37,186,12,5573,145
1771716467,48,160,46,168,46,166,46,164,37,170,11,3904,124
1771716468,65,116,69,114,69,99,66,114,64,103,5,1580,56
1771716469,53,146,47,144,31,192,30,184,52,161,9,4962,117
1771716470,46,161,48,154,72,101,74,105,41,173,10,1641,126
1771716471,41,183,44,185,58,151,46,151,29,200,13,3222,141
1771716472,81,78,83,82,77,107,68,105,84,74,1,1283,10
1771716473,77,94,81,96,27,217,28,220,81,104,3,5743,44
1771716474,68,125,67,124,49,190,34,192,54,123,7,4488,83
1771716475,89,68,89,81,72,107,73,113,84,77,1,1827,11
1771716476,56,142,63,142,58,166,58,152,56,132,8,3470,86
1771716477,54,128,66,134,54,153,46,159,54,145,7,3750,86
1771716478,37,170,36,182,42,189,39,185,33,179,12,4800,130
1771716479,80,85,84,86,52,167,49,171,85,85,2,4193,36
1771716480,49,164,47,166,65,95,72,97,41,161,11,1364,137
1771716481,69,126,69,125,68,121,70,119,54,138,7,2290,90
1771716482,31,222,35,221,62,153,53,149,25,212,15,3007,175
1771716483,46,188,37,189,68,127,69,144,40,176,12,2485,130
1771716484,42,192,43,184,70,87,77,94,44,190,13,1072,158
1771716485,60,123,72,113,63,132,59,124,62,133,6,2186,64
1771716486,87,84,88,87,40,177,38,166,79,93,2,4185,27
1771716487,86,73,82,84,41,198,44,182,74,96,2,4968,23
1771716488,68,113,60,119,48,137,47,158,59,135,6,3126,82
1771716489,59,143,62,137,27,208,34,195,50,145,8,5396,100
1771716490,88,80,90,72,60,142,61,138,85,70,1,2974,32
1771716491,59,115,58,125,45,161,39,176,59,114,6,3978,80
1771716492,35,185,48,183,46,158,43,151,42,192,12,3557,134
1771716493,39,189,40,193,63,134,68,132,46,190,12,2265,145
1771716494,29,198,44,189,64,122,65,115,37,203,13,1707,163
1771716495,45,184,44,189,81,91,82,76,39,169,12,514,137
1771716496,41,191,49,184,69,138,61,136,43,180,12,2440,142
1771716497,34,189,39,198,68,143,63,127,37,200,13,2530,148
1771716498,62,147,58,140,77,91,78,71,49,136,8,517,86
1771716499,40,189,39,206,43,191,39,189,37,208,14,4677,164
1771716500,44,188,41,183,31,198,28,202,39,179,13,5280,142
1771716501,44,179,47,174,67,130,61,136,36,172,12,2594,131
1771716502,88,74,85,91,89,72,85,84,77,77,2,227,32
1771716503,62,139,50,135,57,120,68,139,62,144,8,2479,104
1771716504,36,189,42,181,48,154,61,143,48,184,12,3002,148
1771716505,63,133,62,138,74,124,73,115,69,139,7,1757,85
1771716506,58,116,66,112,79,90,74,79,68,120,6,543,74
1771716507,85,87,81,86,31,197,42,193,82,91,2,4799,25
1771716508,54,128,68,124,70,93,75,87,57,130,7,1073,87
1771716509,25,212,30,206,52,167,48,149,39,211,14,3533,157
1771716510,82,75,74,80,74,108,70,129,85,91,2,1939,40
1771716511,59,158,46,162,73,85,70,106,52,156,9,1022,110
1771716512,27,201,24,221,27,201,36,213,35,204,15,5539,164
1771716513,52,154,63,143,75,95,79,108,65,131,8,1237,90
1771716514,80,76,83,73,49,149,58,146,86,85,1,3382,18
1771716515,55,135,53,134,29,200,29,185,52,146,8,5034,109
1771716516,35,175,48,183,34,199,23,203,43,187,12,5608,132
1771716517,34,189,40,195,56,143,51,159,36,184,13,3220,161
1771716518,56,137,56,134,66,132,57,122,62,151,8,2443,92
1771716519,77,101,70,93,79,87,89,89,74,88,3,312,36
1771716520,61,146,55,154,78,73,81,73,58,146,8,340,87
1771716521,45,154,59,146,55,162,52,160,50,160,9,3507,115
1771716522,69,105,74,99,32,176,34,179,78,96,3,4528,48
1771716523,39,195,44,193,70,125,65,124,35,188,13,1834,149
1771716524,52,154,56,143,72,115,64,134,59,146,9,2064,98
1771716525,49,145,51,141,67,98,75,102,45,154,9,1311,101
1771716526,78,111,74,107,80,95,80,99,77,93,4,966,41
1771716527,67,104,69,106,64,149,58,135,65,109,4,2909,59
1771716528,44,170,45,151,27,199,25,203,44,170,10,5363,122
1771716529,42,189,40,199,54,125,54,145,32,188,13,2654,150
1771716530,36,189,40,183,78,107,78,109,40,196,13,1459,163
1771716531,70,126,68,117,77,106,69,110,64,115,6,1489,85
1771716532,83,76,92,84,66,129,63,146,79,80,1,2621,11
1771716533,38,164,51,179,79,104,67,104,41,161,11,1307,120
1771716534,82,93,74,84,62,148,50,135,86,76,2,2920,30
1771716535,44,176,53,168,50,145,50,148,38,160,11,2836,119
1771716536,30,196,37,198,38,184,37,206,36,200,13,4999,141
1771716537,70,123,62,118,70,103,76,93,60,124,6,1143,76
1771716538,77,101,74,94,53,123,63,143,77,94,3,2567,39
1771716539,77,76,79,76,41,192,39,170,80,92,2,4426,26
1771716540,50,151,49,160,83,83,79,96,45,164,10,543,126
1771716541,46,160,60,161,86,98,83,82,49,153,9,728,114
1771716542,45,182,45,169,38,166,39,162,49,172,11,4080,135
1771716543,70,118,73,111,40,187,39,187,64,107,5,4473,65
1771716544,62,123,74,109,61,133,68,135,77,111,5,2263,53
1771716545,70,108,70,115,47,148,52,145,80,93,4,3223,48
1771716546,57,158,51,154,91,76,91,79,53,145,9,384,116
1771716547,41,196,28,194,31,194,38,202,41,208,14,4917,154
1771716548,30,196,36,190,69,107,72,86,43,182,13,1037,156
1771716549,85,83,76,83,62,147,58,152,70,84,3,2846,54
1771716550,29,221,17,230,43,190,36,186,20,209,16,4726,186
1771716551,56,148,55,152,66,136,71,135,57,160,9,2202,117
1771716552,55,122,58,123,60,141,56,139,55,134,7,3032,84
1771716553,80,83,80,68,46,153,48,148,87,67,1,3536,14
1771716554,32,207,38,204,39,182,39,192,37,197,14,4591,152
1771716555,85,73,74,77,44,160,55,152,89,85,2,3694,40
1771716556,34,197,31,183,77,97,79,82,32,201,13,795,154
1771716557,59,134,52,143,30,184,44,178,53,149,8,4798,98
1771716558,73,108,74,113,61,121,68,113,67,93,4,2144,57
1771716559,41,193,42,171,43,198,36,187,38,183,12,4897,148
1771716560,53,164,47,169,51,164,53,165,46,163,10,3646,131
1771716561,58,154,55,154,36,191,46,186,47,154,9,4584,115
1771716562,72,101,82,89,74,99,83,95,71,106,3,1087,47
1771716563,56,141,63,146,76,111,71,102,52,136,8,1164,93
1771716564,59,133,69,131,47,193,47,172,73,131,6,4461,66
1771716565,50,170,43,164,81,76,87,78,47,166,10,445,116
1771716566,73,84,80,89,62,120,68,131,84,76,2,1974,37
1771716567,74,98,78,99,44,145,59,156,73,107,4,3465,46
1771716568,32,217,33,211,47,145,47,158,33,217,16,3400,193
1771716569,83,64,87,65,40,183,35,186,87,65,1,4935,23
1771716570,51,151,47,165,49,162,48,149,45,171,10,3568,130
1771716571,44,184,39,183,54,167,57,169,34,190,12,3572,153
1771716572,41,172,52,156,31,194,26,214,57,155,10,5339,116
1771716573,67,105,66,92,46,148,53,145,79,114,4,3487,44
1771716574,67,104,74,100,51,144,55,134,67,97,4,2803,42
1771716575,55,157,42,170,66,103,76,112,48,157,10,1353,117
1771716576,80,86,72,83,43,185,43,170,72,85,3,4293,45
1771716577,58,141,66,137,45,180,44,181,60,139,7,4673,77
1771716578,52,148,54,151,61,141,60,138,57,152,9,2808,118
1771716579,35,210,35,211,43,164,49,149,34,219,15,3498,178
1771716580,76,94,71,113,58,141,51,137,71,111,4,2886,55
1771716581,46,154,50,150,63,113,75,105,52,155,9,1627,106
1771716582,76,105,76,122,87,72,89,77,74,125,5,332,69
1771716583,71,109,71,122,53,125,58,138,71,115,5,2590,64
1771716584,30,201,33,192,48,177,43,176,36,190,13,3815,151
1771716585,85,89,80,87,85,90,79,88,81,86,2,720,39
1771716586,72,106,70,98,34,186,38,187,74,95,3,4925,31
1771716587,89,72,89,71,57,141,61,141,84,64,1,3152,26
1771716588,67,116,64,110,43,185,35,183,74,109,5,4489,66
1771716589,67,126,68,143,61,110,69,116,68,129,7,2020,87
1771716590,55,154,52,153,53,148,59,136,53,147,8,3012,106
1771716591,79,73,83,85,53,143,49,155,88,95,2,3404,35
1771716592,75,95,76,104,25,205,31,195,74,114,4,5427,54
1771716593,42,159,47,152,87,76,77,75,46,153,10,508,122
1771716594,55,140,60,129,48,174,46,190,53,136,7,4496,81
1771716595,76,82,81,97,31,211,35,214,84,85,2,5524,19
1771716596,74,110,71,113,47,189,39,194,80,105,4,4515,62
1771716597,62,128,67,124,55,177,43,170,64,133,7,3884,92
1771716598,70,132,62,123,52,130,61,152,62,126,6,2799,64
1771716599,79,70,87,77,77,87,87,96,91,65,1,551,11
1771716600,62,123,65,127,40,185,34,191,64,129,6,4811,78
1771716601,43,173,52,172,48,181,40,173,48,172,10,4219,125
1771716602,60,147,60,142,74,117,64,101,48,160,9,1573,116
1771716603,51,165,42,168,83,76,80,78,55,162,10,258,115
1771716604,40,195,32,183,37,193,42,176,35,190,13,4449,143
1771716605,43,152,54,171,60,135,51,131,53,159,10,2865,128
1771716606,74,89,76,92,73,122,77,121,85,95,2,1638,27
1771716607,53,171,56,168,68,122,63,120,54,166,10,1953,113
1771716608,50,180,46,167,58,130,64,131,52,166,11,2203,130
1771716609,62,127,57,140,87,71,82,87,65,136,7,360,95
1771716610,70,84,73,104,48,156,48,175,76,95,3,3805,38
1771716611,49,144,58,158,39,188,47,182,47,159,9,4451,100
1771716612,71,124,75,114,41,168,47,180,69,115,5,4205,61
1771716613,75,84,82,100,35,179,37,195,85,101,3,4582,45
1771716614,36,187,43,202,83,88,80,101,43,193,13,1096,144
1771716615,42,155,45,171,88,90,84,92,49,151,10,396,109
1771716616,51,132,51,134,38,201,34,195,52,134,8,5035,101
1771716617,19,217,19,230,70,85,75,99,18,223,16,931,186
1771716618,66,106,72,100,66,128,72,125,74,108,4,1953,43
1771716619,66,121,72,117,70,97,85,85,63,110,5,938,59
1771716620,57,158,47,169,46,160,57,152,54,168,10,3204,115
1771716621,53,155,48,153,84,79,82,85,44,172,10,339,110
1771716622,61,125,76,112,67,107,65,109,67,106,5,1479,53
1771716623,80,76,87,85,80,90,78,89,88,75,2,383,34
1771716624,27,203,40,198,38,190,42,188,33,211,14,4920,153
1771716625,43,170,40,166,61,140,54,137,45,162,11,3051,131
1771716626,30,180,44,198,73,106,68,92,38,181,13,1204,152
1771716627,52,144,45,158,29,201,22,208,61,157,9,5550,102
1771716628,78,99,81,115,79,76,76,73,73,97,4,591,51
1771716629,52,151,49,141,42,171,53,159,47,140,9,3860,106
1771716630,63,141,51,139,42,173,40,154,50,136,8,3783,91
1771716631,83,73,74,75,56,153,50,149,80,84,2,2906,25
1771716632,42,193,40,196,76,93,83,84,40,193,13,756,144
1771716633,51,164,49,172,60,129,53,135,54,163,10,2638,118
1771716634,65,123,68,144,45,189,39,183,55,133,7,4759,94
1771716635,64,135,62,143,34,186,48,173,69,132,7,4422,84
1771716636,44,172,50,173,60,111,69,108,40,162,11,1955,137
1771716637,88,92,77,89,40,196,43,186,85,86,2,4670,23
1771716638,29,212,26,214,33,186,38,179,21,218,15,4603,175
1771716639,81,90,77,96,62,149,48,137,89,82,2,3116,32
1771716640,70,116,60,125,81,98,84,94,62,121,6,967,75
1771716641,70,114,68,120,56,161,51,156,70,126,5,3669,66
1771716642,86,83,79,74,72,88,84,98,87,88,2,924,32
1771716643,62,142,64,136,52,179,49,164,56,136,7,3970,89
1771716644,65,103,70,94,42,154,56,159,65,105,4,3716,59
1771716645,55,133,62,140,39,187,41,196,57,134,7,4678,77
1771716646,56,144,56,146,36,191,42,189,50,138,8,4518,102
1771716647,45,200,40,182,77,105,79,97,32,196,13,1537,146
1771716648,88,81,88,91,85,78,86,88,81,79,2,379,36
1771716649,43,190,41,201,51,162,52,159,44,181,13,3493,153
1771716650,31,219,26,210,85,87,89,84,18,215,16,223,188
1771716651,46,174,46,179,61,132,62,140,41,183,11,2371,127
1771716652,89,92,74,76,58,137,67,140,75,87,2,2339,25
1771716653,34,171,44,171,39,203,30,191,46,182,12,5032,139
1771716654,73,91,70,94,28,215,19,220,70,97,3,5986,44
1771716655,72,108,75,122,52,148,52,144,71,112,5,3272,72
1771716656,65,122,66,112,58,161,49,150,64,134,6,3183,78
1771716657,69,102,71,95,51,146,47,154,75,110,4,3227,55
1771716658,80,67,80,70,27,221,32,211,92,82,1,5671,18
1771716659,43,154,52,152,37,202,37,192,47,173,10,4856,116
1771716660,26,232,25,220,21,216,33,211,26,213,16,5771,195
1771716661,45,189,33,183,77,113,66,103,42,181,13,1305,145
1771716662,55,145,55,149,56,166,46,157,50,144,8,3723,97
1771716663,81,94,79,91,68,121,62,119,88,74,2,2105,35
1771716664,71,105,71,99,80,96,86,95,76,101,3,828,45
1771716665,85,78,78,88,44,165,52,154,85,84,2,3461,23
1771716666,31,200,35,213,77,73,86,66,27,204,15,303,177
1771716667,73,95,75,98,31,195,45,194,79,113,4,4667,59
1771716668,41,176,47,190,44,175,55,159,39,173,12,3808,139
1771716669,76,103,75,103,57,153,61,154,78,95,4,3162,49
1771716670,88,85,77,86,48,180,47,175,79,88,2,3939,40
1771716671,49,167,54,153,27,200,36,215,54,166,10,5444,131
1771716672,57,143,66,137,66,112,64,122,62,125,7,1633,98
1771716673,64,144,65,143,35,208,29,189,57,132,8,5121,105
1771716674,29,196,35,189,85,79,88,77,31,201,13,217,159
1771716675,54,128,59,140,34,188,45,191,58,143,7,4687,89
1771716676,21,227,29,221,43,185,41,178,19,216,16,4153,175
1771716677,48,169,46,176,49,166,48,167,38,187,12,3511,130
1771716678,38,160,47,182,56,138,70,123,42,162,11,2400,125
1771716679,55,162,54,159,43,163,55,155,53,153,9,3467,109
1771716680,78,92,75,93,36,193,43,193,69,88,3,4848,41
1771716681,43,169,46,164,78,87,82,84,44,162,11,795,119
1771716682,28,221,29,212,51,138,60,155,35,207,15,3136,186
1771716683,75,95,85,85,39,175,46,167,77,89,3,3976,34
1771716684,19,210,28,218,33,190,38,188,19,214,16,4717,175
1771716685,29,192,38,197,59,146,58,141,30,200,14,3201,171
1771716686,68,112,69,113,91,73,92,74,63,134,6,200,68
1771716687,52,144,54,148,36,179,49,186,62,131,8,4321,89
1771716688,35,179,39,192,75,93,70,90,48,188,12,938,142
1771716689,83,63,80,74,28,215,24,225,90,87,1,5976,10
1771716690,31,180,36,198,29,191,43,200,38,195,13,4865,156
1771716691,52,167,45,166,36,191,33,199,54,163,10,4802,115
1771716692,68,119,76,121,75,106,80,89,69,105,5,1146,74
1771716693,74,81,82,87,30,202,38,214,77,77,2,5480,36
1771716694,50,162,52,142,63,130,64,127,59,164,9,2182,101
1771716695,69,115,76,109,44,189,45,184,65,124,5,4639,55
1771716696,40,206,31,199,35,205,29,218,30,191,14,5709,151
1771716697,27,201,36,206,64,132,51,132,36,203,14,2858,170
1771716698,75,92,84,83,78,82,82,82,79,89,2,356,41
1771716699,72,126,75,118,83,102,76,103,64,123,5,881,52
1771716700,30,182,32,196,88,89,84,80,32,200,13,615,155
1771716701,92,75,89,80,82,94,85,86,91,74,1,559,17
1771716702,30,203,34,195,83,81,86,79,32,186,13,738,147
1771716703,78,78,93,70,51,153,44,166,78,70,1,3709,29
1771716704,75,100,84,99,53,137,53,148,74,83,3,3142,53
1771716705,48,191,42,171,45,169,55,175,39,180,12,3710,141
1771716706,80,96,74,96,62,108,66,117,84,91,3,1984,50
1771716707,67,131,58,116,40,191,28,199,63,117,6,5129,67
1771716708,40,183,42,186,40,181,29,202,43,181,13,4891,150
1771716709,66,121,61,112,37,184,44,189,71,114,6,4631,63
1771716710,62,132,66,130,47,161,41,174,66,119,6,3939,82
1771716711,60,140,56,121,30,195,28,214,64,132,7,5292,95
1771716712,71,102,82,88,23,218,23,216,81,82,3,5711,45
1771716713,86,85,88,90,39,189,41,175,84,86,2,4496,28
1771716714,82,84,89,77,59,144,62,146,84,82,2,2763,41
1771716715,30,202,39,183,61,119,64,128,44,191,13,1969,161
1771716716,48,142,54,155,50,166,47,164,54,155,9,4105,102
1771716717,61,153,63,149,74,120,70,123,50,154,8,1931,101
1771716718,43,193,37,186,31,190,34,202,35,190,12,4873,146
1771716719,39,207,33,199,80,72,89,73,39,198,14,539,168
1771716720,55,145,59,136,57,160,48,152,61,147,8,3115,105
1771716721,87,74,88,87,60,141,49,164,88,78,2,3297,32
1771716722,43,152,55,173,64,106,77,119,48,150,10,1528,117
1771716723,59,138,68,123,79,79,78,90,61,130,7,532,80
1771716724,65,147,59,135,44,159,50,154,53,141,8,3407,88
1771716725,70,106,73,101,79,110,76,95,80,104,3,1162,46
1771716726,26,220,33,231,89,75,78,78,27,226,16,521,193
1771716727,21,213,22,214,61,164,60,145,19,231,16,3315,182
1771716728,21,213,30,227,70,134,65,123,21,210,16,2211,182
1771716729,72,125,61,119,58,162,48,161,64,125,6,3398,85
1771716730,72,106,81,99,69,121,70,122,71,109,4,2165,63
1771716731,69,99,69,90,61,151,59,143,82,97,3,3230,40
1771716732,35,186,36,182,42,188,32,200,44,179,13,4916,154
1771716733,30,195,33,192,55,132,55,140,32,198,13,2542,161
1771716734,36,195,36,182,18,222,29,219,44,201,13,5960,153
1771716735,70,100,76,104,70,107,77,105,78,90,3,1185,34
1771716736,49,157,59,152,70,137,70,132,47,145,9,2327,113
1771716737,61,122,64,125,68,104,66,115,63,119,6,1409,78
1771716738,40,190,40,197,41,154,42,174,35,204,14,3798,155
1771716739,72,124,63,102,49,161,52,176,66,125,5,3993,65
1771716740,88,77,76,88,75,101,75,111,79,76,2,1547,23
1771716741,51,140,59,151,62,137,50,150,63,147,8,3017,105
1771716742,51,154,46,170,45,175,38,173,52,170,10,4477,117
1771716743,31,210,34,200,45,182,49,179,33,198,14,4046,171
1771716744,79,73,83,83,33,217,28,226,90,76,1,5806,25
1771716745,64,149,58,137,47,158,42,176,55,135,8,3761,108
1771716746,84,95,79,100,69,120,77,110,74,106,3,1522,47
1771716747,40,183,43,169,77,106,72,122,50,174,11,1708,124
1771716748,30,195,38,186,58,119,64,121,40,191,13,2204,161
1771716749,34,179,40,184,30,197,40,184,35,189,13,4801,160
1771716750,69,130,58,119,65,143,56,138,66,131,6,2770,80
1771716751,22,215,26,224,64,147,55,145,26,217,16,3003,192
1771716752,37,180,36,170,77,84,77,74,43,185,12,348,152
1771716753,36,193,36,180,44,156,57,151,44,190,13,3505,159
1771716754,80,83,84,99,52,156,50,163,84,95,3,3389,52
1771716755,40,174,47,169,59,144,60,134,42,160,11,2729,124
1771716756,75,83,75,102,81,96,76,77,73,89,3,767,31
1771716757,50,156,52,150,66,147,52,145,54,155,9,2708,105
1771716758,47,170,40,178,56,133,71,129,44,181,12,2304,144
1771716759,59,134,60,136,27,224,20,215,52,147,8,5958,89
1771716760,58,145,67,136,50,164,46,160,68,136,7,3694,96
1771716761,65,142,68,128,62,150,54,134,57,138,7,2906,88
1771716762,78,115,69,106,61,122,57,131,70,106,4,2186,61
1771716763,78,94,71,100,82,92,83,94,81,88,3,591,44
1771716764,88,97,85,83,82,102,76,91,74,77,2,1048,39
1771716765,67,113,70,122,43,154,49,155,63,108,5,3581,74
1771716766,54,153,53,159,84,85,86,95,43,153,10,647,120
1771716767,75,112,80,105,63,147,64,138,72,111,4,2963,50
1771716768,67,104,65,115,48,149,57,148,67,123,5,3448,68
1771716769,70,98,68,95,50,167,50,173,70,108,4,3947,57
1771716770,54,162,60,148,88,79,84,71,56,144,9,467,117
1771716771,44,167,44,164,41,166,44,182,38,165,11,4191,127
1771716772,36,187,36,187,56,125,62,124,43,201,13,2496,159
1771716773,42,172,36,170,50,156,55,148,33,174,12,3487,151
1771716774,64,122,69,126,80,83,79,81,63,131,6,287,68
1771716775,38,185,37,185,43,185,30,189,32,196,13,4965,142
1771716776,42,167,56,166,82,77,90,76,43,151,10,334,127
1771716777,58,152,55,152,78,104,83,88,58,150,9,1032,102
1771716778,51,170,50,171,46,177,37,174,39,172,11,4597,141
1771716779,62,117,65,129,42,183,44,174,72,123,6,4572,67
1771716780,81,96,74,89,80,105,68,109,89,86,2,1176,42
1771716781,38,170,43,175,51,177,47,167,35,172,12,4170,137
1771716782,32,182,37,188,35,187,33,190,33,184,13,5008,143
1771716783,62,137,67,126,66,136,58,123,56,139,7,2335,81
1771716784,85,77,92,63,33,178,44,188,84,82,1,4448,24
1771716785,33,204,39,198,54,169,44,160,35,194,14,3871,155
1771716786,52,139,51,141,64,117,65,114,63,139,8,1596,99
1771716787,70,105,84,101,72,105,78,97,72,86,3,1158,40
1771716788,36,184,38,188,44,163,52,147,36,180,12,3547,145
1771716789,69,105,79,93,72,105,69,100,74,112,4,1076,45
1771716790,81,95,84,85,52,149,53,149,75,86,3,3248,51
1771716791,21,221,23,232,33,196,29,208,29,228,16,5469,185
1771716792,53,138,54,148,51,171,41,179,55,140,8,4135,99
1771716793,67,95,80,111,62,116,62,104,68,97,4,1676,47
1771716794,88,95,82,93,50,173,49,172,87,75,2,4178,34
1771716795,63,106,72,104,46,181,33,187,70,103,5,4515,56
1771716796,45,182,36,179,70,111,63,109,47,169,12,1811,142
1771716797,42,173,40,189,34,198,29,209,36,188,12,5527,139
1771716798,43,183,38,200,71,129,70,118,43,191,13,2199,160
1771716799,43,191,48,191,25,206,26,208,45,188,12,5488,152
1771716800,46,174,37,184,42,190,40,171,35,182,12,4343,147
1771716801,84,91,88,73,56,145,56,145,88,84,2,2865,28
1771716802,85,84,90,69,41,196,33,195,78,66,1,4609,25
1771716803,51,163,46,166,48,192,34,182,44,166,10,4568,116
1771716804,63,129,66,124,71,112,78,106,60,128,7,1599,79
1771716805,65,139,67,135,86,68,86,75,63,132,7,273,98
1771716806,37,192,38,193,47,153,53,158,34,195,13,3446,150
1771716807,31,211,24,215,40,176,44,186,24,231,16,4329,176
1771716808,33,187,42,183,89,77,77,89,39,198,13,429,164
1771716809,75,89,79,84,82,77,82,89,82,87,3,520,30
1771716810,46,157,54,163,78,92,89,85,51,168,10,537,117
1771716811,90,85,78,68,51,164,49,175,88,80,1,3862,22
1771716812,83,65,81,77,57,158,51,147,90,86,1,3128,10
1771716813,41,173,47,189,70,96,78,88,33,184,12,1169,136
1771716814,67,108,66,112,88,76,88,81,75,111,5,554,71
1771716815,71,115,72,130,42,153,44,175,60,132,6,3773,79
1771716816,34,201,34,186,22,214,22,224,42,188,13,5821,160
1771716817,73,118,69,117,42,184,40,192,60,131,6,4967,79
1771716818,77,91,75,96,41,175,49,175,81,83,2,4069,32
1771716819,60,127,60,132,64,101,71,110,59,132,6,1600,78
1771716820,85,78,83,77,77,79,78,79,81,74,1,627,27
1771716821,47,159,52,149,61,128,57,145,50,160,9,2623,101
1771716822,53,134,52,133,78,85,89,93,62,147,8,448,95
1771716823,34,212,27,203,67,112,65,115,30,203,15,1634,170
1771716824,46,174,38,175,50,142,63,138,46,188,12,2876,145
1771716825,62,113,73,124,50,188,39,184,70,111,5,4267,55
1771716826,65,123,62,116,41,152,50,159,70,102,5,3722,57
1771716827,32,196,38,189,51,140,53,155,37,201,13,2988,159
1771716828,38,190,38,200,43,174,44,169,42,200,13,3950,163
1771716829,42,168,48,163,36,187,29,198,52,166,10,5093,112
1771716830,49,139,58,138,51,177,51,163,64,153,8,3985,97
1771716831,47,145,48,141,40,183,45,184,53,149,9,4487,111
1771716832,54,162,45,159,36,209,36,215,56,161,9,5489,107
1771716833,71,134,66,117,43,185,38,196,70,113,6,4789,81
1771716834,36,185,33,187,32,195,38,207,35,175,12,5452,149
1771716835,67,108,68,115,59,130,58,130,72,110,5,2781,59
1771716836,32,181,34,196,44,167,53,159,42,191,13,3976,157
1771716837,44,156,51,167,72,137,70,124,51,163,10,2209,116
1771716838,59,151,62,136,75,102,71,88,57,135,8,904,94
1771716839,92,74,80,64,50,183,41,175,80,77,1,4362,14
1771716840,77,92,84,75,67,138,61,137,87,88,2,2288,27
1771716841,50,161,43,163,42,159,46,153,40,173,11,3555,130
1771716842,83,89,73,89,38,175,37,168,71,100,3,4370,40
1771716843,64,142,64,136,64,120,64,137,68,143,7,2330,97
1771716844,41,187,43,185,62,139,63,131,42,187,13,2820,146
1771716845,52,183,50,178,43,195,31,184,50,179,11,4728,123
1771716846,53,153,52,158,38,177,46,178,60,146,9,4355,116
1771716847,48,178,41,185,76,96,73,105,40,170,12,1123,152
1771716848,87,78,74,74,65,104,67,98,83,83,2,1595,36
1771716849,43,155,45,174,55,134,65,126,45,163,10,2429,130
1771716850,84,83,81,96,35,197,37,179,71,92,3,4656,39
1771716851,66,108,75,117,63,121,62,106,64,112,5,1719,61
1771716852,41,173,39,186,75,74,82,92,36,192,12,611,135
1771716853,62,126,68,135,81,78,73,83,53,132,7,774,82
1771716854,80,74,80,82,21,207,33,215,87,67,1,5744,26
1771716855,75,76,86,79,39,174,37,176,87,90,2,4260,33
1771716856,80,80,80,96,81,85,91,67,75,78,2,251,28
1771716857,24,220,25,200,33,196,27,213,36,220,15,5501,173
1771716858,72,87,79,91,83,70,83,87,71,104,3,385,47
1771716859,42,188,38,182,57,136,63,147,30,182,13,3025,162
1771716860,37,215,33,218,52,165,57,158,35,204,15,3514,172
1771716861,61,127,60,122,87,88,92,68,65,132,7,279,75
1771716862,46,151,50,167,54,176,46,176,49,170,10,3781,122
1771716863,33,185,36,190,59,124,66,118,44,191,13,2087,150
1771716864,80,80,88,81,68,118,75,97,91,72,1,1563,10
1771716865,65,145,60,135,61,141,61,125,63,121,7,2589,80
1771716866,83,81,87,83,42,201,37,195,79,75,1,4989,27
1771716867,39,182,45,177,88,93,82,84,49,192,12,566,135
1771716868,81,68,84,84,26,227,27,206,89,69,1,5854,10
1771716869,42,163,46,179,65,135,66,118,39,160,11,2322,123
1771716870,68,111,70,116,79,79,82,86,66,123,5,445,54
1771716871,74,119,70,104,86,79,85,85,69,124,5,331,75
1771716872,59,142,61,138,45,180,48,182,67,132,7,4548,78
1771716873,57,113,67,135,87,69,77,77,66,115,6,342,65
1771716874,46,167,51,169,57,139,52,144,51,161,11,3034,119
1771716875,66,94,79,114,47,181,48,158,68,114,4,3954,43
1771716876,25,206,32,196,57,163,49,149,40,207,14,3265,152
1771716877,53,170,41,175,66,95,69,101,43,183,11,1382,135
1771716878,73,96,69,105,57,130,66,144,72,104,4,2732,59
1771716879,55,154,57,151,67,117,68,104,60,140,8,1701,88
1771716880,55,161,55,156,56,163,52,162,51,161,10,3548,116
1771716881,41,181,38,173,64,132,56,135,37,190,12,2684,147
1771716882,70,101,76,88,70,108,67,117,81,91,3,1435,46
1771716883,73,104,72,114,78,92,70,97,64,115,5,920,58
1771716884,45,180,50,177,65,135,69,132,45,166,11,2555,139
1771716885,36,173,47,177,86,76,87,75,44,176,12,558,139
1771716886,33,192,41,172,47,173,44,151,45,190,12,3672,146
1771716887,22,218,22,199,86,79,85,85,26,221,15,605,164
1771716888,30,197,43,197,58,156,53,171,43,183,13,3599,164
1771716889,75,117,74,110,25,198,30,198,67,102,5,5383,65
1771716890,86,79,90,76,70,115,74,108,77,66,1,1563,31
1771716891,35,184,49,173,48,182,49,174,47,186,12,4394,141
1771716892,66,113,74,95,62,110,69,123,79,96,4,2057,60
1771716893,55,156,50,159,41,191,39,196,47,161,9,5147,97
1771716894,50,170,45,166,56,150,52,158,41,169,10,3332,113
1771716895,58,113,59,121,66,104,65,97,62,115,6,1363,64
1771716896,51,163,51,177,69,130,60,136,48,175,11,2313,130
1771716897,89,77,90,83,70,94,69,96,82,68,1,1077,17
1771716898,51,159,49,161,57,125,52,123,55,148,9,2582,99
1771716899,57,150,58,141,68,103,76,117,64,138,8,1473,88
1771716900,78,75,77,82,41,170,41,186,82,85,2,4236,20
1771716901,53,150,46,157,64,116,70,121,53,170,10,2060,108
1771716902,34,181,35,179,34,204,29,204,37,185,12,5216,130
1771716903,33,207,39,196,71,127,68,119,26,196,14,2069,155
1771716904,72,111,63,112,60,155,50,147,70,122,5,3431,63
1771716905,52,180,48,182,51,172,48,170,40,173,11,4117,121
1771716906,63,131,64,122,45,170,48,165,57,143,7,4092,91
1771716907,35,180,37,199,86,82,92,72,41,190,13,249,160
1771716908,64,117,66,112,64,139,56,133,73,114,5,2774,62
1771716909,37,190,41,190,44,175,44,175,45,172,12,4516,144
1771716910,86,88,81,87,40,177,40,179,88,75,2,4007,28
1771716911,49,149,60,160,39,196,33,198,60,141,9,4733,114
1771716912,43,174,45,166,77,79,90,77,45,170,10,313,128
1771716913,71,97,79,93,71,93,74,89,70,92,4,858,52
1771716914,75,122,68,115,62,122,67,132,74,112,5,2033,53
1771716915,71,126,67,135,67,110,66,112,62,128,6,1480,87
1771716916,59,143,51,149,72,106,65,106,46,164,9,1511,106
1771716917,71,125,62,135,51,170,39,173,66,118,6,3916,75
1771716918,73,126,73,122,42,166,43,172,61,103,5,3629,72
1771716919,83,101,84,104,75,93,71,84,73,83,3,836,52
1771716920,65,96,71,93,75,107,78,101,78,114,4,1619,62
1771716921,61,121,65,125,78,74,87,74,66,128,6,473,67
1771716922,55,140,53,135,45,153,56,157,65,145,7,3695,80
1771716923,53,159,56,165,24,201,30,200,51,173,10,5482,119
1771716924,72,121,67,132,86,85,87,79,67,125,6,737,66
1771716925,81,78,79,95,74,99,77,105,87,79,2,1018,25
1771716926,31,198,33,179,55,172,46,153,38,195,13,3687,141
1771716927,87,81,78,79,34,192,28,210,85,76,2,5271,31
1771716928,45,165,43,167,81,104,69,111,45,153,10,1344,122
1771716929,42,187,49,177,75,101,81,90,42,181,12,1096,134
1771716930,76,85,83,105,38,184,37,179,72,94,3,4772,42
1771716931,37,199,38,202,45,174,45,171,34,189,13,4519,152
1771716932,75,105,83,98,75,107,72,102,74,91,3,1578,51
1771716933,45,185,43,173,50,145,57,141,47,177,12,3089,133
1771716934,44,181,38,183,67,123,59,130,29,179,13,2212,141
1771716935,90,64,86,73,53,134,59,148,80,74,1,3007,10
1771716936,53,163,44,154,61,144,59,156,54,152,10,3237,117
1771716937,28,216,21,211,49,174,43,166,28,218,16,4180,180
1771716938,33,177,40,174,83,69,80,68,40,180,12,284,153
1771716939,39,198,33,196,91,83,82,72,44,186,13,301,160
1771716940,37,200,37,190,38,179,41,164,36,201,13,4000,147
1771716941,90,74,91,65,42,171,51,164,86,63,1,3710,12
1771716942,86,74,81,69,57,132,58,126,89,67,1,2551,28
1771716943,52,152,61,140,78,79,77,82,53,151,8,288,89
1771716944,43,193,33,177,86,87,87,80,41,177,12,717,138
1771716945,70,112,69,123,76,78,86,76,58,127,6,331,65
1771716946,49,145,46,158,46,193,38,180,46,158,9,4480,118
1771716947,81,92,84,104,49,159,52,162,82,91,3,3376,48
1771716948,92,67,90,63,48,176,50,170,85,71,1,4094,15
1771716949,54,143,57,127,49,156,47,166,57,131,7,3709,90
1771716950,30,202,33,208,76,94,68,88,35,210,15,1185,174
1771716951,53,148,55,160,68,113,69,112,51,158,9,1986,108
1771716952,45,161,58,156,53,159,45,148,59,161,9,3475,107
1771716953,54,150,57,141,71,81,83,93,51,145,9,836,119
1771716954,86,81,85,78,36,186,30,186,88,77,1,4953,25
1771716955,36,190,44,179,67,115,67,115,36,199,13,2111,145
1771716956,61,142,57,163,67,111,62,130,50,164,9,2120,111
1771716957,78,71,86,68,70,123,66,113,83,87,1,1671,20
1771716958,48,178,48,179,74,85,86,74,38,177,11,644,133
1771716959,66,117,70,120,73,107,81,100,75,103,5,1133,69
1771716960,37,182,49,162,52,145,50,151,38,174,11,2891,123
1771716961,52,150,53,155,42,188,33,194,52,145,9,4934,114
1771716962,41,183,38,183,38,171,42,179,43,181,12,4429,143
1771716963,31,212,25,217,47,142,54,153,17,209,16,3352,188
1771716964,57,126,66,130,60,130,68,129,63,136,7,2367,74
1771716965,38,185,39,179,80,115,72,98,33,171,12,1368,133
1771716966,45,159,53,150,78,78,84,92,56,157,10,681,108
1771716967,41,171,42,180,66,139,69,135,39,192,12,2295,136
1771716968,51,158,52,152,78,97,83,110,53,147,9,1173,102
1771716969,28,212,23,212,47,193,47,175,30,210,15,4533,163
1771716970,44,160,51,150,69,123,71,105,48,152,10,1711,128
1771716971,50,168,54,168,73,106,79,108,45,158,10,1464,118
1771716972,41,153,45,154,44,166,44,160,49,171,10,3753,121
1771716973,45,189,29,201,80,111,79,98,34,180,13,1467,155
1771716974,85,89,87,94,55,128,54,145,85,86,2,2698,31
1771716975,39,174,46,175,40,178,52,163,50,169,11,4050,140
1771716976,41,175,46,170,79,97,74,97,48,193,12,655,142
1771716977,84,102,78,106,43,189,31,180,82,98,3,4856,41
1771716978,47,169,52,170,51,170,51,178,42,171,11,3874,125
1771716979,69,105,64,107,62,134,57,126,62,106,5,2717,64
1771716980,53,168,41,162,50,168,40,180,46,176,11,4265,138
1771716981,81,78,74,80,49,175,40,182,76,80,2,4424,19
1771716982,60,124,57,145,29,217,23,224,68,142,7,5894,89
1771716983,51,183,38,176,26,215,22,216,52,164,11,5941,141
1771716984,41,178,42,171,61,146,51,155,45,172,12,3100,138
1771716985,42,162,49,151,57,145,48,166,41,156,10,3463,110
1771716986,87,82,86,67,59,123,68,132,90,64,1,2236,26
1771716987,26,224,21,231,39,175,37,178,29,224,16,4656,190
1771716988,32,203,24,204,41,157,56,160,33,202,15,3782,182
1771716989,53,152,60,154,43,175,52,166,61,141,9,3738,111
1771716990,47,171,36,190,55,129,58,129,35,179,12,2511,130
1771716991,55,137,54,145,69,88,71,109,66,137,7,1177,90
1771716992,66,119,76,103,66,142,68,122,70,123,5,2481,70
1771716993,38,175,37,190,24,228,20,215,41,179,12,5972,147
1771716994,79,72,89,70,85,77,79,75,79,75,1,311,18
1771716995,83,69,90,72,84,87,80,92,79,76,1,540,23
1771716996,86,87,78,81,75,87,79,88,87,66,1,558,26
1771716997,61,114,67,116,57,148,48,161,63,113,6,3203,71
1771716998,53,137,59,154,59,143,61,151,50,138,8,2835,90
1771716999,19,221,23,223,31,214,23,230,25,215,16,5949,177
1771717000,31,194,30,196,77,96,71,97,35,185,13,1423,153
1771717001,45,191,39,172,70,103,65,117,39,193,12,1463,145
1771717002,36,198,34,180,75,86,74,86,37,193,13,938,154
1771717003,56,168,47,152,61,151,46,157,54,167,10,3275,110
1771717004,83,85,80,91,42,181,39,173,78,90,2,4498,25
1771717005,43,183,39,192,67,140,71,134,39,181,12,2361,149
1771717006,87,92,75,77,64,118,70,116,73,81,2,2201,36
1771717007,68,116,71,98,68,96,68,100,68,105,4,1291,60
1771717008,57,132,68,136,70,109,63,105,64,126,7,1730,90
1771717009,34,184,37,188,80,70,88,78,41,176,12,201,142
1771717010,82,71,78,83,42,184,43,172,88,66,1,4158,25
1771717011,67,92,78,111,61,127,65,123,81,97,4,2011,60
1771717012,52,153,56,148,44,181,49,159,60,131,8,4024,104
1771717013,23,209,27,212,67,114,70,127,25,215,16,2150,192
1771717014,81,79,91,74,42,175,41,187,89,75,1,4263,28
1771717015,73,92,82,98,42,190,44,186,75,103,3,4881,40
1771717016,27,223,20,221,63,144,62,148,20,222,16,2780,190
1771717017,51,167,48,164,60,137,65,135,51,158,10,2310,112
1771717018,32,182,33,193,53,141,61,146,43,181,13,2629,153
1771717019,42,167,52,165,71,95,80,108,37,176,11,1054,139
1771717020,76,99,73,96,37,189,44,188,79,107,4,4550,43
1771717021,48,153,54,152,80,91,74,99,50,153,9,1254,98
1771717022,43,179,40,193,44,190,40,189,43,193,12,4914,139
1771717023,64,118,65,102,47,152,46,162,71,124,5,3368,53
1771717024,55,123,58,143,27,205,29,221,65,137,7,5620,97
1771717025,35,203,32,190,41,175,44,183,33,179,13,4243,159
1771717026,62,111,65,104,52,138,55,151,64,108,5,3127,74
1771717027,44,203,29,198,56,164,50,169,42,199,13,3530,150
1771717028,19,213,27,209,66,131,66,123,18,225,16,2393,197
1771717029,65,116,70,112,69,127,74,128,62,116,5,1941,73
1771717030,70,104,67,116,79,105,70,113,69,109,5,1452,70
1771717031,54,152,55,146,81,86,88,67,49,141,9,316,112
1771717032,73,98,82,83,70,129,68,122,73,84,3,2255,37
1771717033,79,68,86,74,58,136,56,150,84,70,1,2757,24
1771717034,33,203,29,216,45,183,39,182,23,213,15,4481,185
1771717035,24,220,21,214,68,115,66,128,33,207,15,2000,169
1771717036,76,73,79,93,54,156,41,173,76,96,2,3832,41
1771717037,75,91,87,92,41,179,48,188,86,86,2,4301,41
1771717038,59,134,59,153,61,119,72,109,49,134,8,2002,102
1771717039,67,138,63,132,67,142,63,136,64,134,7,2434,76
1771717040,56,134,69,142,51,138,54,140,62,136,7,2771,82
1771717041,30,207,37,217,43,182,34,190,31,202,15,4769,172
1771717042,75,86,78,99,49,176,47,169,72,105,3,4123,32
1771717043,55,153,55,161,30,227,18,227,58,143,9,5961,96
1771717044,47,170,42,175,76,84,88,76,45,183,12,500,151
1771717045,68,127,58,131,45,168,50,161,58,133,7,3920,97
1771717046,40,187,45,189,37,171,46,179,44,190,12,4188,147
1771717047,85,78,88,81,74,83,75,94,85,80,1,966,13
1771717048,76,117,72,120,32,223,22,216,76,125,5,5789,63
1771717049,39,197,38,190,40,193,34,188,43,194,13,4573,147
1771717050,66,112,69,121,37,186,45,178,61,120,5,4397,59
1771717051,31,210,33,210,75,103,73,113,24,201,15,1303,176
1771717052,71,92,78,100,70,119,63,128,80,86,3,2113,37
1771717053,66,113,77,94,60,138,64,125,71,110,4,2658,52
1771717054,72,111,73,110,42,161,47,166,71,110,5,4057,74
1771717055,73,73,76,77,49,155,53,160,81,75,2,3820,43
1771717056,40,188,43,196,65,138,58,137,33,192,13,2440,143
1771717057,80,106,85,101,68,137,68,140,69,86,3,2564,44
1771717058,55,142,60,132,77,111,76,101,55,139,7,1733,98
1771717059,67,112,67,108,84,71,89,75,81,98,4,462,52
1771717060,71,110,67,113,46,170,42,170,75,100,4,4199,42
1771717061,66,99,71,101,60,154,49,144,79,95,4,3070,53
1771717062,78,101,79,101,26,212,20,224,75,100,4,5997,50
1771717063,29,201,44,201,31,200,34,198,38,179,13,4892,163
1771717064,44,185,38,191,56,122,60,128,32,201,13,2563,146
1771717065,63,123,66,116,81,94,78,91,63,114,6,885,83
1771717066,74,96,74,93,85,66,85,74,79,93,3,266,31
1771717067,18,213,18,210,64,123,66,135,18,213,16,2192,173
1771717068,74,89,83,80,76,84,79,99,78,81,2,997,19
1771717069,56,167,47,156,63,114,59,117,52,155,10,2202,119
1771717070,52,160,42,180,50,151,49,141,40,177,11,2945,119
1771717071,63,104,75,112,37,182,43,186,65,122,5,4839,53
1771717072,42,159,51,152,63,101,74,105,52,165,10,1642,114
1771717073,79,85,88,75,72,107,76,115,76,79,2,1627,27
1771717074,81,89,76,101,59,129,54,125,72,96,3,2644,49
1771717075,75,103,79,112,49,165,48,176,69,106,4,3917,50
1771717076,89,96,79,92,70,121,77,108,82,74,2,1654,25
1771717077,84,66,85,87,51,157,46,159,81,73,1,3612,32
1771717078,40,187,38,196,62,149,59,149,40,189,13,2803,158
1771717079,73,106,70,100,58,159,51,147,66,107,4,3380,56
1771717080,64,119,69,117,54,139,55,135,66,121,6,2547,77
1771717081,54,152,43,171,32,196,39,180,52,162,10,4675,118
1771717082,41,178,41,173,61,118,66,117,46,169,12,1905,142
1771717083,57,154,47,164,47,161,57,153,61,150,9,3367,100
1771717084,75,99,75,92,65,100,78,117,84,87,3,1547,44
1771717085,81,83,78,79,43,198,38,182,80,73,1,4891,18
1771717086,81,71,87,64,36,194,31,185,92,66,1,4711,25
1771717087,73,104,65,108,85,90,85,75,65,113,5,477,68
1771717088,82,89,74,74,39,179,45,200,74,83,2,4814,21
1771717089,73,103,66,123,72,93,84,100,64,124,5,880,74
1771717090,59,155,49,144,75,99,86,85,60,159,9,792,102
1771717091,78,64,85,87,75,106,75,113,79,83,1,1817,10
1771717092,86,75,87,91,85,100,86,88,75,89,2,907,30
1771717093,78,98,74,85,43,177,47,192,82,93,3,4466,32
1771717094,79,101,71,113,46,184,37,176,68,94,4,4102,48
1771717095,50,184,40,175,67,105,68,96,39,166,11,1200,126
1771717096,43,169,41,168,73,113,66,103,40,167,11,1719,121
1771717097,64,142,58,148,86,87,81,88,53,143,8,732,109
1771717098,86,78,89,73,34,192,40,191,83,79,1,5017,11
1771717099,56,140,51,146,76,81,70,82,55,131,8,907,92
1771717100,61,121,69,125,25,206,32,209,68,106,5,5255,73
1771717101,32,222,34,201,80,79,80,78,23,202,15,683,170
1771717102,78,87,78,89,79,105,71,107,78,94,3,1370,44
1771717103,29,203,27,198,33,215,18,227,38,206,14,5935,170
1771717104,32,194,38,201,69,108,80,101,29,201,13,1392,152
1771717105,45,153,50,170,43,192,44,178,41,157,10,4494,114
1771717106,41,181,39,186,38,189,36,168,38,198,13,4382,142
1771717107,45,146,51,164,58,133,66,123,54,157,9,2029,99
1771717108,69,114,69,109,52,167,55,176,75,92,4,3842,60
1771717109,70,108,70,119,82,83,86,76,74,116,5,370,56
1771717110,46,141,50,151,51,162,46,148,49,158,9,3290,107
1771717111,30,193,38,182,34,189,36,192,33,179,13,4788,155
1771717112,73,114,76,109,43,162,50,179,75,102,5,3966,56
1771717113,78,80,82,80,60,122,62,127,82,86,1,2443,15
1771717114,86,72,80,67,47,170,37,184,84,69,1,4287,24
1771717115,74,95,82,95,85,83,77,84,73,89,3,876,51
1771717116,81,95,83,93,76,106,71,86,73,75,2,1012,35
1771717117,61,145,53,126,60,111,73,120,55,130,7,1919,86
1771717118,29,183,36,195,57,141,57,148,30,193,13,3135,152
1771717119,80,77,82,65,35,196,33,191,79,83,1,4844,20
1771717120,50,165,55,155,51,179,41,161,46,169,10,3882,130
1771717121,61,138,55,141,32,190,42,195,54,137,8,4578,93
1771717122,44,193,40,179,73,91,85,89,40,171,12,857,132
1771717123,77,84,80,101,54,145,56,144,79,86,3,2830,46
1771717124,63,126,57,125,42,165,50,170,64,124,7,4114,89
1771717125,41,172,38,180,43,170,46,168,47,164,11,3592,137
1771717126,43,196,30,182,74,114,71,98,36,193,13,1416,163
1771717127,53,154,58,152,84,106,83,87,50,142,9,1046,98
1771717128,50,164,44,167,58,163,50,162,44,180,11,3377,130
1771717129,72,133,65,131,70,123,74,114,68,119,6,2007,74
1771717130,66,135,64,141,56,120,60,123,53,131,7,2482,88
1771717131,47,156,59,159,79,90,83,103,57,161,9,1099,113
1771717132,52,156,43,153,68,125,55,119,43,160,10,2308,112
1771717133,54,139,57,144,78,77,88,66,63,134,8,251,86
1771717134,46,163,54,173,72,98,83,99,56,169,10,966,129
1771717135,69,120,68,111,46,165,59,156,68,107,5,3433,57
1771717136,29,202,30,200,79,97,77,113,40,186,13,1441,161
1771717137,40,188,44,191,48,167,51,157,44,196,13,3897,145
1771717138,35,196,32,211,61,125,65,135,27,202,14,2274,154
1771717139,76,124,67,121,70,104,74,85,77,123,5,966,60
1771717140,42,171,48,187,84,82,82,77,42,188,12,691,130
1771717141,62,128,70,116,42,172,39,175,67,114,6,4369,75
1771717142,56,162,46,157,75,90,70,106,43,170,10,1044,108
1771717143,35,194,40,195,75,87,77,93,32,196,13,1041,164
1771717144,62,141,59,130,28,211,18,228,65,134,7,5964,91
1771717145,60,116,63,124,39,176,37,182,66,121,6,4593,69
1771717146,40,163,43,163,42,181,35,175,44,178,11,4371,138
1771717147,53,142,56,125,74,117,67,115,61,126,7,1904,88
1771717148,75,111,76,96,86,87,87,77,67,104,4,770,54
1771717149,92,66,89,63,38,196,32,190,84,83,1,4822,19
1771717150,35,188,38,177,75,96,67,101,44,181,12,1149,129
1771717151,80,89,72,99,42,194,37,206,77,104,3,5089,47
1771717152,64,147,58,142,27,218,27,211,55,148,8,5674,92
1771717153,47,174,45,170,35,190,37,174,43,178,12,4492,145
1771717154,67,134,60,131,42,172,38,157,66,130,6,3959,80
1771717155,70,111,74,94,79,87,74,106,80,93,4,1134,45
1771717156,23,222,20,214,28,212,35,204,24,216,16,5621,180
1771717157,75,95,74,103,73,103,78,91,66,98,4,931,56
1771717158,37,165,52,182,70,104,76,98,48,179,11,1476,127
1771717159,52,157,42,151,37,178,45,167,55,166,10,4280,123
1771717160,86,71,80,66,85,85,89,85,91,73,1,397,13
1771717161,59,138,66,126,60,108,59,127,53,143,7,1978,88
1771717162,34,206,34,222,92,72,92,65,24,214,15,229,175
1771717163,39,185,44,196,74,92,79,86,39,189,13,614,155
1771717164,40,189,30,199,39,206,42,203,43,193,13,5080,160
1771717165,34,178,42,174,83,91,84,96,45,175,12,923,144
1771717166,85,100,71,92,29,216,17,225,73,106,3,5997,40
1771717167,57,142,63,134,72,105,76,96,57,150,8,1005,101
1771717168,87,91,76,95,50,155,52,161,76,76,2,3448,19
1771717169,66,101,78,96,54,161,59,144,74,107,4,3452,48
1771717170,31,187,39,191,41,185,36,186,31,187,13,4586,145
1771717171,33,171,44,192,64,147,55,141,35,180,12,2797,134
1771717172,43,187,30,192,63,148,48,156,30,182,13,3087,149
1771717173,27,223,25,219,64,142,64,134,30,220,16,2409,192
1771717174,82,63,87,72,67,112,65,110,87,75,1,1428,22
1771717175,76,87,71,96,61,125,71,102,75,104,3,1748,33
1771717176,71,99,78,91,51,174,52,158,77,101,3,3669,51
1771717177,34,202,44,188,61,121,60,141,36,198,13,2469,159
1771717178,65,110,62,111,54,159,51,160,68,115,5,3252,57
1771717179,70,122,72,124,62,144,65,129,71,124,5,2630,75
1771717180,45,156,52,149,78,102,66,116,53,163,9,1463,106
1771717181,50,161,57,164,56,115,67,122,56,161,9,2262,115
1771717182,42,179,36,189,28,211,35,192,34,174,12,5158,130
1771717183,80,112,74,98,46,180,39,186,78,100,4,4214,43
1771717184,51,157,56,156,78,109,69,91,50,149,9,1100,101
1771717185,34,216,31,218,69,132,59,116,26,200,15,2104,170
1771717186,43,199,31,189,74,109,72,113,40,201,13,1712,152
1771717187,51,149,46,155,57,156,49,140,52,141,9,3067,98
1771717188,66,118,72,118,54,149,48,147,76,112,5,3128,58
1771717189,87,89,86,82,79,96,72,113,80,90,2,1350,23
1771717190,53,159,52,144,74,93,77,98,54,163,9,1170,96
1771717191,48,162,42,158,84,91,85,81,52,167,10,804,123
1771717192,64,154,52,149,77,106,73,92,62,143,8,1018,107
1771717193,43,179,43,168,68,110,66,99,51,163,11,1389,129
1771717194,59,132,60,138,65,122,70,118,49,138,8,1713,101
1771717195,55,166,55,166,81,83,70,84,50,162,10,892,121
1771717196,63,154,62,152,46,153,55,145,52,135,8,3393,86
1771717197,68,106,69,106,67,106,76,98,66,100,4,1474,42
1771717198,45,156,51,155,42,168,40,170,55,158,9,4192,96
1771717199,89,75,86,76,60,156,59,144,78,68,1,3290,16
1771717200,39,180,29,198,68,123,62,127,42,186,13,2147,153
1771717201,73,93,79,112,32,195,36,180,76,103,4,4637,48
1771717202,17,214,28,212,77,111,75,95,30,212,16,1419,191
1771717203,77,93,77,86,57,159,46,156,84,75,2,3567,19
1771717204,48,154,42,158,37,164,43,163,42,167,10,4182,110
1771717205,58,156,58,148,83,71,76,87,48,151,9,425,114
1771717206,33,188,39,182,60,151,54,149,35,187,13,3163,146
1771717207,45,178,51,165,46,184,41,184,43,162,11,4304,131
1771717208,64,116,71,124,60,123,63,121,69,131,6,1899,80
1771717209,42,179,51,164,71,100,73,96,44,177,11,763,128
1771717210,31,196,29,203,72,106,73,85,41,206,14,1037,157
1771717211,54,162,60,146,48,143,53,154,54,159,9,3374,110
1771717212,65,135,56,144,85,82,81,91,65,138,7,845,75
1771717213,80,93,77,108,81,75,76,83,74,94,4,557,53
1771717214,29,231,27,228,25,225,30,220,25,224,16,5994,179
1771717215,71,103,64,123,43,175,52,179,63,105,5,3876,61
1771717216,61,162,45,142,82,105,73,105,48,160,9,1035,98
1771717217,89,81,79,92,40,172,48,163,85,91,2,3976,41
1771717218,81,89,82,87,75,110,60,125,82,82,2,1930,34
1771717219,39,188,44,172,38,186,48,170,37,193,12,4244,140
1771717220,69,112,68,131,84,88,80,89,61,127,6,500,75
1771717221,64,143,62,141,73,116,67,114,55,141,7,2120,82
1771717222,58,126,69,119,35,215,39,198,71,113,6,5357,75
1771717223,82,106,80,92,74,98,72,91,70,99,3,1070,50
1771717224,47,150,57,155,65,120,68,119,45,159,9,2114,119
1771717225,23,227,26,211,60,144,61,130,21,226,16,2705,176
1771717226,39,197,30,189,53,145,52,141,30,200,13,2892,141
1771717227,84,96,84,77,61,130,62,126,75,77,2,2054,32
1771717228,40,191,36,175,73,89,82,83,38,191,12,702,135
1771717229,47,164,45,157,60,135,59,128,49,160,9,2417,113
1771717230,80,74,78,96,38,176,39,183,73,92,2,4416,34
1771717231,34,194,34,187,51,150,53,149,30,194,13,2820,156
1771717232,78,80,77,91,35,192,33,205,82,77,2,5208,29
1771717233,62,127,62,123,73,110,75,112,57,141,7,1575,74
1771717234,67,108,79,99,59,130,58,130,71,108,4,2703,48
1771717235,45,161,43,173,67,129,65,130,49,160,10,2150,116
1771717236,64,124,76,115,33,198,30,199,66,112,5,4804,56
1771717237,58,164,55,161,47,176,40,192,60,161,9,4484,117
1771717238,70,123,62,118,72,84,78,97,59,125,6,987,70
1771717239,65,148,59,140,61,133,64,125,55,154,8,2450,85
1771717240,63,151,56,132,90,69,91,73,63,146,8,382,98
1771717241,35,179,46,179,44,168,47,177,45,169,12,3870,145
1771717242,51,176,40,176,44,202,39,186,53,168,11,4811,139
1771717243,71,120,68,119,81,67,89,84,74,107,5,336,58
1771717244,58,153,48,148,38,163,38,180,52,148,9,4063,117
1771717245,45,187,47,177,47,169,49,158,49,171,12,3704,135
1771717246,48,153,49,158,58,145,53,151,46,159,9,3356,104
1771717247,53,165,49,159,85,72,83,75,56,172,10,212,128
1771717248,65,126,58,128,69,117,72,120,63,127,7,1791,80
1771717249,41,170,44,171,68,108,62,114,50,181,11,1807,125
1771717250,60,152,55,153,63,113,77,120,56,138,8,1617,100
1771717251,71,118,71,124,47,148,48,158,74,119,5,3266,71
1771717252,85,74,86,70,72,124,64,114,81,67,1,2166,22
1771717253,73,120,71,107,23,211,32,201,71,103,5,5449,53
1771717254,55,139,65,129,39,182,40,175,61,144,7,4347,78
1771717255,44,160,48,182,43,158,56,161,49,180,11,3571,120
1771717256,45,195,42,181,35,197,34,190,39,197,13,4991,142
1771717257,40,183,50,166,39,177,49,178,44,167,11,4315,136
1771717258,61,148,56,147,62,124,63,138,63,151,8,2499,102
1771717259,57,127,58,129,45,144,57,152,68,128,6,3271,85
1771717260,68,126,64,133,37,183,45,171,58,113,6,4141,70
1771717261,69,110,73,96,83,82,75,88,72,113,4,939,43
1771717262,48,175,41,185,71,115,74,118,46,193,12,1563,139
1771717263,52,154,64,132,75,92,73,105,60,131,8,982,95
1771717264,85,81,76,76,46,190,33,185,82,81,2,4519,26
1771717265,45,192,35,188,76,107,68,113,37,200,13,1599,145
1771717266,82,96,74,94,67,150,52,133,85,90,2,2748,28
1771717267,38,173,44,190,66,117,63,113,42,187,12,1617,151
1771717268,59,147,61,147,38,181,43,164,51,145,9,4068,97
1771717269,42,186,36,192,29,205,40,190,40,181,13,4920,153
1771717270,69,128,61,131,44,160,58,161,62,133,6,3532,65
1771717271,46,151,46,152,56,128,56,134,51,168,10,2386,116
1771717272,34,187,46,186,86,70,87,76,41,173,12,341,132
1771717273,79,94,84,92,80,99,85,81,79,91,3,885,35
1771717274,53,150,50,153,85,96,78,99,54,165,10,907,120
1771717275,33,192,44,191,73,96,78,106,37,177,12,1394,152
1771717276,60,129,58,128,33,212,25,210,65,134,6,5485,75
1771717277,21,217,34,205,23,218,25,226,28,207,15,5931,179
1771717278,57,132,67,135,23,224,20,210,66,119,6,5986,72
1771717279,61,125,65,134,71,107,80,105,64,132,6,1302,83
1771717280,28,201,36,219,74,91,76,83,21,200,15,629,184
1771717281,55,152,50,150,41,172,43,178,49,155,10,3863,121
1771717282,60,129,62,113,37,191,30,186,68,114,6,4788,70
1771717283,80,102,68,93,71,100,77,101,74,109,4,961,47
1771717284,57,150,58,149,35,190,47,184,56,155,9,4531,100
1771717285,59,159,47,146,39,185,37,186,49,145,9,4595,103
1771717286,63,133,63,131,50,153,47,155,58,134,7,3554,88
1771717287,74,84,87,89,63,116,70,111,84,87,2,1843,36
1771717288,84,80,81,89,79,94,85,92,89,76,2,727,38
1771717289,57,131,66,123,63,112,64,122,59,136,7,2035,84
1771717290,86,68,89,83,85,93,74,91,78,66,1,608,22
1771717291,71,95,81,101,63,132,60,122,72,101,3,2500,45
1771717292,68,140,67,144,76,80,73,93,57,140,7,603,82
1771717293,39,193,41,192,46,179,42,192,38,176,12,4517,130
1771717294,59,134,51,146,54,165,53,147,61,140,8,3500,99
1771717295,52,158,60,144,50,137,62,143,53,158,9,3059,104
1771717296,38,200,40,190,60,111,61,114,43,192,13,1981,163
1771717297,54,140,56,145,68,120,67,131,62,151,8,2387,99
1771717298,23,210,26,225,29,207,22,205,22,227,16,5789,195
1771717299,77,98,80,94,62,121,71,125,76,93,3,2203,39
1771717300,51,157,57,160,65,116,68,129,49,162,10,1922,124
1771717301,69,124,72,109,82,85,88,90,63,107,5,640,55
1771717302,51,178,47,166,49,173,46,160,48,179,11,3926,141
1771717303,47,149,55,158,64,136,61,120,53,143,9,2285,112
1771717304,75,83,81,100,53,154,59,148,82,102,3,3254,42
1771717305,65,127,63,140,30,221,34,212,60,127,7,5887,74
1771717306,43,172,45,181,52,171,55,157,42,187,12,3842,137
1771717307,68,123,62,128,33,184,39,170,63,114,6,4445,74
1771717308,89,74,78,72,83,83,81,85,86,79,1,522,31
1771717309,39,179,46,178,41,196,33,192,48,178,11,5119,142
1771717310,63,150,60,145,48,151,49,157,50,132,8,3214,108
1771717311,67,113,60,126,68,110,70,113,72,119,6,1788,83
1771717312,64,130,71,134,32,198,44,195,61,134,6,4851,79
1771717313,49,170,43,179,49,158,49,161,43,160,11,3183,128
1771717314,60,150,51,143,70,120,68,133,61,140,8,2366,108
1771717315,74,86,75,104,35,206,28,194,78,101,3,5140,45
1771717316,44,194,33,201,50,163,43,157,40,183,13,3898,152
1771717317,34,179,40,182,49,146,58,146,33,177,12,3006,146
1771717318,45,182,47,190,62,129,67,131,48,176,12,2665,142
1771717319,71,114,64,124,72,87,84,97,72,112,6,688,74
1771717320,44,181,35,182,53,158,49,165,45,178,12,3655,146
1771717321,29,199,30,219,74,94,82,88,27,200,15,968,167
1771717322,79,101,73,93,53,125,63,140,74,96,3,2636,36
1771717323,66,135,68,138,59,117,69,138,65,136,7,2249,91
1771717324,38,180,46,162,27,217,18,213,43,173,11,5931,121
1771717325,75,102,67,113,24,195,31,208,80,102,4,5309,59
1771717326,53,144,58,155,62,138,67,124,48,164,9,2463,116
1771717327,81,82,91,75,48,173,50,158,82,69,1,3875,29
1771717328,63,115,64,115,37,194,37,205,67,125,5,4981,60
1771717329,56,152,49,151,42,165,44,166,42,160,10,4236,113
1771717330,68,127,66,139,31,194,36,186,63,135,7,4990,87
1771717331,67,121,57,128,52,166,52,168,68,137,7,3768,90
1771717332,85,74,77,79,49,171,52,183,86,91,2,4070,41
1771717333,62,118,66,112,36,197,43,191,62,132,6,4800,87
1771717334,65,122,69,125,75,103,71,116,72,131,6,1528,66
1771717335,31,217,28,216,60,137,54,142,22,212,16,2712,178
1771717336,73,116,71,108,80,78,88,77,72,114,5,402,66
1771717337,38,172,52,178,56,168,57,157,45,175,11,3540,127
1771717338,31,184,36,183,50,162,44,169,41,197,13,3528,158
1771717339,76,89,74,86,46,153,45,171,87,95,2,3636,25
1771717340,69,101,78,112,73,119,73,116,79,112,4,2082,46
1771717341,56,132,67,129,68,98,74,110,55,128,7,1269,75
1771717342,66,114,73,110,40,195,38,177,63,125,5,4752,56
1771717343,74,109,77,112,38,191,40,192,77,125,5,4536,75
1771717344,43,176,38,177,35,176,39,196,52,164,11,4659,120
1771717345,72,134,69,127,50,160,57,160,66,123,6,3597,68
1771717346,86,86,86,77,74,105,68,106,86,84,2,1490,25
1771717347,53,141,46,141,87,68,77,81,53,148,9,254,114
1771717348,83,72,81,73,30,220,20,224,85,78,1,5801,18
1771717349,61,139,55,147,89,72,87,68,56,137,8,346,98
1771717350,64,115,67,125,70,111,72,102,63,107,5,1745,53
1771717351,29,198,26,206,66,110,64,103,34,201,14,1457,168
1771717352,60,131,51,132,45,175,48,165,51,134,8,4159,90
1771717353,54,164,55,168,86,66,85,86,50,162,10,230,129
1771717354,42,198,39,181,55,162,54,162,39,202,13,3717,157
1771717355,34,200,29,199,53,146,55,126,31,197,14,2649,158
1771717356,33,201,36,198,43,160,44,170,37,200,13,3882,148
1771717357,59,151,55,133,77,102,71,113,63,149,8,1549,86
1771717358,45,163,41,157,31,191,25,191,46,164,10,5263,114
1771717359,57,131,58,125,47,165,42,176,59,140,7,4156,96
1771717360,39,181,44,201,74,82,80,76,39,180,13,634,157
1771717361,74,84,77,103,44,144,44,150,76,106,3,3444,52
1771717362,81,99,78,96,46,194,43,179,74,107,4,4521,51
1771717363,46,171,39,190,44,183,48,172,33,173,12,4104,148
1771717364,79,77,86,80,39,198,39,204,87,73,1,5215,15
1771717365,54,146,50,153,56,141,52,146,52,137,8,2861,86
1771717366,72,117,60,134,55,125,58,136,68,121,6,2392,77
1771717367,41,186,38,174,35,173,34,180,46,189,12,4405,136
1771717368,53,170,39,164,66,115,70,105,42,171,11,1681,138
1771717369,70,94,66,98,74,89,79,81,67,94,4,567,54
1771717370,39,196,33,183,59,126,59,120,39,195,13,2385,155
1771717371,62,124,70,134,67,96,81,113,69,113,6,1278,71
1771717372,39,185,41,181,56,138,63,135,40,190,13,2740,163
1771717373,56,133,63,145,70,113,64,131,60,121,7,2089,76
1771717374,49,143,59,140,41,155,45,165,52,142,9,3743,105
1771717375,44,162,40,165,54,155,52,155,52,160,11,3848,119
1771717376,43,197,39,191,70,97,69,102,37,191,13,986,161
1771717377,61,131,61,138,43,185,37,191,65,123,7,4745,98
1771717378,53,178,46,164,49,154,60,135,45,172,11,2936,118
1771717379,52,156,52,149,27,210,36,216,50,152,9,5394,101
1771717380,53,164,57,159,37,183,39,191,51,158,10,4463,113
1771717381,47,162,48,159,28,203,27,209,55,158,10,5690,108
1771717382,32,186,44,181,50,159,45,163,30,194,13,3494,143
1771717383,61,123,65,130,65,123,67,121,57,116,6,1952,67
1771717384,68,112,59,118,52,168,41,177,58,134,6,4136,87
1771717385,88,77,86,68,81,83,82,78,91,73,1,498,10
1771717386,69,97,76,93,58,136,63,126,74,99,4,2510,41
1771717387,49,183,43,177,42,167,51,161,37,187,12,3785,142
1771717388,76,90,75,82,67,118,64,104,71,83,3,1471,41
1771717389,84,85,85,92,80,98,78,101,75,85,2,845,27
1771717390,66,141,56,124,22,221,18,219,61,128,7,5910,93
1771717391,67,131,70,132,44,147,60,160,62,119,6,3402,67
1771717392,57,132,60,128,84,98,86,78,54,144,7,777,78
1771717393,52,179,47,166,68,94,82,107,46,160,11,1197,139
1771717394,46,189,43,187,79,98,83,101,47,178,12,1035,139
1771717395,45,184,30,181,73,97,85,91,41,191,13,719,147
1771717396,60,127,64,125,58,119,57,128,57,119,6,2096,82
1771717397,64,133,61,123,65,142,58,131,56,127,7,2624,77
1771717398,59,150,56,137,52,166,47,174,53,151,8,4069,107
1771717399,81,66,81,81,61,125,73,112,93,70,1,2081,28
1771717400,35,202,40,192,45,157,52,157,35,201,13,3893,164
1771717401,50,164,41,161,47,153,51,157,52,160,11,3534,125
1771717402,42,193,37,191,31,202,28,184,36,201,13,4983,161
1771717403,85,86,91,79,49,173,52,176,82,85,1,3841,19
1771717404,44,179,34,170,30,187,30,204,43,173,12,4900,138
1771717405,57,137,61,137,73,119,60,123,65,145,7,2063,77
1771717406,83,85,91,81,67,115,67,134,82,80,1,2118,13
1771717407,83,84,75,84,49,177,39,173,88,94,2,4112,36
1771717408,78,112,71,100,32,189,43,191,76,112,4,4788,57
1771717409,77,77,75,91,72,123,62,126,88,82,2,2177,21
1771717410,59,129,63,119,75,93,80,107,63,131,6,1226,72
1771717411,41,173,52,165,53,160,51,161,46,162,10,3868,110
1771717412,79,91,88,81,54,152,53,148,75,93,2,3436,43
1771717413,44,187,34,177,77,90,72,92,34,171,12,1110,148
1771717414,59,140,56,154,36,190,43,202,47,159,9,4979,111
1771717415,51,171,40,182,34,181,40,200,38,166,11,4793,129
1771717416,53,177,38,163,55,141,48,147,53,178,11,3172,136
1771717417,61,123,63,144,70,94,69,103,57,122,7,1195,89
1771717418,72,103,69,112,82,94,83,92,67,111,4,741,64
1771717419,58,162,48,162,53,160,48,166,49,154,9,3495,118
1771717420,45,166,45,173,62,133,64,128,54,168,10,2307,128
1771717421,77,83,73,90,66,129,63,117,73,86,2,2023,35
1771717422,88,67,85,74,50,145,47,160,87,67,1,3383,14
1771717423,72,113,80,101,72,94,76,87,65,95,4,1152,56
1771717424,48,155,48,172,41,175,45,182,50,164,10,4211,109
1771717425,73,84,70,99,46,161,47,159,85,105,3,3898,39
1771717426,51,139,58,148,81,97,74,107,52,136,8,1052,86
1771717427,43,193,42,182,77,116,64,108,37,191,12,1560,146
1771717428,77,83,79,95,40,157,41,164,82,76,2,3815,20
1771717429,52,158,53,157,77,79,81,95,57,145,9,768,104
1771717430,47,170,35,177,24,207,24,213,42,175,12,5544,129
1771717431,54,134,59,136,61,116,70,119,60,135,8,2171,109
1771717432,77,95,80,93,52,157,47,174,75,113,4,3761,51
1771717433,45,145,45,149,51,128,57,140,60,142,9,2703,96
1771717434,70,104,73,104,64,151,52,131,68,105,5,2913,55
1771717435,35,212,32,202,41,184,34,183,36,191,14,4837,159
1771717436,76,116,80,100,73,101,71,99,78,97,4,1290,48
1771717437,28,197,39,193,44,168,55,165,31,207,14,3514,159
1771717438,78,87,70,84,31,180,35,197,76,95,3,4650,49
1771717439,31,192,30,200,39,174,51,168,42,199,13,4057,157
1771717440,39,183,34,198,53,152,62,140,38,190,13,3185,156
1771717441,41,157,46,160,63,130,60,133,43,171,10,2030,107
1771717442,64,134,70,114,31,183,32,189,63,134,6,4873,76
1771717443,80,74,88,65,33,218,30,204,88,78,1,5852,32
1771717444,65,139,62,139,81,90,69,109,61,142,7,1157,82
1771717445,80,79,89,84,61,117,69,131,88,84,1,2004,29
1771717446,57,147,49,154,42,196,31,175,51,146,9,4673,102
1771717447,54,158,52,165,56,144,53,134,45,169,10,2634,129
1771717448,58,127,65,141,54,156,60,139,69,124,7,3012,88
1771717449,70,107,76,106,45,182,40,181,66,111,4,4424,49
1771717450,70,108,78,94,48,189,46,176,73,99,4,4270,64
1771717451,62,151,56,140,82,91,69,98,63,147,8,1001,97
1771717452,56,138,61,128,74,108,66,107,57,126,7,1417,90
1771717453,44,195,35,184,76,99,67,106,36,187,13,1332,144
1771717454,81,75,78,73,76,106,71,97,87,84,1,1248,19
1771717455,71,88,72,106,26,206,28,208,73,105,3,5641,48
1771717456,32,212,28,226,70,100,71,86,17,218,16,963,194
1771717457,51,147,52,157,79,77,88,77,49,140,9,416,104
1771717458,60,133,61,134,61,137,51,141,66,128,7,2926,98
1771717459,42,162,52,170,31,219,23,222,47,159,10,5641,128
1771717460,71,96,75,90,74,102,72,123,69,85,3,1705,31
1771717461,58,116,71,117,72,120,77,108,67,122,6,1614,80
1771717462,74,107,78,110,70,125,59,131,68,114,4,2094,46
1771717463,70,84,78,104,49,155,49,150,77,98,3,3623,37
1771717464,63,150,63,153,34,188,45,191,50,135,8,4586,86
1771717465,38,201,33,196,30,202,36,181,35,193,13,4926,154
1771717466,84,80,81,83,58,131,66,129,82,72,1,2373,21
1771717467,84,74,84,84,68,131,64,142,93,65,1,2433,12
1771717468,61,145,67,137,71,94,66,99,54,136,7,1316,95
1771717469,22,225,23,220,88,85,80,94,30,210,16,472,196
1771717470,64,124,71,132,67,109,69,102,69,135,6,1382,79
1771717471,30,200,31,215,70,97,77,97,30,211,15,894,181
1771717472,55,132,56,133,73,91,72,107,64,142,8,1041,99
1771717473,51,157,42,151,79,108,64,110,57,152,10,1442,108
1771717474,29,208,18,216,86,91,78,85,22,219,16,430,177
1771717475,35,194,39,185,48,182,47,180,36,196,13,4055,150
1771717476,37,188,39,179,63,142,53,133,44,184,12,2733,139
1771717477,44,198,43,181,81,90,83,77,43,184,13,522,151
1771717478,41,195,36,192,41,181,37,189,41,201,13,4897,158
1771717479,62,143,59,140,82,73,74,95,57,137,8,580,104
1771717480,80,93,73,83,77,78,85,80,79,96,3,569,53
1771717481,74,96,88,85,42,190,38,205,86,93,2,5038,34
1771717482,46,171,39,183,59,124,70,113,35,185,12,2021,136
1771717483,59,144,59,147,37,202,29,200,51,164,9,4881,103
1771717484,56,163,43,165,49,173,47,177,56,170,10,4167,120
1771717485,62,143,68,133,33,206,29,193,62,127,7,5157,76
1771717486,63,115,70,116,61,141,62,133,64,134,6,2423,77
1771717487,54,139,53,142,53,133,59,155,54,132,8,2908,102
1771717488,49,191,44,192,47,172,58,162,40,186,12,3607,135
1771717489,47,147,61,147,74,105,73,89,50,155,9,1108,117
1771717490,55,124,68,142,50,161,48,151,54,144,7,3493,75
1771717491,67,95,75,99,36,196,42,202,69,97,4,4871,58
1771717492,78,84,87,83,65,111,67,113,87,92,2,1526,31
1771717493,57,141,51,142,41,186,39,183,56,148,9,4620,104
1771717494,64,122,72,106,43,192,37,190,63,124,5,4858,53
1771717495,53,154,49,154,37,192,38,172,52,163,10,4508,109
1771717496,46,181,38,177,34,174,45,196,51,165,11,4626,131
1771717497,78,86,84,99,39,173,42,162,81,87,3,4136,36
1771717498,34,209,22,216,61,115,68,118,28,214,15,2055,183
1771717499,41,181,40,183,50,173,48,162,39,179,11,4134,124
1771717500,53,142,47,151,30,196,41,202,57,156,9,4984,118
1771717501,41,202,34,187,85,88,77,85,44,192,13,542,151
1771717502,51,141,65,144,62,138,66,133,64,139,8,2601,100
1771717503,59,121,68,128,60,144,60,138,64,143,7,3012,91
1771717504,78,87,79,84,74,107,66,113,84,73,2,1535,25
1771717505,56,160,42,160,57,122,68,121,51,164,10,2485,128
1771717506,49,163,53,161,31,194,37,192,51,153,9,5040,117
1771717507,88,81,76,84,36,179,39,190,86,77,2,4834,23
1771717508,79,83,83,84,49,164,50,149,88,89,2,3320,33
1771717509,91,69,87,66,51,142,64,152,88,65,1,2855,15
1771717510,40,182,43,201,78,117,76,111,31,201,13,1514,152
1771717511,75,74,83,77,58,144,56,129,78,94,2,2766,24
1771717512,49,181,44,160,49,143,57,151,49,173,11,3359,139
1771717513,87,80,85,77,57,137,66,122,76,91,2,2530,25
1771717514,47,178,46,173,27,223,22,226,41,177,12,5929,144
1771717515,83,90,76,84,72,114,70,129,83,84,3,2138,48
1771717516,37,184,39,195,53,151,47,150,36,183,13,3205,147
1771717517,41,194,43,196,29,186,43,193,37,203,13,4853,144
1771717518,51,167,50,166,21,226,20,220,46,159,10,5916,121
1771717519,78,96,85,89,64,113,75,112,75,96,2,1774,20
1771717520,48,171,47,175,81,98,84,89,42,183,12,766,130
1771717521,90,64,91,69,31,189,33,195,92,69,1,5221,20
1771717522,64,129,59,128,20,212,31,206,67,115,6,5815,64
1771717523,61,133,65,147,47,183,41,187,65,132,8,4327,86
1771717524,42,160,48,150,74,126,75,115,51,157,10,1885,122
1771717525,72,93,69,85,56,114,64,136,80,95,3,2230,37
1771717526,24,204,21,216,69,107,73,117,26,211,15,1695,175
1771717527,42,177,50,171,43,172,48,175,39,180,11,4034,131
1771717528,64,120,75,125,82,99,70,104,74,125,5,1122,62
1771717529,68,113,78,97,36,180,42,174,80,105,4,4206,53
1771717530,41,202,33,188,41,157,48,159,37,181,13,3728,144
1771717531,59,128,61,124,25,202,33,208,65,127,7,5332,91
1771717532,79,75,79,73,19,220,24,224,76,82,2,5903,38
1771717533,49,191,36,179,57,163,60,164,49,178,12,3305,153
1771717534,76,94,84,88,88,77,81,79,78,96,2,423,19
1771717535,83,76,81,76,33,210,25,202,77,85,2,5647,21
1771717536,35,192,38,195,65,122,67,129,43,202,13,1901,154
1771717537,30,195,44,180,41,199,42,199,31,184,13,4898,163
1771717538,49,161,60,160,32,190,39,195,46,157,9,4803,110
1771717539,83,81,78,91,64,102,74,117,80,81,2,1684,39
1771717540,65,115,57,112,80,111,77,91,64,134,6,1268,87
1771717541,72,109,64,109,56,127,55,128,63,111,5,2531,70
1771717542,34,180,40,193,38,196,34,190,35,186,12,4894,131
1771717543,82,70,88,83,39,200,33,196,80,80,1,4838,27
1771717544,53,157,58,157,68,120,69,108,59,156,9,1947,99
1771717545,68,132,66,129,50,158,47,180,62,142,7,3938,85
1771717546,18,225,17,225,55,127,60,126,19,232,16,2474,190
1771717547,37,188,40,189,48,178,50,186,36,188,12,4335,145
1771717548,41,184,48,183,73,112,62,114,46,180,11,1713,139
1771717549,72,115,69,129,64,150,55,145,66,112,6,2938,77
1771717550,39,170,52,180,84,91,83,77,46,165,11,359,128
1771717551,57,140,45,157,80,99,84,96,57,141,9,1088,115
1771717552,41,189,40,197,22,205,31,223,41,202,13,5848,157
1771717553,49,144,56,151,48,189,37,176,57,153,9,4333,97
1771717554,74,111,68,112,56,132,57,121,67,118,5,2403,76
1771717555,63,150,52,139,80,87,83,88,51,134,8,228,90
1771717556,39,192,39,180,67,116,71,133,37,184,12,2294,149
1771717557,82,73,82,79,65,112,63,123,81,73,1,2060,20
1771717558,53,159,54,155,81,81,74,86,53,168,10,706,112
1771717559,80,86,84,95,60,155,55,140,76,104,3,3107,38
1771717560,84,92,85,90,34,193,28,212,74,86,2,5269,20
1771717561,81,81,88,78,64,109,67,121,86,82,1,1765,10
1771717562,53,136,51,143,88,82,78,88,60,146,8,303,99
1771717563,82,83,83,70,50,158,53,147,90,66,1,3363,23
1771717564,72,117,68,117,33,197,28,206,77,116,5,5222,55
1771717565,66,106,75,107,37,185,32,197,80,108,4,4887,42
1771717566,54,160,47,159,28,190,34,193,42,166,10,4964,129
1771717567,59,132,69,133,87,84,82,76,61,142,7,501,87
1771717568,45,158,46,171,35,192,36,200,47,154,10,4801,118
1771717569,47,166,42,174,63,129,62,118,37,173,11,2066,137
1771717570,73,97,66,110,40,204,43,190,66,108,4,4919,50
1771717571,80,93,81,102,48,155,48,148,72,100,3,3399,54
1771717572,62,122,53,134,39,201,31,204,60,138,7,4996,78
1771717573,43,194,32,190,45,179,46,196,35,188,13,4768,159
1771717574,79,73,92,82,50,167,40,183,88,72,1,4260,28
1771717575,66,127,61,126,35,194,29,199,68,127,7,4907,95
1771717576,69,90,76,104,37,202,40,191,70,87,3,4890,44
1771717577,49,160,51,155,43,155,42,162,51,148,9,3845,100
1771717578,21,227,32,212,58,151,52,157,32,215,16,3394,177
1771717579,34,175,40,169,58,153,49,153,42,174,12,3385,151
1771717580,81,70,84,85,44,147,46,165,79,81,1,3496,10
1771717581,44,193,42,179,44,159,53,147,41,192,12,3518,149
1771717582,48,143,54,157,72,119,64,107,56,140,9,1960,117
1771717583,60,124,59,132,41,170,44,185,57,116,6,4147,65
1771717584,87,78,89,66,81,82,75,84,92,78,1,942,10
1771717585,36,190,37,198,37,196,38,185,37,191,13,4921,160
1771717586,44,202,43,203,41,192,31,200,29,201,13,4775,145
1771717587,82,77,75,86,58,136,68,140,88,91,2,2489,30
1771717588,58,140,60,137,34,192,48,174,49,140,8,4477,95
1771717589,84,106,78,102,65,112,59,123,84,93,3,2080,31
1771717590,56,143,56,156,40,206,30,189,49,157,9,5048,105
1771717591,57,144,52,144,38,196,37,198,47,147,9,4957,113
1771717592,84,88,82,82,33,191,29,186,82,96,2,4973,20
1771717593,59,128,55,138,31,203,33,185,62,121,7,5050,87
1771717594,21,227,26,214,73,105,69,94,24,216,16,1037,187
1771717595,34,189,44,180,43,182,45,188,38,180,12,4308,137
1771717596,50,134,59,131,68,135,68,123,59,142,8,2446,105
1771717597,43,169,38,174,45,177,43,159,43,161,11,3920,142
1771717598,63,138,64,134,47,159,61,142,62,147,8,3274,103
1771717599,36,197,34,192,57,159,53,164,33,202,13,3468,150
1771717600,76,85,81,89,51,163,60,145,74,74,2,3300,36
1771717601,74,91,81,102,73,125,65,114,69,90,3,1863,32
1771717602,62,115,67,133,84,79,74,81,71,119,6,663,85
1771717603,22,212,19,225,59,114,72,117,28,208,16,2083,179
1771717604,48,185,34,190,36,204,28,214,46,182,12,5367,150
1771717605,46,173,48,167,38,184,39,164,49,162,11,4146,130
1771717606,38,162,37,161,47,173,40,193,48,169,11,4435,130
1771717607,40,188,37,202,72,117,71,115,41,200,13,1978,153
1771717608,78,96,70,110,40,166,43,177,67,100,4,4246,54
1771717609,81,72,86,76,56,120,62,125,85,74,1,2244,30
1771717610,61,148,56,160,33,190,36,177,52,158,9,4672,116
1771717611,55,140,64,131,69,109,75,104,55,137,7,1753,93
1771717612,77,72,81,70,76,110,72,99,79,82,1,1197,15
1771717613,75,76,87,78,49,183,39,171,86,94,2,4122,34
1771717614,46,177,38,184,68,114,68,115,41,187,12,1887,131
1771717615,53,142,56,163,28,206,29,208,59,143,9,5775,106
1771717616,54,141,60,145,66,130,61,144,48,145,9,2563,107
1771717617,77,113,79,105,56,138,64,133,78,105,4,2757,52
1771717618,59,121,68,130,63,156,49,159,64,125,7,3093,93
1771717619,83,94,83,95,71,110,63,125,77,101,3,1941,44
1771717620,87,87,84,67,53,160,47,143,89,85,1,3150,16
1771717621,72,90,82,89,56,130,60,138,83,96,3,2367,40
1771717622,39,207,32,205,79,86,90,88,33,206,14,438,157
1771717623,85,87,88,90,32,213,25,201,86,92,2,5641,25
1771717624,77,102,80,101,66,116,67,117,74,96,4,1908,55
1771717625,58,148,53,164,72,130,60,119,46,149,9,1909,109
1771717626,56,136,53,140,80,90,67,95,67,124,7,1267,77
1771717627,89,73,81,78,71,101,62,118,89,69,1,1702,31
1771717628,34,215,21,218,65,116,72,126,37,214,15,2248,175
1771717629,59,137,59,125,30,199,41,191,54,137,7,4888,84
1771717630,82,96,76,86,34,207,32,220,73,91,3,5842,39
1771717631,48,153,52,157,43,175,46,168,51,170,10,4205,127
1771717632,48,163,50,165,49,151,54,147,50,168,10,2987,112
1771717633,67,141,66,128,40,182,41,182,56,138,7,4122,75
1771717634,80,104,81,91,39,172,42,182,75,103,3,4236,39
1771717635,53,158,54,169,54,174,50,171,45,170,10,3825,110
1771717636,28,204,34,195,41,185,45,171,38,201,14,4256,172
1771717637,38,202,41,191,57,138,59,130,29,185,13,2490,145
1771717638,78,90,74,95,48,146,60,162,86,73,2,3311,21
1771717639,34,206,22,216,59,129,65,126,23,207,15,2309,167
1771717640,57,145,66,143,45,171,56,172,67,139,7,3698,79
1771717641,46,154,42,173,69,107,68,101,50,170,10,1113,117
1771717642,47,148,53,155,30,207,38,215,52,154,9,5471,97
1771717643,32,204,29,211,55,152,64,145,33,194,14,2833,169
1771717644,53,131,61,129,21,222,31,218,65,122,7,5757,77
1771717645,84,103,78,85,53,159,59,168,77,88,3,3469,32
1771717646,73,114,72,100,56,128,68,129,76,111,4,2235,59
1771717647,70,118,65,135,40,187,37,186,65,130,6,4861,86
1771717648,72,102,79,108,52,141,49,139,76,92,4,3077,42
1771717649,47,181,46,188,42,178,38,189,46,175,12,4739,147
1771717650,75,115,72,123,55,142,70,119,77,116,5,2388,67
1771717651,79,78,89,66,63,134,50,156,83,68,1,3003,24
1771717652,80,101,80,100,63,111,73,116,81,115,4,1552,48
1771717653,80,67,79,84,39,181,43,158,87,72,1,3992,11
1771717654,29,225,23,220,82,74,85,85,30,209,16,519,195
1771717655,36,194,33,199,67,136,61,140,38,203,14,2558,158
1771717656,45,162,51,173,60,124,59,134,45,180,11,2139,138
1771717657,87,81,80,83,73,109,67,102,81,85,2,1712,20
1771717658,55,156,49,159,62,149,57,137,52,158,10,2889,125
1771717659,66,127,62,128,34,190,40,190,58,133,6,4381,71
1771717660,39,177,41,190,70,117,72,113,41,186,12,1923,147
1771717661,55,152,55,152,61,139,66,138,51,136,8,2424,91
1771717662,42,157,46,159,24,220,26,225,57,163,10,5810,129
1771717663,76,86,86,88,72,95,80,112,81,76,2,1286,38
1771717664,67,105,63,120,83,76,88,90,63,105,5,370,72
1771717665,35,191,43,171,59,125,58,128,38,192,12,2463,152
1771717666,72,122,66,135,77,117,72,122,60,120,6,1734,73
1771717667,57,148,58,154,58,143,48,138,45,150,9,3117,118
1771717668,46,158,52,146,64,118,74,101,51,150,9,1499,98
1771717669,93,76,87,64,46,182,43,171,78,72,1,4440,17
1771717670,78,78,80,79,62,127,62,126,81,68,1,2535,10
1771717671,73,115,81,94,44,178,46,157,74,97,4,3866,59
1771717672,67,140,65,134,57,123,66,129,58,138,7,2436,86
1771717673,57,137,56,137,88,79,82,88,56,133,7,445,82
1771717674,21,222,22,221,67,134,61,148,28,215,16,2676,187
1771717675,70,102,70,95,25,204,35,213,75,92,4,5469,61
1771717676,35,195,42,181,53,163,53,162,43,195,13,3383,146
1771717677,41,173,39,181,73,104,70,114,41,165,11,1317,134
1771717678,28,232,32,220,64,132,58,144,21,230,16,2664,194
1771717679,62,142,55,147,47,157,60,154,50,139,8,3246,96
1771717680,40,170,41,171,70,126,69,136,43,162,11,2362,122
1771717681,36,185,40,200,20,218,28,217,31,185,13,5844,156
1771717682,39,185,34,199,55,163,60,160,34,192,13,3264,157
1771717683,60,136,63,147,47,152,51,147,60,132,8,3564,86
1771717684,41,191,30,183,76,100,81,99,39,192,13,834,147
1771717685,58,124,53,125,91,87,79,89,63,131,7,371,86
1771717686,71,113,75,119,78,79,79,86,63,103,5,251,55
1771717687,54,155,48,157,51,139,50,135,48,173,10,2978,114
1771717688,75,103,72,87,48,159,49,151,70,92,3,3568,41
1771717689,83,99,75,104,77,94,65,114,81,86,3,1337,52
1771717690,45,170,37,171,33,192,32,185,38,161,11,4704,139
1771717691,35,198,38,185,67,121,65,130,40,185,13,2173,157
1771717692,67,135,56,142,75,79,83,84,64,126,7,659,87
1771717693,46,163,38,161,73,93,76,104,49,181,11,1104,120
1771717694,77,97,72,110,58,155,49,155,65,104,4,3190,42
1771717695,51,164,49,163,68,99,80,105,46,156,9,1179,107
1771717696,38,195,42,200,72,109,70,118,44,194,13,1589,153
1771717697,79,81,75,96,48,155,51,178,77,89,2,3840,35
1771717698,51,163,45,166,36,204,29,210,49,155,10,5575,124
1771717699,72,121,66,125,34,210,37,205,67,105,5,5517,53
1771717700,62,130,67,132,79,87,79,67,67,129,7,254,90
1771717701,90,83,78,76,56,142,54,164,85,84,1,3337,13
1771717702,55,150,50,166,69,132,60,124,42,171,10,2480,108
1771717703,36,199,43,198,40,187,41,191,30,195,13,4491,142
1771717704,58,122,61,126,49,164,54,169,58,135,7,3486,94
1771717705,73,120,61,134,77,107,79,106,70,134,6,1184,78
1771717706,84,81,91,80,74,88,70,87,84,74,1,1067,25
1771717707,57,145,55,154,68,136,58,134,64,147,8,2511,94
1771717708,44,153,42,152,81,99,76,92,44,167,10,1217,126
1771717709,42,174,37,170,36,196,28,198,43,175,12,4994,142
1771717710,39,175,46,174,46,167,45,173,44,171,12,4111,141
1771717711,78,98,72,100,58,165,45,151,71,88,3,3503,41
1771717712,66,135,57,138,88,80,81,88,67,130,7,266,91
1771717713,50,138,50,134,34,187,37,195,54,138,8,4808,87
1771717714,71,122,58,118,33,202,32,201,58,130,6,5088,87
1771717715,50,160,47,170,68,111,60,118,48,150,10,1834,114
1771717716,45,153,54,152,66,133,58,123,46,171,10,2433,114
1771717717,75,85,74,86,91,78,79,86,83,83,2,211,37
1771717718,57,158,49,169,40,172,40,159,55,152,10,3872,118
1771717719,42,182,48,169,35,206,37,199,42,182,11,5643,122
1771717720,78,107,76,95,64,135,68,120,69,99,4,2253,48
1771717721,66,127,64,138,61,155,57,156,54,122,7,2989,75
1771717722,32,182,33,197,58,147,54,155,30,183,13,3404,150
1771717723,84,79,78,81,51,148,55,141,92,69,1,2964,27
1771717724,62,122,69,119,73,86,79,81,59,127,6,751,64
1771717725,36,189,47,185,71,121,66,102,35,176,12,1660,132
1771717726,48,186,39,183,47,178,36,190,36,172,12,4404,149
1771717727,91,67,87,75,33,206,38,203,82,70,1,5418,17
1771717728,80,95,83,79,70,108,66,103,79,94,2,1403,42
1771717729,44,154,43,166,51,135,53,130,55,152,10,2767,117
1771717730,34,192,44,202,69,129,61,115,41,183,13,2131,149
1771717731,37,163,41,180,67,106,76,115,49,166,11,1495,129
1771717732,39,194,40,193,75,114,67,115,38,194,13,1821,141
1771717733,50,141,54,150,69,96,66,109,62,132,8,1298,106
1771717734,32,211,30,227,42,171,36,182,19,215,16,4239,189
1771717735,45,180,49,183,71,116,65,115,48,165,11,1657,137
1771717736,55,164,55,159,53,153,60,163,52,156,9,3323,103
1771717737,77,98,73,106,40,167,48,161,74,94,4,3940,43
1771717738,77,100,78,116,45,159,46,181,81,92,4,4030,63
1771717739,40,168,43,170,44,158,43,153,52,163,11,3472,132
1771717740,29,193,39,203,60,141,47,144,30,193,14,3140,153
1771717741,43,168,56,152,52,152,63,155,51,162,10,3103,117
1771717742,72,119,57,113,91,68,80,75,61,133,6,280,80
1771717743,45,184,44,195,75,83,81,92,32,199,13,523,161
1771717744,43,180,48,177,60,130,59,114,51,167,11,2084,136
1771717745,67,126,54,136,51,187,51,177,68,127,7,4279,78
1771717746,66,135,57,141,57,144,49,148,53,141,7,2938,81
1771717747,48,172,41,177,30,181,37,203,44,170,12,4876,131
1771717748,52,132,58,144,64,105,61,107,63,151,8,1769,92
1771717749,70,95,72,94,64,126,51,133,66,92,4,2713,46
1771717750,66,115,69,130,40,162,54,166,73,128,6,3929,84
1771717751,75,101,80,102,51,176,47,185,79,101,3,4206,50
1771717752,63,136,57,146,54,152,55,154,51,136,8,3239,100
1771717753,81,70,79,69,51,180,38,178,82,75,1,4103,19
1771717754,75,102,76,116,28,212,28,209,67,109,5,5937,73
1771717755,60,143,61,156,63,111,65,110,49,150,9,1778,101
1771717756,74,83,76,95,29,202,41,202,83,104,3,4816,32
1771717757,52,147,55,147,57,128,58,138,55,139,8,2486,86
1771717758,52,157,53,153,56,163,56,151,61,154,9,3584,119
1771717759,45,186,33,176,46,180,54,175,45,184,12,3931,136
1771717760,30,199,36,201,51,177,42,166,35,221,15,4228,172
1771717761,81,90,84,94,73,91,79,112,80,96,3,1232,42
1771717762,82,82,88,79,71,98,77,111,81,81,1,1486,27
1771717763,51,169,42,155,71,128,57,127,53,156,10,2300,122
1771717764,47,150,54,147,30,203,39,182,45,161,9,4897,108
1771717765,62,108,67,111,58,125,66,135,67,114,5,2227,63
1771717766,29,206,27,210,38,177,53,174,38,200,14,3970,156
1771717767,76,74,78,75,79,95,66,104,74,87,2,1468,31
1771717768,54,122,67,125,62,126,72,115,69,128,7,1870,98
1771717769,38,195,34,189,75,111,72,118,31,189,13,1839,155
1771717770,78,103,74,87,75,104,76,84,81,106,3,898,45
1771717771,58,156,60,145,26,222,30,220,48,145,9,5988,113
1771717772,47,173,41,177,49,143,59,133,48,181,12,2930,145
1771717773,53,150,54,134,54,149,50,156,52,148,8,3154,92
1771717774,34,186,30,189,82,73,79,80,35,192,13,477,163
1771717775,65,126,70,131,73,121,65,120,66,133,6,1903,66
1771717776,39,195,41,206,38,187,39,201,35,190,14,5121,175
1771717777,37,173,43,163,39,170,41,175,48,181,11,4039,137
1771717778,69,135,69,118,39,196,29,194,68,126,6,5273,76
1771717779,38,180,46,166,56,158,52,172,44,166,11,3701,135
1771717780,52,148,61,142,81,106,74,89,63,147,8,1150,90
1771717781,40,174,40,180,77,78,88,85,52,171,11,393,136
1771717782,82,72,78,76,46,143,44,146,81,65,1,3390,29
1771717783,41,185,44,177,89,94,89,81,39,188,12,510,151
1771717784,52,136,60,136,77,111,73,104,61,150,8,1695,96
1771717785,44,170,47,151,35,185,32,203,43,150,10,4938,122
1771717786,44,179,46,189,35,188,33,203,36,181,12,4863,138
1771717787,26,213,28,222,75,82,79,96,23,219,16,736,178
1771717788,55,157,42,157,73,119,68,124,46,171,10,1779,116
1771717789,40,187,33,171,37,197,40,208,35,170,12,5105,132
1771717790,32,193,39,187,51,136,53,149,36,180,13,3044,159
1771717791,35,178,46,170,62,147,48,145,36,170,12,3073,129
1771717792,76,92,77,95,84,79,84,74,88,74,2,296,36
1771717793,72,111,62,129,58,154,51,138,62,112,6,2969,73
1771717794,61,144,55,143,63,118,77,115,58,138,7,1658,80
1771717795,92,67,85,72,65,121,64,123,88,85,1,2323,18
1771717796,40,193,40,191,52,153,58,163,42,190,12,3293,151
1771717797,55,163,46,150,64,142,59,121,58,151,9,2417,107
1771717798,44,161,42,154,52,146,56,144,50,171,10,2797,120
1771717799,70,108,61,103,45,172,53,162,71,106,5,3792,71
1771717800,65,141,65,144,77,103,69,100,57,144,7,1343,86
1771717801,69,125,57,122,69,115,74,104,65,132,7,1712,80
1771717802,75,82,78,100,59,162,47,158,69,103,3,3381,31
1771717803,78,85,81,78,64,126,66,131,82,68,1,2400,23
1771717804,62,131,57,132,55,156,44,159,50,143,8,3814,106
1771717805,45,185,49,191,77,95,80,100,38,179,12,849,138
1771717806,47,191,47,186,73,107,67,113,46,189,12,1727,139
1771717807,66,108,69,110,36,183,43,177,65,103,5,4291,62
1771717808,47,163,48,173,84,99,73,87,46,179,11,873,137
1771717809,44,169,44,192,72,114,73,100,37,188,12,1335,149
1771717810,39,176,40,183,46,157,57,150,37,171,12,3311,145
1771717811,41,189,35,190,43,179,40,164,36,189,13,3887,140
1771717812,66,119,71,134,70,107,73,104,58,120,6,1344,77
1771717813,81,86,69,84,52,146,54,144,80,91,3,2650,41
1771717814,38,169,45,167,63,125,66,122,51,170,11,2457,124
1771717815,58,146,58,162,43,185,29,188,47,143,9,4842,108
1771717816,47,147,47,150,52,150,50,150,50,147,9,3243,119
1771717817,87,77,81,90,34,190,35,195,74,78,2,4884,42
1771717818,76,106,76,110,38,187,33,197,72,98,4,4645,50
1771717819,49,188,48,180,37,198,34,205,37,180,12,4977,143
1771717820,39,172,43,162,60,135,66,142,52,171,11,2526,119
1771717821,90,78,78,82,47,185,48,169,87,84,1,4250,31
1771717822,85,92,83,86,78,98,80,108,83,94,2,1217,36
1771717823,75,93,72,101,75,95,74,100,79,106,3,968,39
1771717824,37,161,45,167,67,121,58,123,51,178,11,2465,121
1771717825,62,108,61,125,52,138,49,148,71,119,5,3038,75
1771717826,33,179,44,184,73,94,74,97,29,194,13,1344,148
1771717827,77,98,77,91,43,174,43,169,73,92,3,4205,38
1771717828,76,82,80,81,82,97,83,97,84,87,2,997,23
1771717829,70,98,72,88,57,144,55,154,83,98,3,3032,43
1771717830,70,123,60,133,62,136,53,133,66,131,6,2559,66
1771717831,79,96,82,90,52,138,60,136,80,84,3,3039,53
1771717832,83,100,74,84,25,207,35,207,69,89,3,5601,37
1771717833,82,92,70,86,41,194,37,182,80,106,3,4815,52
1771717834,58,132,54,136,72,120,64,113,67,143,7,2157,96
1771717835,29,193,43,195,79,89,80,94,32,202,13,523,162
1771717836,68,113,70,109,35,195,40,181,68,102,5,4718,69
1771717837,71,124,72,130,54,156,49,159,62,129,6,3584,71
1771717838,79,92,86,85,45,182,48,178,82,82,2,4416,38
1771717839,41,183,38,188,41,155,42,178,33,185,13,3867,143
1771717840,40,204,38,193,43,162,37,165,35,194,14,4131,161
1771717841,70,84,82,86,37,178,43,178,78,86,3,4065,37
1771717842,75,101,66,116,72,119,72,98,76,114,4,1561,60
1771717843,40,161,46,173,54,142,56,145,40,184,11,2890,119
1771717844,51,164,51,148,62,125,67,140,54,151,9,2685,101
1771717845,83,83,74,96,49,147,50,145,74,98,3,3116,48
1771717846,34,197,32,185,79,114,78,107,44,196,13,1369,144
1771717847,36,188,44,175,44,168,38,161,37,190,12,4029,152
1771717848,34,178,41,173,42,187,39,186,46,179,12,4679,153
1771717849,75,120,72,121,61,128,62,132,71,123,5,2287,62
1771717850,41,194,35,210,31,192,32,189,34,202,14,4799,165
1771717851,45,172,53,166,60,123,74,108,53,173,11,1866,137
1771717852,32,179,31,193,36,203,35,212,35,184,13,5551,156
1771717853,64,106,62,108,38,177,32,191,70,124,5,4732,67
1771717854,73,100,79,109,31,217,30,219,65,109,4,5734,43
1771717855,70,116,62,119,72,119,71,109,61,135,6,1941,85
1771717856,43,172,49,171,40,164,49,157,44,183,12,3766,130
1771717857,77,84,92,68,35,190,36,179,87,77,1,4457,24
1771717858,20,225,26,211,70,116,65,123,29,216,16,1958,174
1771717859,72,100,70,105,34,212,21,218,79,97,4,5694,43
1771717860,89,84,86,86,20,208,26,212,85,96,2,5686,40
1771717861,56,122,62,123,81,82,76,89,64,143,7,328,74
1771717862,85,74,78,83,57,128,62,130,86,73,2,2502,31
1771717863,28,210,33,212,50,162,51,172,33,222,15,3773,170
1771717864,58,133,64,122,91,68,79,65,67,122,6,263,83
1771717865,67,110,66,97,60,150,48,152,65,113,4,3157,42
1771717866,26,205,35,209,24,196,24,204,39,200,14,5444,164
1771717867,58,154,59,133,38,169,46,182,63,150,8,4379,92
1771717868,46,175,39,161,39,197,39,207,39,184,11,5304,130
1771717869,58,139,53,140,80,97,78,85,49,142,8,783,87
1771717870,51,134,52,131,77,82,88,82,60,139,8,528,101
1771717871,75,100,74,109,81,94,78,87,74,105,4,685,45
1771717872,72,100,80,104,75,103,74,108,79,86,3,1757,42
1771717873,70,101,74,98,41,179,44,190,76,98,4,4529,49
1771717874,48,161,44,173,33,212,21,214,49,158,10,5932,107
1771717875,76,87,73,84,29,193,30,204,73,103,3,5013,54
1771717876,66,134,60,142,67,104,68,115,56,132,7,1603,92
1771717877,76,104,63,110,68,130,63,126,75,108,5,2579,72
1771717878,59,159,51,152,72,103,76,106,59,142,9,1671,108
1771717879,64,116,69,112,58,138,63,135,65,119,5,2561,64
1771717880,45,150,48,169,57,156,50,143,45,174,10,3150,128
1771717881,42,171,51,164,74,90,74,79,42,164,11,599,142
1771717882,75,112,71,96,45,174,36,183,68,93,4,4583,51
1771717883,47,171,51,156,76,88,88,87,48,157,10,416,119
1771717884,38,180,47,176,46,164,49,145,34,183,12,3360,153
1771717885,45,174,49,173,31,215,38,214,48,184,12,5320,144
1771717886,43,185,40,192,29,207,27,213,31,180,13,5600,155
1771717887,46,142,46,142,69,112,67,108,58,144,9,1542,102
1771717888,62,125,64,141,32,207,27,207,65,138,7,5524,84
1771717889,52,136,54,143,44,179,48,176,58,147,8,4327,95
1771717890,39,175,37,185,78,92,83,95,35,169,12,530,137
1771717891,41,188,43,184,27,200,30,192,48,180,12,5073,140
1771717892,91,82,78,65,60,139,63,137,82,72,1,2875,10
1771717893,38,180,35,198,54,142,61,149,39,187,13,3028,151
1771717894,34,180,47,191,54,152,57,151,48,188,12,2910,142
1771717895,38,173,48,192,71,114,77,96,45,189,12,1467,145
1771717896,43,193,39,183,77,106,78,100,33,195,13,1492,155
1771717897,47,163,50,176,29,192,41,187,42,161,11,4818,135
1771717898,73,113,66,122,45,195,39,190,70,103,5,4822,69
1771717899,46,167,53,151,71,96,74,99,42,159,10,776,109
1771717900,56,143,59,152,64,107,69,109,65,152,8,1747,102
1771717901,50,137,65,148,34,205,23,213,60,132,8,5587,91
1771717902,64,136,68,123,26,191,40,188,61,134,7,5170,80
1771717903,41,180,40,175,49,155,48,156,40,188,12,3584,150
1771717904,58,157,48,159,23,204,26,202,57,143,9,5477,101
1771717905,48,146,55,161,81,98,76,98,48,157,9,1308,114
1771717906,33,173,46,170,61,138,68,121,40,187,12,2251,149
1771717907,84,96,73,106,35,221,28,201,80,93,3,5660,44
1771717908,32,216,28,212,42,176,44,179,29,227,16,4115,177
1771717909,55,142,56,160,43,186,31,194,54,163,9,4782,104
1771717910,37,189,39,193,40,186,41,183,49,180,12,4983,135
1771717911,85,103,81,91,72,95,65,109,78,90,3,1479,48
1771717912,71,119,64,112,70,100,79,111,72,128,6,1223,85
1771717913,58,148,46,152,80,81,86,76,56,160,9,669,102
1771717914,77,106,67,108,82,73,79,74,66,113,4,303,57
1771717915,47,188,45,181,61,113,61,126,47,177,12,1848,138
1771717916,75,80,86,89,46,173,42,160,74,83,2,4034,25
1771717917,75,100,79,100,57,152,52,156,76,95,4,3536,46
1771717918,59,121,63,126,45,189,41,185,58,115,6,4384,70
1771717919,41,177,41,187,34,186,37,204,41,184,12,4949,130
1771717920,43,181,53,164,26,194,29,211,43,173,11,5219,121
1771717921,43,159,57,168,90,71,92,81,42,170,10,281,127
1771717922,57,130,60,112,47,160,52,151,60,121,6,3381,78
1771717923,42,179,34,179,64,130,54,132,45,180,13,2734,143
1771717924,83,106,72,101,64,146,52,139,71,100,3,2695,47
1771717925,65,112,79,108,42,184,33,175,77,100,4,4624,49
1771717926,39,182,45,162,81,89,75,93,45,174,11,1043,123
1771717927,49,166,44,173,68,103,78,111,46,162,10,1635,108
1771717928,50,171,40,175,85,73,78,78,40,177,11,452,138
1771717929,46,183,38,189,40,165,46,157,46,187,12,3899,148
1771717930,34,200,34,192,77,108,72,106,30,188,13,1443,162
1771717931,37,181,41,176,28,205,34,204,34,179,12,5047,132
1771717932,71,96,74,89,45,163,46,150,84,98,3,3368,51
1771717933,73,109,69,121,67,121,64,136,68,111,5,2297,60
1771717934,40,193,30,188,81,74,89,83,35,189,13,478,156
1771717935,35,179,31,198,62,111,70,109,30,194,13,1742,146
1771717936,33,219,17,211,88,89,82,85,31,230,16,540,196
1771717937,35,190,45,190,48,158,45,156,44,184,13,3697,161
1771717938,58,147,55,146,41,203,37,195,54,150,8,5006,86
1771717939,50,137,59,145,72,134,67,125,61,139,8,2198,108
1771717940,92,73,79,83,35,183,36,189,82,87,1,4439,18
1771717941,60,144,57,138,79,93,83,84,63,149,8,598,103
1771717942,48,192,40,182,79,93,76,82,48,176,12,655,141
1771717943,66,136,54,136,66,133,63,112,55,124,7,2100,79
1771717944,48,182,37,188,68,112,76,90,36,184,12,1230,147
1771717945,36,183,34,174,35,207,35,199,42,184,12,5401,148
1771717946,61,150,52,164,53,163,47,173,51,144,9,3630,98
1771717947,70,121,69,107,36,194,33,201,68,109,5,5235,62
1771717948,39,200,42,196,64,109,60,108,32,197,13,1875,162
1771717949,49,161,46,152,71,118,65,110,52,149,9,2022,99
1771717950,49,181,38,163,71,101,66,103,53,183,11,1304,136
1771717951,44,169,45,171,64,120,70,110,47,175,11,1913,126
1771717952,54,151,57,137,26,204,27,203,55,147,8,5629,96
1771717953,38,203,34,196,42,170,35,182,39,202,13,4445,163
1771717954,85,84,77,78,58,134,57,151,87,74,2,2777,35
1771717955,21,213,24,216,35,182,43,176,37,219,15,4558,174
1771717956,65,143,59,138,32,199,33,215,67,140,7,5412,77
1771717957,54,152,54,142,30,187,36,202,57,154,8,4957,90
1771717958,68,111,72,120,80,105,75,107,67,106,5,1390,63
1771717959,64,155,59,131,78,111,74,118,60,139,8,1673,102
1771717960,88,92,75,90,74,125,76,119,88,75,2,1750,22
1771717961,80,69,86,84,48,152,45,156,79,75,1,3409,12
1771717962,46,159,46,146,71,116,59,123,51,141,9,2158,104
1771717963,50,168,56,159,28,218,30,203,43,170,10,5714,111
1771717964,60,124,72,119,25,209,32,212,62,126,6,5655,84
1771717965,79,105,68,106,33,208,29,192,75,99,4,5148,51
1771717966,47,144,51,162,89,88,80,86,53,141,9,543,108
1771717967,34,181,30,198,46,186,46,171,33,199,13,4292,142
1771717968,37,178,36,187,34,206,25,199,35,176,12,5643,144
1771717969,59,139,55,121,29,198,41,199,58,131,7,4909,92
1771717970,74,97,79,93,85,79,78,84,79,90,3,250,39
1771717971,68,117,70,109,79,88,90,78,77,123,5,395,53
1771717972,49,173,43,177,60,108,74,123,51,160,11,1932,136
1771717973,68,112,63,134,31,197,30,213,57,122,6,5299,79
1771717974,56,149,55,148,68,128,58,133,50,144,8,2286,99
1771717975,30,198,32,191,33,196,44,189,43,195,13,4696,143
1771717976,58,122,58,122,65,115,73,103,65,145,7,1561,88
1771717977,71,110,68,98,78,111,71,104,71,96,4,1582,42
1771717978,47,168,40,174,45,170,45,166,41,180,11,4147,142
1771717979,42,170,41,163,82,91,70,103,47,172,11,986,140
1771717980,58,151,51,134,50,146,56,138,52,142,8,2940,96
1771717981,49,162,45,167,34,194,42,198,41,167,10,4946,129
1771717982,69,123,69,126,43,168,42,164,63,134,6,4187,70
1771717983,49,133,49,141,67,113,67,106,59,143,8,1412,108
1771717984,81,72,83,66,36,193,30,204,87,80,1,4958,18
1771717985,56,143,48,152,63,123,60,116,46,148,9,1977,108
1771717986,73,97,69,105,43,172,45,189,81,91,3,4420,31
1771717987,70,132,62,132,43,189,41,188,58,117,6,4778,71
1771717988,79,93,77,115,46,157,44,175,66,116,4,3882,50
1771717989,45,159,53,151,39,167,53,165,44,166,10,3892,129
1771717990,87,73,86,90,40,185,47,170,81,94,2,4450,40
1771717991,40,191,40,198,34,218,25,216,40,189,13,5829,144
1771717992,62,115,66,126,82,90,69,95,76,112,5,1172,63
1771717993,86,87,75,93,78,105,79,96,85,88,2,1376,33
1771717994,73,85,75,89,48,155,50,151,84,86,2,3512,36
1771717995,51,138,58,154,67,120,64,118,49,150,8,1864,107
1771717996,37,195,38,198,42,184,40,189,26,194,14,4921,170
1771717997,48,168,44,163,40,186,42,200,52,158,10,4986,113
1771717998,63,140,62,146,77,103,78,101,59,147,8,1422,92
1771717999,70,128,72,135,52,179,51,165,61,127,6,3980,86
1771718000,82,99,77,85,72,90,80,97,74,99,3,651,47
1771718001,70,85,83,92,78,87,88,86,75,94,3,682,54
1771718002,43,160,53,158,42,183,45,173,48,169,10,4039,122
1771718003,35,200,37,200,44,186,33,184,27,209,14,4687,157
1771718004,37,203,33,191,55,148,66,141,34,180,13,2809,164
1771718005,35,201,34,198,78,89,79,68,35,195,13,375,155
1771718006,67,110,66,112,33,193,37,193,72,103,4,5076,59
1771718007,80,92,78,88,83,104,82,98,73,86,3,1133,46
1771718008,74,81,77,75,47,188,48,183,79,92,2,4454,26
1771718009,62,112,57,129,68,109,70,108,68,135,6,1102,64
1771718010,54,134,52,153,70,131,61,122,58,151,8,2386,107
1771718011,45,160,42,166,49,156,55,159,46,158,10,3469,125
1771718012,60,132,61,119,24,213,29,214,58,135,6,5998,84
1771718013,84,67,80,69,46,166,38,181,89,73,1,4234,30
1771718014,67,108,69,113,73,115,65,98,72,110,4,1356,58
1771718015,42,170,46,184,37,196,35,193,48,175,12,4774,151
1771718016,47,182,41,192,74,91,74,110,37,187,12,1312,144
1771718017,21,213,22,228,40,187,38,185,22,209,16,5047,182
1771718018,77,108,78,106,35,175,34,179,66,96,4,4445,51
1771718019,80,86,82,73,75,91,73,95,84,73,1,815,25
1771718020,66,112,69,104,73,112,69,97,74,112,4,1500,45
1771718021,21,225,21,218,64,135,58,123,24,224,16,2204,182
1771718022,45,164,55,161,68,124,64,109,50,163,9,1929,102
1771718023,35,203,35,217,45,202,44,202,35,199,15,4816,175
1771718024,68,123,72,115,31,194,34,190,74,124,5,5181,70
1771718025,50,163,53,149,70,129,64,126,55,163,9,2210,110
1771718026,80,82,79,77,82,70,83,83,79,95,2,324,22
1771718027,73,98,69,105,38,195,31,211,75,107,4,5156,61
1771718028,43,198,42,199,77,108,74,97,43,179,13,1518,143
1771718029,88,77,81,68,46,163,55,159,83,68,1,3366,23
1771718030,41,182,37,199,71,127,71,122,41,202,13,2152,152
1771718031,61,148,51,147,69,97,77,111,50,131,8,1312,89
1771718032,41,181,43,178,51,161,41,160,37,190,12,3861,134
1771718033,83,94,76,87,57,138,62,153,76,91,3,3149,43
1771718034,77,93,70,99,37,210,32,205,72,88,3,5377,42
1771718035,36,201,39,200,63,140,58,139,41,185,13,2537,141
1771718036,44,174,38,172,72,121,63,134,43,173,12,2202,146
1771718037,56,154,59,143,65,135,59,140,62,143,8,2574,103
1771718038,39,186,39,202,50,147,55,140,38,196,13,2867,146
1771718039,44,172,46,163,36,201,37,199,48,172,11,5375,141
1771718040,50,142,59,134,29,197,31,199,63,134,8,4871,87
1771718041,55,150,50,148,46,162,54,149,50,148,9,3609,113
1771718042,48,160,48,175,90,72,86,77,43,176,11,314,134
1771718043,40,186,35,176,59,152,51,158,41,190,12,3428,133
1771718044,72,105,74,105,66,127,59,137,76,99,3,2297,49
1771718045,38,191,30,195,58,146,53,143,29,196,13,2942,151
1771718046,37,179,38,176,47,191,40,184,46,161,11,4377,128
1771718047,50,181,49,171,76,103,71,110,49,164,11,1441,124
1771718048,89,72,93,85,53,147,59,156,83,66,1,3052,20
1771718049,89,81,88,67,34,189,36,200,88,79,1,4789,18
1771718050,74,87,83,87,49,159,51,161,84,89,2,3303,41
1771718051,42,188,42,171,72,118,74,110,43,177,12,2026,138
1771718052,39,171,37,180,88,91,83,95,40,187,12,640,149
1771718053,85,94,76,95,62,153,56,146,85,91,2,3181,23
1771718054,78,95,76,94,58,142,62,139,70,91,3,2796,54
1771718055,46,167,44,170,71,89,81,102,49,151,10,987,112
1771718056,58,150,48,146,42,168,45,176,57,161,9,4058,114
1771718057,46,155,58,158,60,148,55,143,53,156,9,3267,113
1771718058,78,98,83,104,52,133,62,146,72,101,3,2847,45
1771718059,74,103,75,94,78,107,71,104,77,97,4,1377,45
1771718060,65,108,67,102,39,183,50,168,72,123,5,4286,65
1771718061,38,173,42,177,30,224,23,209,50,182,11,5918,118
1771718062,87,92,81,84,25,221,25,226,88,79,2,5938,37
1771718063,66,128,65,127,52,148,54,165,57,128,7,3346,79
1771718064,84,86,71,105,48,156,55,163,75,87,3,3725,37
1771718065,67,112,72,111,68,98,82,100,65,129,6,1144,67
1771718066,32,212,32,189,41,165,45,173,34,206,14,4187,158
1771718067,68,103,73,100,58,154,52,153,72,99,4,3188,50
1771718068,37,176,48,187,39,193,37,181,48,171,12,4584,135
1771718069,62,107,65,113,65,116,74,118,67,123,5,1492,70
1771718070,58,147,63,136,36,183,50,172,61,150,8,4236,85
1771718071,39,183,38,177,29,212,29,193,42,183,12,5271,145
1771718072,83,79,87,74,65,110,74,123,89,82,2,1743,28
1771718073,68,112,63,131,29,193,27,195,65,129,6,4994,75
1771718074,39,177,45,164,31,198,38,190,51,170,11,4722,138
1771718075,53,133,62,133,58,166,54,164,66,143,7,3574,81
1771718076,47,163,47,183,27,187,41,200,53,178,11,5087,135
1771718077,76,86,74,88,66,102,72,95,74,90,3,1410,41
1771718078,48,160,50,143,53,165,40,166,59,159,9,3823,108
1771718079,36,208,31,206,62,117,74,127,30,204,14,1842,152
1771718080,34,174,34,184,49,137,54,140,40,171,12,3060,140
1771718081,44,184,38,199,49,187,36,172,41,182,13,4465,151
1771718082,88,77,90,76,50,167,49,174,85,64,1,3690,18
1771718083,52,145,51,148,49,159,56,163,52,163,9,3668,107
1771718084,31,179,44,197,67,126,68,130,40,190,13,2580,144
1771718085,38,180,38,187,38,177,39,174,34,190,13,4313,151
1771718086,60,141,50,149,38,200,27,202,58,158,9,5390,96
1771718087,54,136,63,144,68,93,78,95,54,137,7,1138,75
1771718088,62,117,70,105,66,140,52,140,69,111,5,2664,59
1771718089,51,168,55,166,51,171,46,166,49,151,10,3780,117
1771718090,81,104,71,83,50,148,54,145,81,88,3,2864,34
1771718091,43,166,47,178,46,168,54,147,49,166,11,3533,135
1771718092,46,179,43,190,40,177,38,188,35,170,12,4654,141
1771718093,88,85,75,82,85,71,76,86,80,85,2,313,32
1771718094,75,74,79,80,33,186,32,196,88,82,2,4701,24
1771718095,28,202,35,217,49,185,45,188,36,212,15,4300,174
1771718096,55,155,52,152,30,225,19,217,49,146,9,5955,117
1771718097,80,94,78,93,59,121,71,131,77,75,2,2268,31
1771718098,53,157,57,156,55,151,45,165,52,170,10,3592,118
1771718099,19,222,30,227,56,168,46,155,24,222,16,3710,184
1771718100,44,172,40,190,56,137,56,125,47,169,12,2504,133
1771718101,55,144,65,141,27,205,31,208,56,127,7,5204,88
1771718102,81,103,74,91,47,159,57,150,83,94,3,3165,34
1771718103,35,184,30,195,73,97,77,98,40,184,13,1439,151
1771718104,67,103,77,103,57,166,56,161,72,107,4,3554,61
1771718105,57,154,47,154,51,162,46,172,49,155,9,3950,108
1771718106,40,176,46,192,47,161,57,161,33,186,12,3503,134
1771718107,79,109,68,95,31,185,30,201,72,92,4,5052,46
1771718108,45,162,43,173,71,84,71,97,37,166,11,985,130
1771718109,48,171,39,188,54,160,52,144,44,175,12,3193,148
1771718110,52,169,41,160,81,74,76,71,44,167,10,376,129
1771718111,38,194,31,201,44,181,49,186,34,194,13,4250,163
1771718112,31,180,34,181,56,160,52,158,43,199,13,3606,157
1771718113,83,77,88,85,35,208,28,221,80,82,2,5778,32
1771718114,76,88,85,84,43,198,38,185,80,93,3,4885,30
1771718115,74,101,80,87,38,204,43,192,82,94,3,4906,42
1771718116,48,180,47,161,35,178,35,184,40,165,11,4487,138
1771718117,56,158,42,157,71,122,76,110,52,166,10,1630,128
1771718118,43,167,47,171,28,225,21,229,38,171,11,5899,136
1771718119,57,141,59,136,46,178,37,182,59,121,7,4486,75
1771718120,59,132,52,141,76,75,80,84,51,146,8,456,97
1771718121,76,106,69,95,47,155,48,162,66,102,4,3270,46
1771718122,66,130,64,126,64,108,76,104,69,139,7,1626,77
1771718123,36,170,41,186,68,106,76,96,35,188,12,1479,147
1771718124,46,174,48,160,81,79,87,84,50,179,11,436,122
1771718125,66,111,69,96,46,155,59,162,67,108,4,3223,60
1771718126,78,83,76,87,28,210,22,206,88,81,2,5648,20
1771718127,51,143,60,153,77,112,67,118,63,143,8,1438,93
1771718128,55,157,51,158,48,178,48,173,59,143,9,4493,102
1771718129,78,81,78,83,50,176,49,177,76,95,2,4302,39
1771718130,84,82,78,94,83,81,77,69,78,74,2,204,40
1771718131,35,201,36,188,21,219,26,216,32,200,13,5809,161
1771718132,52,141,49,148,83,87,70,95,54,149,9,919,112
1771718133,47,188,45,186,68,143,54,133,47,183,12,2581,136
1771718134,46,175,49,177,78,84,83,81,38,179,12,771,134
1771718135,39,161,38,182,60,146,62,132,41,161,11,2607,133
1771718136,75,86,83,94,53,155,56,168,76,90,3,3661,36
1771718137,87,70,79,84,60,152,60,136,85,87,1,2850,18
1771718138,80,105,79,93,89,83,83,74,73,102,4,297,44
1771718139,49,157,50,161,81,78,80,83,49,147,9,312,105
1771718140,41,178,45,162,40,182,51,161,44,178,11,4040,137
1771718141,33,179,38,190,81,88,82,90,30,197,13,599,146
1771718142,17,225,28,217,38,191,38,189,27,220,16,4825,177
1771718143,89,78,87,67,61,119,73,106,78,86,1,1883,25
1771718144,40,171,47,181,61,159,46,153,37,183,11,3323,123
1771718145,76,96,79,103,70,93,68,95,71,102,3,1164,42
1771718146,85,71,89,73,70,130,63,111,84,80,1,1954,27
1771718147,36,185,37,181,66,114,76,93,37,191,12,1379,135
1771718148,21,217,25,210,42,185,47,185,28,215,16,4141,176
1771718149,43,193,35,199,87,87,87,73,40,191,13,217,156
1771718150,72,97,77,94,49,148,49,142,80,111,4,3052,43
1771718151,74,73,78,82,73,115,69,128,85,74,2,1899,39
1771718152,36,173,45,174,77,103,77,92,47,191,12,1048,146
1771718153,82,77,90,69,34,202,44,186,77,76,1,4914,23
1771718154,76,82,74,73,37,185,40,178,89,87,2,4737,30
1771718155,70,120,65,102,41,196,44,188,68,108,5,4660,54
1771718156,58,140,54,139,32,214,24,213,54,141,8,5312,107
1771718157,60,154,47,143,73,118,72,117,53,156,9,1874,104
1771718158,73,94,85,101,43,178,33,181,84,95,3,4582,48
1771718159,36,179,36,195,85,79,86,75,37,194,13,472,142
1771718160,89,96,82,81,77,100,83,88,77,87,2,964,20
1771718161,41,173,49,165,33,216,34,223,44,160,10,5755,114
1771718162,47,143,48,147,41,174,51,167,61,147,9,4106,105
1771718163,72,131,66,126,27,222,27,215,62,133,6,5669,66
1771718164,79,94,82,106,85,87,74,93,69,88,3,480,32
1771718165,38,198,44,185,53,172,54,165,34,187,13,3594,159
1771718166,50,138,50,154,76,110,72,109,55,133,8,1719,97
1771718167,78,81,87,82,66,121,63,104,87,77,1,1627,14
1771718168,73,115,67,113,60,141,54,142,70,122,5,3059,58
1771718169,78,70,84,83,32,198,35,206,81,74,1,5401,19
1771718170,62,124,58,131,19,211,18,218,58,131,7,5929,82
1771718171,30,217,20,224,33,191,28,189,18,224,16,5018,181
1771718172,34,180,37,192,67,125,58,134,41,188,12,2303,149
1771718173,45,173,37,183,63,133,59,122,39,171,12,2073,151
1771718174,53,165,51,168,61,151,49,159,45,157,10,3193,109
1771718175,33,197,40,197,78,108,74,106,44,193,13,1240,163
1771718176,41,210,34,196,57,132,64,137,39,202,14,2652,173
1771718177,38,199,37,192,56,132,63,142,39,190,13,2569,150
1771718178,48,151,45,171,73,116,66,125,47,164,10,1885,121
1771718179,60,144,65,138,43,160,46,158,54,124,7,3743,82
1771718180,48,164,55,170,51,166,48,155,49,159,10,3872,116
1771718181,41,185,47,188,55,151,42,167,41,181,12,3605,149
1771718182,93,81,88,72,51,153,59,154,92,69,1,3191,29
1771718183,35,194,37,202,50,147,51,155,33,197,13,3232,151
1771718184,33,187,33,183,60,120,65,111,40,203,13,1924,140
1771718185,51,146,60,134,45,173,38,176,55,139,8,4051,99
1771718186,82,83,76,93,51,169,48,171,79,83,3,3692,36
1771718187,32,188,30,191,60,127,61,140,42,198,13,2538,156
1771718188,77,115,62,104,51,150,55,160,64,118,5,3641,56
1771718189,67,120,67,124,25,209,22,210,65,124,6,5595,68
1771718190,33,174,45,177,37,199,40,188,36,193,12,4947,136
1771718191,83,94,83,75,33,203,29,183,84,86,2,4928,22
1771718192,53,153,58,133,82,102,78,104,50,134,8,973,109
1771718193,52,166,45,155,43,168,52,160,56,157,10,3740,128
1771718194,69,111,69,113,45,173,36,191,66,115,5,4540,70
1771718195,65,144,62,140,76,84,77,94,55,153,8,849,88
1771718196,41,171,43,173,43,173,42,184,44,177,11,4386,132
1771718197,55,173,48,162,34,209,27,194,49,162,10,5151,118
1771718198,43,202,35,183,50,146,56,141,41,181,13,3289,140
1771718199,40,172,34,184,87,76,92,69,46,175,12,265,138
1771718200,77,81,73,87,54,145,45,152,79,94,2,3441,26
1771718201,78,103,76,109,80,88,72,103,76,116,4,950,52
1771718202,77,86,88,80,61,116,71,122,93,86,1,2110,23
1771718203,42,179,34,189,38,197,35,214,42,190,12,5392,129
1771718204,38,190,42,192,50,143,60,147,34,191,12,3323,142
1771718205,26,202,39,213,71,102,82,102,26,196,14,883,168
1771718206,58,134,65,126,56,165,58,158,60,133,6,3529,75
1771718207,92,83,82,67,60,120,62,122,85,63,1,2302,10
1771718208,68,104,73,113,46,169,47,168,75,123,5,4297,55
1771718209,35,192,44,193,34,193,37,190,40,200,13,4913,158
1771718210,61,118,71,133,70,123,57,126,61,115,6,2351,82
1771718211,31,210,30,213,38,217,29,202,28,224,16,5509,188
1771718212,78,80,88,66,55,139,66,117,79,85,1,2287,24
1771718213,21,217,25,224,36,201,36,208,21,226,16,5342,181
1771718214,50,150,56,133,62,132,62,150,62,142,8,2841,85
1771718215,57,154,55,141,70,119,69,111,57,141,8,1666,102
1771718216,78,88,78,85,71,103,68,110,72,105,3,1648,34
1771718217,56,151,64,137,71,106,71,104,60,152,8,1807,99
1771718218,39,198,38,199,39,174,40,176,45,192,13,4011,159
1771718219,43,192,31,191,89,87,78,67,40,198,13,319,156
1771718220,64,146,63,146,36,215,29,207,54,140,8,5561,109
1771718221,43,201,41,188,37,197,37,186,45,182,13,4637,162
1771718222,55,159,54,174,54,145,58,152,56,159,10,2872,127
1771718223,52,179,46,164,47,189,45,175,51,181,11,4279,126
1771718224,75,120,74,107,63,118,70,132,61,102,5,2173,69
1771718225,31,217,26,228,48,172,42,179,21,217,16,4267,174
1771718226,58,123,59,127,64,119,58,117,66,115,6,2187,79
1771718227,71,114,67,134,78,78,81,92,62,123,6,609,76
1771718228,69,114,74,112,26,203,41,195,67,107,5,5127,60
1771718229,80,74,78,74,38,203,34,198,85,79,1,5474,32
1771718230,43,171,33,187,32,189,45,183,46,172,12,4546,144
1771718231,26,199,35,209,53,156,48,158,28,207,14,3261,164
1771718232,49,170,44,164,71,124,64,111,43,159,10,2052,117
1771718233,82,83,79,74,66,109,73,113,87,70,1,1418,22
1771718234,60,126,60,137,75,125,72,116,56,137,7,1753,93
1771718235,59,139,62,145,71,103,83,100,68,130,7,1161,89
1771718236,69,139,55,121,61,117,65,127,55,141,7,2164,80
1771718237,58,136,64,125,39,191,40,207,53,121,7,5097,96
1771718238,71,111,73,113,41,176,41,166,69,114,5,4293,57
1771718239,77,115,67,97,30,191,46,190,79,106,4,4744,48
1771718240,39,176,43,162,60,153,61,157,46,176,11,3164,128
1771718241,51,173,46,160,78,96,82,89,43,181,11,757,139
1771718242,47,163,45,158,38,203,36,190,56,160,10,5134,114
1771718243,41,153,50,163,49,176,45,171,45,167,10,3827,113
1771718244,64,150,53,153,88,80,79,89,53,137,8,564,107
1771718245,56,137,61,122,34,184,42,198,64,139,7,5004,88
1771718246,69,119,61,119,91,87,86,88,68,106,5,399,63
1771718247,41,170,49,171,41,186,36,188,46,177,12,4508,134
1771718248,42,195,35,182,82,93,70,90,37,193,13,1178,163
1771718249,71,113,73,102,74,93,82,88,66,99,4,519,51
1771718250,36,189,35,182,31,221,26,204,39,191,13,5705,162
1771718251,70,112,68,116,56,135,60,143,70,103,5,2936,59
1771718252,79,75,84,85,33,197,28,195,81,73,1,5332,13
1771718253,31,188,43,189,53,164,60,144,37,189,13,3397,149
1771718254,70,109,69,124,82,83,80,89,72,122,5,624,52
1771718255,90,73,82,72,71,100,77,107,90,77,1,1417,29
1771718256,23,224,31,215,25,199,29,211,32,230,16,5603,179
1771718257,49,180,47,163,40,183,37,179,50,182,11,4221,131
1771718258,50,149,52,133,73,113,74,105,65,140,8,1817,96
1771718259,51,179,38,176,77,99,78,81,41,175,11,738,141
1771718260,42,195,41,189,62,135,64,150,31,189,13,2740,147
1771718261,38,170,40,169,82,103,86,92,46,168,11,851,130
1771718262,52,173,49,161,49,168,48,177,49,176,11,4243,137
1771718263,35,202,41,179,85,98,77,100,40,194,13,1010,147
1771718264,74,99,76,105,76,110,79,94,80,114,4,1391,65
1771718265,61,153,57,150,47,162,45,163,62,150,8,3422,95
1771718266,29,193,36,186,73,92,72,94,45,194,13,810,143
1771718267,75,97,85,84,39,181,34,182,84,101,3,4344,41
1771718268,85,78,84,81,43,195,36,176,79,96,2,4531,25
1771718269,33,208,31,200,43,175,39,179,33,213,15,4411,180
1771718270,73,107,72,122,85,86,78,75,63,106,5,368,56
1771718271,49,152,54,154,31,203,30,192,57,156,9,5324,97
1771718272,52,169,40,170,53,164,59,148,40,166,11,3494,126
1771718273,30,197,30,191,43,181,47,183,45,197,13,4503,156
1771718274,50,164,46,162,44,173,53,165,45,168,11,3760,123
1771718275,59,115,70,129,44,182,38,193,57,121,6,4858,67
1771718276,62,155,64,139,46,176,41,188,54,136,8,4651,104
1771718277,34,188,30,199,41,180,37,184,41,200,13,4255,159
1771718278,74,97,78,104,53,171,42,150,82,98,3,3674,33
1771718279,71,130,60,126,87,94,79,88,57,133,6,637,67
1771718280,48,182,45,176,66,119,74,109,50,178,11,1574,123
1771718281,37,194,33,209,65,134,60,132,25,196,14,2331,157
1771718282,38,193,40,187,79,102,70,93,40,202,13,1142,145
1771718283,53,161,52,170,76,102,70,107,48,172,10,1355,108
1771718284,55,143,45,145,72,82,75,84,55,151,9,926,103
1771718285,63,140,65,137,82,80,75,85,66,144,7,832,74
1771718286,34,188,34,188,59,149,57,160,43,199,13,3247,157
1771718287,50,132,49,143,64,128,55,139,59,150,8,2664,92
1771718288,34,191,29,189,80,92,80,98,31,188,13,1160,160
1771718289,60,126,72,128,59,138,53,137,58,133,6,2627,79
1771718290,40,172,43,175,78,75,75,84,47,180,12,613,149
1771718291,48,162,46,167,50,167,49,158,44,173,11,3728,128
1771718292,33,191,41,192,47,181,48,171,34,190,13,4388,159
1771718293,53,163,48,154,35,188,32,190,57,172,10,4550,108
1771718294,81,81,89,73,67,138,61,136,86,77,2,2308,36
1771718295,40,195,34,210,46,177,43,190,28,196,14,4475,170
1771718296,44,167,46,176,74,82,85,89,40,179,11,853,124
1771718297,87,93,74,75,73,101,67,94,85,90,2,1167,30
1771718298,31,200,27,218,65,135,68,132,22,201,15,2505,176
1771718299,40,190,43,170,79,97,70,118,41,193,12,1515,131
1771718300,68,117,75,111,81,100,75,103,63,120,5,861,62
1771718301,82,75,93,76,79,85,82,86,81,79,1,444,31
1771718302,50,132,50,132,78,73,85,75,62,151,8,255,104
1771718303,48,165,43,156,45,164,53,161,56,158,10,4035,121
1771718304,33,185,39,182,51,164,44,153,31,201,13,3505,147
1771718305,63,139,65,127,70,113,65,111,64,127,7,2123,77
1771718306,69,127,63,135,68,143,66,126,60,124,6,2464,85
1771718307,67,117,64,133,41,194,29,195,70,115,6,5241,66
1771718308,54,171,46,160,50,171,36,179,50,162,10,4153,128
1771718309,73,119,65,126,84,76,79,81,62,123,6,562,71
1771718310,69,93,81,97,46,161,39,157,75,94,3,3901,38
1771718311,49,182,48,183,65,94,68,96,53,169,11,1376,141
1771718312,41,199,43,201,64,145,60,141,36,201,13,2663,150
1771718313,89,87,81,85,53,159,43,175,87,89,2,3801,32
1771718314,39,198,45,200,72,112,78,112,35,199,13,1429,152
1771718315,63,117,76,105,64,147,61,150,64,102,5,2921,72
1771718316,40,188,32,180,44,180,41,193,30,195,13,4834,159
1771718317,42,159,55,155,72,82,80,102,53,165,10,808,116
1771718318,80,101,71,84,46,148,51,162,76,87,3,3257,48
1771718319,63,119,59,119,37,201,28,205,66,124,6,4961,76
1771718320,41,192,30,201,56,163,48,151,36,186,13,3342,146
1771718321,61,156,50,159,30,214,36,199,49,160,9,5483,117
1771718322,52,144,64,149,53,160,55,154,50,145,8,3613,106
1771718323,86,75,92,72,39,162,49,160,88,69,1,4041,27
1771718324,59,148,60,136,69,114,68,97,51,154,8,1560,86
1771718325,81,83,85,80,43,171,44,165,84,94,2,4208,21
1771718326,32,200,31,187,48,161,51,148,43,183,13,3595,148
1771718327,40,185,36,177,31,186,38,183,37,190,12,4942,145
1771718328,79,96,83,102,32,214,27,209,74,84,3,5958,47
1771718329,79,75,78,81,44,178,42,185,83,80,1,4257,13
1771718330,63,114,63,116,60,126,69,114,59,135,6,1894,66
1771718331,59,117,59,126,62,146,63,151,64,113,6,2968,70
1771718332,30,204,32,197,38,194,41,211,29,190,14,5212,160
1771718333,79,92,65,111,61,140,51,146,70,101,4,2822,51
1771718334,73,93,73,87,52,157,54,153,85,94,2,3171,36
1771718335,34,181,45,191,63,105,69,110,33,174,12,1521,142
1771718336,67,139,54,144,77,90,81,97,55,145,7,1118,89
1771718337,71,118,72,123,47,158,51,153,71,108,5,3406,73
1771718338,58,144,47,140,50,167,35,171,59,163,9,4288,115
1771718339,62,109,63,125,63,137,59,131,75,113,5,2619,57
1771718340,57,125,58,115,54,150,52,140,67,112,6,3109,71
1771718341,72,116,64,117,39,167,42,163,62,120,5,3878,67
1771718342,22,218,28,209,46,158,45,162,23,200,15,3820,184
1771718343,49,170,40,164,29,193,30,207,37,173,11,5321,120
1771718344,61,137,52,133,59,150,54,150,52,136,8,3075,87
1771718345,32,193,39,202,44,193,46,181,36,182,13,4649,147
1771718346,58,139,52,152,39,174,48,182,58,153,8,3997,108
1771718347,47,171,55,164,64,107,74,113,44,160,10,1471,110
1771718348,48,163,41,182,62,137,59,142,48,177,11,2840,141
1771718349,42,158,49,155,33,192,35,195,51,174,10,4534,119
1771718350,46,175,47,176,66,128,67,126,35,180,12,2043,150
1771718351,42,180,51,174,83,90,88,75,38,168,11,342,135
1771718352,35,204,28,209,71,105,82,94,24,214,15,1153,181
1771718353,63,135,56,131,41,164,42,176,56,132,7,3983,79
1771718354,46,160,46,169,30,186,32,201,43,172,10,4882,117
1771718355,77,103,78,105,29,190,40,183,75,110,4,4929,43
1771718356,83,93,73,88,70,103,77,114,80,93,3,1724,36
1771718357,76,111,77,95,52,173,51,166,67,95,4,4144,52
1771718358,57,148,49,163,64,117,72,134,60,159,9,2075,98
1771718359,30,208,25,214,60,151,54,143,21,211,15,2877,163
1771718360,49,181,43,181,35,183,49,188,37,172,11,4354,130
1771718361,34,202,42,183,67,95,77,90,37,183,13,1263,163
1771718362,78,94,74,109,55,170,50,157,73,97,4,3754,59
1771718363,25,210,33,206,26,197,31,204,29,191,14,5269,168
1771718364,46,174,37,187,33,188,41,190,43,191,12,4746,142
1771718365,71,104,69,114,62,102,65,113,66,102,4,1718,43
1771718366,29,191,34,203,54,152,51,146,37,189,13,3506,157
1771718367,74,85,84,83,40,195,41,196,83,87,2,4599,43
1771718368,82,98,77,89,66,120,68,113,78,88,3,1705,34
1771718369,32,186,37,181,53,169,52,171,40,187,13,3793,146
1771718370,22,212,27,199,76,73,89,69,22,215,15,440,169
1771718371,32,189,34,190,21,218,28,220,37,189,13,5950,157
1771718372,78,103,72,109,80,106,76,107,81,97,4,1264,51
1771718373,53,157,52,164,36,206,33,213,45,155,10,5536,118
1771718374,71,124,63,120,84,89,72,95,64,128,6,901,86
1771718375,68,126,58,134,31,226,25,211,62,125,7,5850,80
1771718376,77,84,71,94,57,157,53,145,77,97,3,3394,40
1771718377,45,174,36,176,56,170,40,158,37,188,12,3789,135
1771718378,68,133,59,129,43,178,44,187,55,134,7,4696,98
1771718379,43,174,34,172,67,114,64,114,38,173,12,1895,130
1771718380,59,132,61,126,46,159,54,156,55,123,7,3185,74
1771718381,93,74,85,78,49,142,61,150,92,70,1,2963,30
1771718382,64,126,54,130,76,93,77,88,53,138,7,747,88
1771718383,75,125,66,110,57,151,47,161,74,108,5,3370,56
1771718384,38,199,34,196,39,172,44,191,44,193,13,4499,157
1771718385,53,141,47,156,65,141,54,131,48,164,9,2823,115
1771718386,51,171,44,168,48,172,44,178,51,171,10,3887,109
1771718387,34,190,39,180,56,148,63,143,30,183,13,2850,143
1771718388,59,142,69,132,43,168,46,154,54,137,7,3633,86
1771718389,66,137,63,139,60,146,50,139,65,124,7,3159,84
1771718390,42,180,39,187,76,102,78,109,40,201,13,1168,145
1771718391,51,147,47,157,48,165,47,178,51,147,9,3860,105
1771718392,52,154,46,163,38,170,45,184,47,157,9,4445,111
1771718393,33,190,36,188,45,168,38,167,33,196,13,4021,151
1771718394,52,164,59,146,85,80,81,98,47,146,9,649,119
1771718395,36,189,35,198,81,98,68,91,33,200,14,1143,167
1771718396,45,188,44,199,70,117,75,118,44,203,13,1620,160
1771718397,29,203,28,209,72,98,84,95,33,211,15,749,171
1771718398,75,92,75,89,61,110,67,123,83,83,2,1821,26
1771718399,83,69,92,69,63,112,60,120,81,77,1,2043,12
1771718400,48,180,47,181,28,182,39,186,52,164,11,4956,118
1771718401,63,131,60,131,62,143,56,141,54,143,7,2566,82
1771718402,92,78,82,80,73,98,80,104,88,66,1,1206,12
1771718403,45,174,37,175,38,202,29,193,38,192,12,4874,135
1771718404,60,141,64,125,81,89,82,87,62,141,7,887,74
1771718405,39,205,35,198,35,212,33,212,27,195,14,5797,161
1771718406,37,193,40,173,32,188,44,186,37,186,12,4637,133
1771718407,52,170,57,158,26,208,38,204,54,156,10,5414,127
1771718408,61,145,54,139,81,81,90,84,66,145,7,219,80
1771718409,39,191,41,179,39,208,24,200,40,192,13,5359,162
1771718410,55,131,53,136,86,96,83,90,60,123,7,839,89
1771718411,67,105,71,97,62,131,59,111,77,111,4,2100,49
1771718412,89,81,80,77,71,109,63,117,92,64,1,1550,24
1771718413,87,81,80,67,56,140,65,137,87,84,1,2424,17
1771718414,47,177,41,179,73,98,80,99,39,192,12,1409,135
1771718415,70,110,77,114,82,91,87,82,67,112,5,441,73
1771718416,53,170,45,161,63,114,69,109,44,166,10,1675,122
1771718417,49,175,49,180,49,162,54,155,49,168,11,3511,129
1771718418,82,95,75,93,41,173,34,184,74,101,3,4576,51
1771718419,82,96,70,93,31,218,36,205,74,96,3,5619,54
1771718420,79,88,83,89,25,205,38,209,80,88,3,5410,48
1771718421,45,181,36,186,70,118,75,125,43,187,12,1804,131
1771718422,57,123,53,138,47,158,57,166,57,125,7,3643,87
1771718423,30,188,39,192,45,201,30,201,32,187,13,4810,147
1771718424,56,122,59,140,58,127,57,121,55,142,7,2393,98
1771718425,41,170,34,179,57,142,62,142,40,192,12,2500,133
1771718426,52,160,45,156,41,198,40,197,53,160,9,4922,107
1771718427,39,195,41,192,45,159,41,176,35,197,13,4008,150
1771718428,45,192,49,189,63,135,67,125,33,183,12,2489,149
1771718429,66,107,62,102,47,150,47,165,66,107,5,3494,56
1771718430,83,81,83,69,39,196,31,203,83,82,1,5115,31
1771718431,77,102,82,98,74,88,76,107,70,103,3,1052,54
1771718432,46,181,50,178,88,84,85,82,41,182,11,439,135
1771718433,45,181,38,186,31,206,33,198,37,179,12,5140,131
1771718434,75,86,87,96,49,190,49,191,87,94,2,4431,22
1771718435,55,121,65,143,46,166,51,163,62,134,7,3899,81
1771718436,64,125,60,123,56,137,57,141,73,120,6,2746,77
1771718437,44,183,34,184,61,124,62,120,39,175,12,2011,149
1771718438,44,193,44,188,63,138,57,144,46,178,12,3091,145
1771718439,77,94,74,97,61,141,67,134,70,85,3,2714,46
1771718440,77,94,67,110,50,188,34,171,76,106,4,4337,59
1771718441,63,127,70,116,43,169,53,152,73,125,6,3547,85
1771718442,46,163,52,172,71,137,60,126,49,165,10,2245,114
1771718443,79,75,82,91,42,165,47,163,77,87,2,3999,28
1771718444,71,124,64,122,84,82,84,76,63,118,5,398,65
1771718445,73,103,72,95,73,127,66,115,71,101,3,1885,36
1771718446,77,96,80,90,62,129,64,123,87,76,2,2266,37
1771718447,70,85,75,98,26,208,33,217,79,89,3,5559,30
1771718448,32,221,29,208,51,144,53,135,30,211,15,2924,172
1771718449,39,192,39,200,49,155,60,148,31,185,13,3068,143
1771718450,50,167,45,176,59,140,56,152,43,169,11,3186,121
1771718451,75,115,72,123,46,173,53,165,71,122,5,3988,58
1771718452,35,181,35,180,32,199,43,188,41,172,12,5002,149
1771718453,22,220,32,214,23,220,35,219,32,208,16,5723,187
1771718454,45,152,51,159,45,159,50,151,50,157,10,3496,110
1771718455,65,134,61,132,73,113,75,98,62,116,6,1260,76
1771718456,81,73,77,73,33,199,44,194,88,84,2,4719,34
1771718457,38,178,40,171,65,113,73,99,38,180,11,1466,122
1771718458,44,159,42,170,60,145,44,162,52,173,10,3407,128
1771718459,82,99,74,102,66,110,77,104,71,96,3,1565,34
1771718460,73,108,75,100,44,192,46,182,66,107,4,4628,61
1771718461,63,146,53,146,66,104,75,94,59,150,8,1416,93
1771718462,60,134,56,137,76,86,86,87,58,147,8,351,100
1771718463,31,203,31,220,65,103,68,108,31,216,15,1484,181
1771718464,51,162,46,162,46,161,38,181,50,162,10,4076,117
1771718465,35,192,29,200,57,158,54,153,40,203,13,3459,159
1771718466,36,214,37,209,69,114,75,128,32,214,15,1922,180
1771718467,57,141,65,121,32,194,37,179,58,137,7,4682,91
1771718468,50,176,37,183,53,143,60,125,43,173,11,2538,135
1771718469,90,74,85,67,51,146,62,160,82,75,1,3145,31
1771718470,67,134,59,130,45,179,42,180,58,129,6,4595,81
1771718471,34,173,36,177,71,97,81,110,47,181,12,1302,153
1771718472,43,188,44,188,43,179,50,187,35,182,13,4306,149
1771718473,69,133,61,137,62,123,55,122,58,144,7,2390,82
1771718474,65,112,69,105,64,121,56,134,65,117,5,2242,69
1771718475,80,68,78,77,45,144,51,145,82,66,1,3359,21
1771718476,62,118,60,124,62,150,52,149,59,116,6,3052,78
1771718477,57,151,60,140,85,84,71,86,60,142,8,863,100
1771718478,24,232,21,218,80,100,74,113,29,219,16,1471,182
1771718479,52,150,57,157,42,174,46,179,53,152,9,4342,97
1771718480,83,77,74,89,52,148,47,164,86,90,2,3593,22
1771718481,62,115,67,131,41,172,48,186,69,119,6,4214,73
1771718482,51,160,42,151,72,101,80,88,49,161,10,970,121
1771718483,74,100,72,102,67,124,60,129,80,84,3,2343,52
1771718484,73,87,71,101,44,161,49,162,79,95,3,4011,32
1771718485,78,72,89,83,75,83,82,78,83,83,1,808,24
1771718486,37,178,37,186,68,128,60,110,43,184,12,1904,133
1771718487,44,192,37,178,65,134,69,127,47,181,12,2403,135
1771718488,40,161,51,163,51,149,60,144,49,166,11,3179,139
1771718489,58,121,58,114,61,127,72,115,61,112,6,2142,72
1771718490,73,110,72,111,38,176,40,172,81,108,4,4349,50
1771718491,49,145,54,151,39,178,35,186,53,150,9,4759,113
1771718492,72,115,81,102,81,71,84,85,71,106,4,227,42
1771718493,68,121,70,124,33,215,26,221,69,127,6,5644,84
1771718494,32,183,32,185,77,104,80,110,29,189,13,1290,160
1771718495,79,78,82,91,61,131,69,137,86,75,2,2217,23
1771718496,72,92,83,106,71,123,74,114,71,82,3,1971,33
1771718497,69,88,71,99,59,125,66,125,69,85,3,2164,46
1771718498,78,106,76,98,33,192,38,195,69,96,4,5000,51
1771718499,40,181,39,171,68,134,61,133,45,187,12,2451,138
1771718500,61,113,71,111,26,199,28,191,75,107,5,5187,75
1771718501,41,192,45,180,84,93,80,94,42,176,12,764,150
1771718502,36,181,34,180,67,147,65,129,43,173,12,2663,146
1771718503,20,212,22,232,50,144,61,152,23,220,16,2865,193
1771718504,34,177,48,174,58,135,52,140,49,175,12,2651,144
1771718505,34,179,36,193,63,141,53,139,44,174,12,3054,137
1771718506,36,182,41,192,69,130,67,119,39,184,12,2119,147
1771718507,41,183,34,186,37,183,41,194,36,189,12,4798,129
1771718508,54,155,50,160,79,92,77,95,51,151,9,773,98
1771718509,47,170,43,178,52,164,60,141,35,189,12,3319,133
1771718510,51,162,39,176,60,127,65,141,51,181,11,2364,121
1771718511,49,146,58,137,40,179,38,177,50,138,8,4356,91
1771718512,45,183,36,185,76,119,65,109,41,184,13,1826,161
1771718513,37,187,43,196,69,114,73,115,32,182,13,1901,146
1771718514,45,173,42,174,58,156,50,148,44,159,10,3191,118
1771718515,58,125,60,143,55,142,53,159,57,132,7,3323,92
1771718516,81,73,79,88,64,134,64,138,88,75,2,2575,20
1771718517,80,89,84,90,75,76,81,81,86,95,2,705,36
1771718518,79,64,78,83,70,89,82,86,88,68,1,901,17
1771718519,55,131,56,154,76,83,79,73,55,133,8,518,95
1771718520,88,84,84,74,68,113,68,92,85,86,2,1277,36
1771718521,37,187,43,176,83,106,69,89,34,172,12,988,146
1771718522,71,112,60,133,69,105,75,112,60,111,6,1195,71
1771718523,78,93,82,100,80,90,88,77,76,97,3,363,32
1771718524,21,210,31,232,33,182,41,195,32,225,16,4911,185
1771718525,48,172,46,173,42,168,52,163,44,188,12,3900,131
1771718526,65,106,72,121,57,147,55,153,63,112,5,3115,67
1771718527,54,123,58,144,33,196,33,182,56,136,7,4694,74
1771718528,53,140,56,132,47,175,34,183,57,143,8,4432,90
1771718529,36,188,49,180,69,127,65,128,36,183,12,1993,138
1771718530,82,96,85,89,71,115,73,115,79,93,2,1437,42
1771718531,82,73,77,73,86,91,82,79,82,88,2,363,37
1771718532,20,222,27,216,70,117,60,123,23,225,16,1893,182
1771718533,90,64,87,76,51,134,60,151,78,78,1,2983,28
1771718534,62,113,66,118,55,125,53,124,58,114,6,2616,67
1771718535,48,152,43,165,78,93,77,83,43,172,10,546,113
1771718536,36,186,42,196,76,90,69,99,45,197,13,967,156
1771718537,39,184,43,187,59,136,51,140,36,194,13,2977,157
1771718538,60,142,52,147,74,115,66,108,52,161,9,1820,115
1771718539,62,126,59,111,44,182,47,169,59,113,6,4245,76
1771718540,86,73,75,78,33,200,36,199,88,92,2,5093,27
1771718541,47,150,46,141,51,150,52,154,59,147,9,3096,103
1771718542,68,124,64,145,42,154,46,171,64,142,7,3756,93
1771718543,81,87,79,103,85,89,87,81,76,100,3,358,39
1771718544,67,141,64,132,38,182,29,187,57,126,7,4919,81
1771718545,78,78,84,78,55,144,62,140,84,83,2,2688,39
1771718546,59,141,61,133,40,173,38,166,60,146,8,4032,99
1771718547,48,145,51,163,64,156,50,153,46,142,9,3000,108
1771718548,46,141,60,151,49,163,54,150,50,162,9,3549,105
1771718549,48,160,49,156,40,196,28,187,46,156,9,4923,110
1771718550,57,149,60,150,76,111,69,128,57,153,9,1826,99
1771718551,32,192,43,200,58,109,72,128,35,201,13,2044,143
1771718552,33,211,26,190,39,188,50,171,36,204,14,4264,159
1771718553,51,158,53,145,61,126,70,122,53,153,9,2260,117
1771718554,26,193,31,205,73,100,73,98,35,208,14,1288,151
1771718555,73,114,75,113,54,149,53,152,71,93,4,2810,43
1771718556,77,120,62,112,77,97,80,92,65,116,5,892,70
1771718557,79,92,78,84,65,135,62,119,77,99,3,2366,39
1771718558,64,139,63,128,32,217,24,219,67,122,7,5808,93
1771718559,50,170,41,179,47,157,43,157,46,171,11,3694,142
1771718560,68,117,61,105,74,122,71,113,71,106,5,1783,60
1771718561,43,171,49,168,59,151,62,155,50,160,11,3165,141
1771718562,54,140,54,153,56,147,52,158,52,132,8,3132,97
1771718563,55,164,56,164,70,113,71,119,46,154,9,1845,116
1771718564,43,183,43,190,60,136,59,146,43,187,13,2912,146
1771718565,31,214,22,214,38,173,53,165,31,227,16,4018,194
1771718566,69,119,75,117,34,186,40,190,76,117,5,4423,72
1771718567,76,94,71,93,66,128,65,129,76,94,3,2717,51
1771718568,48,190,37,182,45,156,48,142,41,171,12,3297,146
1771718569,28,206,32,208,76,105,74,110,33,211,15,1185,166
1771718570,52,164,55,143,65,140,58,151,53,156,9,2756,107
1771718571,57,144,56,134,27,215,40,206,56,140,8,5348,86
1771718572,41,184,36,185,60,144,64,146,33,203,13,2594,148
1771718573,78,102,74,93,79,77,79,92,82,106,3,742,53
1771718574,87,80,77,77,49,167,58,166,79,80,2,3404,25
1771718575,46,171,35,177,67,119,63,113,38,179,12,1632,145
1771718576,49,156,52,162,51,164,42,156,47,163,10,3878,129
1771718577,71,114,68,102,57,163,49,151,73,104,4,3238,47
1771718578,73,123,69,104,54,130,57,138,72,124,5,2755,57
1771718579,81,84,86,67,76,82,78,78,87,66,1,388,31
1771718580,36,195,38,183,81,76,75,77,38,197,13,610,140
1771718581,36,187,49,190,48,185,49,183,48,172,12,4339,138
1771718582,62,115,73,119,56,151,53,171,77,114,5,3688,52
1771718583,51,172,38,176,69,123,58,118,40,179,11,2412,127
1771718584,71,106,73,90,37,197,39,195,79,98,3,5020,48
1771718585,31,200,27,200,84,76,88,92,31,206,15,586,185
1771718586,37,173,37,181,44,163,49,168,38,179,11,3459,134
1771718587,58,136,59,141,31,203,22,218,56,127,7,5588,84
1771718588,70,135,70,120,75,122,75,121,60,130,6,1850,87
1771718589,45,160,61,152,45,181,37,197,49,147,9,4619,112
1771718590,66,100,77,113,66,123,68,134,77,108,4,2516,50
1771718591,47,174,48,179,19,225,34,208,43,170,11,5850,142
1771718592,65,129,61,135,45,164,53,156,67,115,6,3302,77
1771718593,42,187,37,184,32,185,35,185,40,202,13,4622,158
1771718594,64,127,62,120,38,199,31,181,68,122,6,4746,86
1771718595,72,112,58,113,78,89,81,87,59,128,6,1163,86
1771718596,69,130,69,128,69,106,77,102,68,123,6,1094,67
1771718597,67,112,72,99,60,160,57,165,67,96,4,3355,54
1771718598,35,173,37,181,80,97,82,93,40,172,12,1258,147
1771718599,36,208,22,201,77,98,67,108,34,208,15,1310,177
1771718600,37,186,35,180,65,129,70,127,46,177,12,1896,133
1771718601,43,167,42,167,74,103,69,118,43,164,11,1774,133
1771718602,77,92,77,101,40,186,37,182,75,114,4,4880,54
1771718603,60,112,65,116,51,184,41,166,62,134,6,4229,86
1771718604,57,151,63,140,38,197,41,184,54,144,8,4890,95
1771718605,65,114,62,118,80,96,70,87,65,134,6,986,84
1771718606,43,178,47,166,72,118,71,101,41,160,11,1611,142
1771718607,27,198,26,190,48,141,47,142,27,209,14,3310,161
1771718608,76,94,80,99,35,206,36,212,84,91,3,5308,53
1771718609,38,189,44,190,66,142,57,142,38,202,13,2704,150
1771718610,73,83,80,80,33,213,25,209,83,84,2,5512,31
1771718611,59,137,54,146,29,186,29,204,61,146,8,5017,105
1771718612,79,80,92,80,67,110,66,99,81,80,1,1366,13
1771718613,85,88,84,80,52,147,44,161,78,94,2,3526,32
1771718614,59,123,71,114,76,93,74,108,66,133,6,1100,73
1771718615,75,119,66,121,54,163,56,156,70,125,5,3503,71
1771718616,53,141,55,151,88,80,79,76,46,162,9,411,97
1771718617,59,135,54,136,40,190,38,180,59,136,8,4369,95
1771718618,57,140,57,148,23,216,23,216,60,146,8,5902,108
1771718619,71,128,61,127,51,170,43,170,59,124,6,3991,84
1771718620,75,113,71,108,54,131,66,121,75,107,4,2471,62
1771718621,66,107,77,103,50,143,48,148,64,120,5,3257,56
1771718622,47,167,45,159,57,144,60,148,46,165,10,3127,114
1771718623,58,125,67,127,55,164,43,149,60,125,7,3505,81
1771718624,26,193,30,206,44,153,50,147,40,210,14,3524,161
1771718625,50,136,52,133,88,85,87,71,58,140,8,474,103
1771718626,63,126,68,130,21,223,19,217,62,124,6,5963,77
1771718627,86,92,84,73,87,76,90,78,82,84,2,423,25
1771718628,62,126,65,130,25,212,23,225,71,121,6,5754,79
1771718629,82,104,72,101,38,168,42,179,70,93,3,4257,53
1771718630,53,147,54,150,59,162,51,166,46,159,9,3478,107
1771718631,46,143,58,141,43,191,42,177,51,157,9,4426,119
1771718632,53,150,62,140,78,88,80,78,53,135,8,562,86
1771718633,39,187,38,177,79,98,69,87,40,175,12,1058,150
1771718634,78,89,74,76,86,86,80,77,83,83,2,485,33
1771718635,39,193,36,200,41,168,51,162,39,197,14,4008,174
1771718636,41,203,42,179,60,120,64,119,38,201,13,2399,150
1771718637,44,181,34,172,63,109,73,117,46,182,12,1724,133
1771718638,88,91,75,93,61,124,59,142,75,81,2,2585,30
1771718639,84,77,84,93,60,152,59,145,88,93,2,3266,29
1771718640,46,145,58,145,63,129,63,125,53,150,9,2515,105
1771718641,62,122,62,131,78,71,91,68,57,122,7,393,79
1771718642,87,76,81,68,87,69,84,75,90,69,1,246,12
1771718643,76,116,76,107,67,112,77,95,79,100,4,1378,47
1771718644,79,104,67,99,43,183,44,200,76,96,4,4903,56
1771718645,21,218,34,199,39,181,38,183,30,216,15,4305,173
1771718646,32,188,33,188,78,106,69,110,33,182,13,1240,142
1771718647,58,114,67,125,65,139,56,131,69,116,6,2822,79
1771718648,40,182,36,192,85,82,80,87,46,188,12,761,146
1771718649,71,127,63,129,65,132,51,151,72,123,6,2851,66
1771718650,31,196,38,202,29,190,32,194,34,188,13,4896,156
1771718651,36,197,36,200,33,199,37,206,35,194,13,5574,160
1771718652,55,130,69,135,37,208,29,203,62,140,7,5176,92
1771718653,42,162,44,170,76,112,68,99,39,171,11,1470,120
1771718654,74,121,74,106,82,101,68,91,69,118,5,1082,63
1771718655,34,197,29,202,29,198,26,195,25,206,14,5161,169
1771718656,77,116,76,116,42,166,51,152,66,103,4,3693,65
1771718657,33,194,40,200,62,150,63,138,43,184,13,3052,147
1771718658,64,125,59,134,80,98,77,108,62,136,7,1352,78
1771718659,72,112,76,125,75,89,79,96,73,118,5,1170,59
1771718660,77,83,75,78,62,139,61,149,81,83,2,2839,21
1771718661,37,186,41,185,64,115,68,124,44,175,12,2174,139
1771718662,60,122,65,130,81,94,78,103,62,111,6,839,73
1771718663,84,78,78,81,37,199,40,184,79,72,1,4743,25
1771718664,33,188,35,189,69,127,60,135,43,178,12,2317,135
1771718665,62,139,68,122,38,201,29,201,63,132,7,5279,94
1771718666,43,172,53,165,67,121,60,124,47,160,10,2313,119
1771718667,67,107,72,104,28,197,36,205,79,113,4,5230,56
1771718668,24,220,25,217,40,176,49,165,30,222,16,4018,185
1771718669,61,123,66,144,50,174,47,174,60,142,7,4317,79
1771718670,68,124,62,130,48,169,42,164,59,118,6,3681,74
1771718671,59,125,68,130,59,133,55,123,62,117,6,2466,65
1771718672,42,180,39,177,80,76,79,93,35,192,12,471,138
1771718673,49,188,36,175,51,178,38,169,40,178,12,4011,152
1771718674,46,166,41,151,49,185,46,170,52,158,10,4201,119
1771718675,67,109,69,109,45,150,43,150,66,93,4,3543,49
1771718676,68,109,66,111,91,84,84,79,66,103,4,235,42
1771718677,65,116,67,117,64,131,62,135,72,123,6,2171,70
1771718678,66,127,67,136,71,116,60,128,62,128,7,1926,79
1771718679,67,94,66,102,42,193,41,197,66,108,4,4780,42
1771718680,48,172,41,181,56,140,63,145,47,193,12,2581,146
1771718681,34,201,35,202,40,202,35,209,34,214,15,5111,164
1771718682,51,133,62,131,35,191,48,183,62,153,8,4468,106
1771718683,49,163,50,179,80,73,81,80,44,181,11,251,140
1771718684,52,170,40,169,59,130,53,127,46,173,11,2591,130
1771718685,42,165,51,156,68,125,68,118,41,151,10,2047,119
1771718686,57,144,66,142,60,138,52,145,54,130,7,2985,85
1771718687,66,113,60,119,61,128,67,132,63,124,6,2620,71
1771718688,80,85,79,105,35,186,42,191,80,102,3,4803,37
1771718689,83,82,90,76,75,78,74,90,93,63,1,666,19
1771718690,89,78,92,76,71,119,67,117,86,64,1,2257,10
1771718691,70,86,81,97,85,85,77,100,72,91,3,753,34
1771718692,89,73,92,79,48,168,37,173,80,80,1,4245,18
1771718693,49,160,43,155,75,110,73,119,46,164,10,1545,130
1771718694,68,135,65,141,37,203,29,189,54,143,7,4951,83
1771718695,61,149,64,154,75,122,66,113,52,154,8,1805,92
1771718696,64,133,53,124,63,139,59,148,60,130,7,2848,84
1771718697,66,111,67,132,29,205,24,203,70,121,6,5566,86
1771718698,58,130,68,121,24,218,30,226,57,134,6,5917,75
1771718699,37,197,39,204,29,193,28,204,28,204,14,5091,171
1771718700,73,102,85,103,57,144,55,142,71,94,3,2507,42
1771718701,60,134,59,139,60,145,59,133,55,150,8,2781,100
1771718702,66,126,67,126,58,146,67,139,69,122,6,2602,77
1771718703,79,90,71,83,38,176,49,171,80,84,3,4078,48
1771718704,65,112,61,115,42,166,46,174,72,124,5,3667,60
1771718705,51,183,38,180,51,161,53,179,43,171,11,3905,127
1771718706,72,99,83,102,33,216,28,207,83,87,3,5413,50
1771718707,80,90,74,104,81,90,86,94,79,96,3,485,54
1771718708,40,180,43,189,49,146,51,143,44,189,13,3305,160
1771718709,61,159,54,149,62,144,60,147,61,152,9,2765,117
1771718710,43,176,51,174,30,201,28,198,44,160,11,5567,122
1771718711,88,91,77,96,76,91,82,85,84,82,2,422,33
1771718712,48,152,54,153,43,167,53,171,57,155,9,3666,109
1771718713,83,89,87,89,82,96,84,104,75,78,2,925,24
1771718714,39,190,40,200,78,98,77,86,41,182,13,867,152
1771718715,53,155,56,154,36,189,38,180,42,162,10,4399,123
1771718716,65,132,66,121,21,221,32,226,61,120,6,5805,79
1771718717,52,171,44,157,84,83,84,85,43,168,10,321,127
1771718718,45,176,40,161,70,130,64,116,53,181,11,2154,135
1771718719,64,143,53,143,66,121,59,136,61,132,8,2214,102
1771718720,51,142,51,151,53,125,54,125,55,150,9,2557,96
1771718721,49,175,48,165,55,138,67,129,39,173,11,2530,133
1771718722,38,196,45,199,58,142,58,147,34,193,13,3288,163
1771718723,65,116,63,109,40,190,32,203,74,117,5,4983,76
1771718724,53,137,49,137,47,154,49,167,55,133,8,3574,97
1771718725,32,182,43,197,55,136,50,142,38,198,13,2806,146
1771718726,44,186,30,202,48,175,45,167,31,198,13,4096,145
1771718727,61,155,61,155,70,94,71,108,53,134,8,1285,104
1771718728,57,145,53,145,68,120,58,121,61,161,9,2453,108
1771718729,63,136,53,153,37,192,36,186,59,147,8,4906,94
1771718730,36,185,39,186,35,181,36,194,42,188,12,4537,142
1771718731,41,192,35,191,84,100,77,105,40,193,13,1019,159
1771718732,69,123,70,109,71,92,82,105,73,102,5,1183,73
1771718733,68,106,72,94,61,104,75,117,75,95,4,1801,64
1771718734,82,106,82,83,71,126,68,106,69,98,3,1805,35
1771718735,47,176,49,164,47,186,48,171,41,172,11,4425,121
1771718736,84,93,79,84,40,186,44,178,71,103,3,4621,48
1771718737,64,103,67,116,60,150,48,159,74,110,5,3148,66
1771718738,47,171,42,153,45,174,53,161,50,151,10,3691,116
1771718739,31,199,35,180,58,161,50,163,30,184,13,3386,146
1771718740,58,151,56,146,66,131,63,113,62,149,8,2139,94
1771718741,78,87,72,103,30,185,38,204,85,90,3,4959,48
1771718742,31,183,36,188,77,91,75,82,35,190,13,631,161
1771718743,74,102,80,89,51,146,50,165,75,102,3,3422,53
1771718744,37,221,35,202,63,142,54,157,36,209,15,3108,180
1771718745,59,133,63,135,48,184,48,169,57,130,7,4147,92
1771718746,61,135,63,126,45,152,54,173,66,120,6,3696,85
1771718747,39,201,33,182,47,173,48,182,30,187,13,4390,144
1771718748,29,191,25,206,71,120,73,111,28,204,14,1703,164
1771718749,56,149,51,152,36,177,41,180,60,146,9,4519,111
1771718750,33,187,34,183,48,182,39,175,38,203,13,4157,159
1771718751,59,153,46,157,45,175,48,187,60,153,9,4252,114
1771718752,37,192,35,190,58,140,50,154,40,201,13,2932,154
1771718753,77,98,79,97,45,169,42,148,71,90,3,3581,34
1771718754,32,181,41,199,48,146,53,148,35,180,13,3359,142
1771718755,90,70,92,78,36,210,24,195,85,80,1,5438,18
1771718756,79,81,89,76,74,119,72,130,86,64,1,2019,26
1771718757,51,137,62,145,31,213,35,204,58,142,8,5741,95
1771718758,77,92,70,83,77,117,70,99,85,98,3,1587,44
1771718759,79,89,86,82,72,90,80,109,87,86,2,1283,38
1771718760,23,220,33,202,38,184,45,194,23,215,15,4842,170
1771718761,89,84,92,81,82,81,83,101,86,82,1,827,18
1771718762,62,133,59,133,90,77,77,75,62,153,8,524,89
1771718763,36,220,36,210,68,92,80,91,27,209,15,1306,181
1771718764,66,103,64,108,45,155,59,146,73,123,5,3398,60
1771718765,48,182,47,183,54,154,59,134,37,181,11,2914,123
1771718766,79,89,76,105,40,162,44,174,83,105,3,3992,45
1771718767,84,73,89,83,35,183,40,171,81,75,1,4492,30
1771718768,87,69,88,85,64,135,61,125,84,84,1,2651,12
1771718769,55,164,56,165,53,137,64,141,45,167,10,2754,128
1771718770,69,133,63,122,68,132,56,122,72,117,6,2368,67
1771718771,49,170,53,154,70,108,78,105,54,154,10,1629,125
1771718772,81,101,74,93,62,130,63,143,74,97,3,2699,34
1771718773,30,209,40,196,58,152,57,151,39,193,14,3605,157
1771718774,63,121,70,135,74,126,72,126,69,124,6,1988,79
1771718775,53,183,50,174,90,75,83,83,37,165,11,243,120
1771718776,51,138,50,153,78,74,79,66,55,149,8,265,91
1771718777,54,161,60,148,25,211,36,205,54,142,9,5533,105
1771718778,35,189,34,185,66,107,79,98,43,189,12,1323,129
1771718779,60,139,58,134,85,86,84,75,59,146,8,315,90
1771718780,65,138,55,128,47,169,50,169,54,122,7,3617,95
1771718781,68,123,63,107,38,205,40,194,74,118,5,5180,57
1771718782,40,177,45,186,86,97,77,83,45,189,12,718,140
1771718783,43,182,37,193,40,183,43,177,42,183,13,4202,163
1771718784,74,99,69,98,53,129,62,132,73,85,3,2557,33
1771718785,62,140,58,151,61,142,56,132,50,139,8,2835,103
1771718786,34,185,44,199,43,195,41,202,30,195,13,4840,154
1771718787,75,87,82,94,59,142,52,156,81,85,3,3224,42
1771718788,30,187,37,195,69,94,76,91,35,184,13,1158,148
1771718789,50,171,49,161,69,123,64,125,42,158,10,2004,119
1771718790,86,82,93,71,57,130,58,136,80,85,1,2482,13
1771718791,83,87,88,83,85,70,88,74,82,90,2,201,27
1771718792,54,135,67,139,71,105,76,106,59,141,7,1320,98
1771718793,42,176,34,176,61,133,54,149,42,174,12,2900,146
1771718794,79,64,88,79,82,95,70,97,77,69,1,1225,11
1771718795,76,91,70,99,82,100,78,92,70,93,3,928,46
1771718796,66,123,61,113,65,140,61,130,66,110,5,2419,74
1771718797,75,114,63,108,51,153,62,151,73,123,5,3037,57
1771718798,46,179,34,193,40,178,50,177,36,191,12,4342,130
1771718799,45,168,39,162,82,75,89,72,38,172,11,357,127
1771718800,59,137,52,137,71,95,72,105,60,151,8,1078,93
1771718801,67,134,64,121,39,191,38,192,61,124,7,4810,91
1771718802,46,172,46,165,80,91,80,82,50,162,11,865,126
1771718803,29,219,29,210,49,175,43,161,18,220,16,4012,183
1771718804,40,194,32,182,41,193,39,196,42,199,13,5063,152
1771718805,47,183,35,177,46,180,51,176,44,188,12,3975,137
1771718806,50,151,63,138,58,141,49,141,61,141,8,3230,89
1771718807,32,202,39,212,73,103,64,112,28,192,14,1791,168
1771718808,48,161,51,157,38,170,42,188,52,157,10,4337,131
1771718809,57,162,59,153,73,86,81,86,60,163,9,1066,114
1771718810,71,105,76,100,52,159,54,160,72,106,4,3306,48
1771718811,76,91,83,85,80,87,83,81,84,94,2,910,28
1771718812,76,92,76,86,46,166,40,160,80,83,3,3849,45
1771718813,60,128,55,142,40,177,50,181,67,137,7,4189,92
1771718814,36,191,37,184,37,190,40,201,37,187,12,4825,141
1771718815,72,98,76,92,74,97,87,85,83,99,3,634,49
1771718816,46,183,43,172,44,179,44,182,48,171,11,4508,120
1771718817,80,88,83,95,55,129,64,142,82,94,2,2606,21
1771718818,52,178,48,183,68,121,69,117,43,180,11,1872,122
1771718819,30,184,30,187,53,135,61,155,31,181,13,2911,149
1771718820,42,186,35,189,74,109,73,123,33,203,13,1656,153
1771718821,49,174,38,178,72,106,65,115,40,183,11,1548,129
1771718822,74,97,75,84,39,196,28,204,73,88,3,5201,42
1771718823,75,119,67,125,43,182,40,195,62,123,5,4921,53
1771718824,35,186,34,179,66,138,57,125,37,191,12,2491,149
1771718825,75,85,87,94,52,172,47,174,79,93,2,3803,35
1771718826,63,121,69,114,63,108,63,111,65,120,5,1655,60
1771718827,25,204,25,200,51,169,51,159,35,221,15,3655,177
1771718828,76,75,79,74,52,160,56,154,80,95,2,3412,39
1771718829,76,103,67,113,55,153,49,156,72,96,4,3247,62
1771718830,49,151,65,146,43,182,49,179,49,135,8,4118,92
1771718831,60,140,61,146,64,133,65,129,54,152,9,2577,118
1771718832,52,171,48,165,80,93,74,98,54,157,10,918,124
1771718833,26,230,25,209,51,164,58,153,28,219,16,3297,192
1771718834,63,136,58,137,45,154,48,146,64,138,8,3366,93
1771718835,80,72,89,80,74,111,70,114,83,81,1,1331,24
1771718836,75,96,80,76,36,185,38,199,84,84,2,4870,42
1771718837,37,182,47,182,36,201,30,200,45,176,12,5095,138
1771718838,77,107,68,104,71,122,61,126,77,105,4,2033,51
1771718839,47,151,54,158,50,176,45,174,60,143,9,4400,97
1771718840,45,183,41,175,65,120,65,133,39,174,11,2130,132
1771718841,32,201,41,196,55,140,59,137,30,188,13,2570,144
1771718842,40,193,46,182,51,170,47,166,40,180,12,3807,131
1771718843,61,122,72,125,46,169,44,169,66,117,6,3786,67
1771718844,57,128,62,132,33,197,34,205,56,129,7,5282,94
1771718845,78,82,88,96,41,196,33,200,76,84,2,4953,38
1771718846,52,154,56,148,87,78,90,65,49,156,9,292,110
1771718847,48,157,49,159,44,181,33,180,61,157,9,4856,108
1771718848,71,97,70,111,40,176,37,164,69,101,4,4195,53
1771718849,43,154,52,157,40,180,53,162,56,168,10,3939,108
1771718850,89,84,85,73,54,159,53,151,91,87,1,3176,29
1771718851,61,125,67,128,36,198,34,218,59,122,6,5533,75
1771718852,92,72,91,71,42,186,30,188,86,84,1,4965,16
1771718853,59,119,73,135,65,119,71,109,62,130,6,1686,65
1771718854,56,156,42,160,67,114,70,124,46,172,10,1908,121
1771718855,84,66,90,82,60,125,70,107,85,75,1,1909,28
1771718856,50,163,41,163,66,124,67,123,44,184,11,2077,121
1771718857,74,93,67,104,26,210,37,201,66,101,4,5183,45
1771718858,67,126,70,109,39,181,46,189,71,115,5,4675,58
1771718859,60,136,56,133,66,132,58,139,67,122,7,2721,75
1771718860,82,92,69,98,87,81,87,76,74,97,3,587,51
1771718861,30,188,35,188,62,132,54,132,42,199,13,2940,152
1771718862,62,124,66,131,45,153,50,162,65,128,6,3707,68
1771718863,52,158,43,167,88,81,87,86,53,164,10,541,108
1771718864,44,197,34,185,73,97,80,81,39,183,13,783,156
1771718865,72,98,78,101,39,177,47,157,84,101,3,3886,36
1771718866,68,101,78,110,86,85,83,75,68,103,4,307,63
1771718867,65,144,68,122,83,86,89,87,54,130,7,479,79
1771718868,36,219,25,215,88,85,74,89,37,216,15,635,185
1771718869,46,190,49,190,81,108,81,108,35,185,12,1073,136
1771718870,45,161,42,171,62,155,54,146,48,159,10,2994,116
1771718871,69,127,63,123,63,126,63,125,70,122,6,2124,67
1771718872,65,121,63,112,70,110,76,93,64,112,5,1287,68
1771718873,29,208,32,211,34,177,36,190,22,207,15,4694,164
1771718874,72,133,60,123,75,105,80,96,65,118,6,1095,81
1771718875,49,159,51,173,70,98,73,108,48,154,10,1103,131
1771718876,64,119,66,118,74,98,67,98,69,102,5,1184,67
1771718877,43,168,45,173,44,169,40,166,51,169,11,4190,121
1771718878,46,164,56,153,57,142,54,137,43,172,10,2934,109
1771718879,30,199,40,185,25,225,28,224,44,186,13,5724,160
1771718880,29,211,27,205,83,88,77,104,30,191,14,983,163
1771718881,18,220,18,223,31,194,39,213,25,222,16,5347,175
1771718882,78,91,82,93,61,141,53,154,79,74,2,3142,39
1771718883,53,142,58,148,36,174,47,189,47,152,9,4463,110
1771718884,81,71,81,79,50,159,55,157,83,63,1,3355,20
1771718885,49,142,62,136,80,78,85,79,65,150,8,632,95
1771718886,79,79,91,71,65,113,62,116,78,74,1,1900,28
1771718887,76,121,67,107,76,81,78,78,76,113,5,629,68
1771718888,48,165,54,167,72,104,79,110,51,165,10,1388,109
1771718889,70,111,75,113,28,215,37,221,76,102,4,5592,45
1771718890,68,103,63,120,65,105,68,110,70,106,5,1619,74
1771718891,42,181,46,164,33,192,31,187,42,175,11,4895,129
1771718892,65,130,65,133,66,101,71,106,68,135,6,1530,82
1771718893,36,184,37,185,78,98,81,95,48,193,12,841,135
1771718894,38,197,36,207,68,120,69,122,37,200,14,1957,172
1771718895,47,161,48,155,50,155,49,139,48,149,9,3165,98
1771718896,76,102,74,125,54,167,44,167,73,117,5,3640,63
1771718897,63,131,50,153,42,152,43,151,50,136,8,3601,99
1771718898,83,78,76,86,57,171,48,154,88,75,2,3620,22
1771718899,37,174,41,177,65,133,61,134,34,177,12,2616,142
1771718900,40,194,41,181,73,101,82,88,32,192,13,842,148
1771718901,56,138,66,135,88,79,75,82,56,122,7,532,78
1771718902,78,84,89,86,51,142,62,154,81,88,2,2991,27
1771718903,47,178,46,172,82,78,85,78,53,174,11,319,132
1771718904,52,173,57,174,68,121,72,124,43,171,10,1980,114
1771718905,39,195,30,186,84,88,82,102,35,182,13,883,162
1771718906,68,103,67,111,75,117,73,127,74,102,4,1860,50
1771718907,34,173,34,186,85,79,82,83,44,178,12,770,140
1771718908,65,123,58,132,56,124,63,126,54,122,7,2577,82
1771718909,61,159,54,155,45,182,35,179,55,164,9,4671,98
1771718910,32,196,44,192,84,84,78,96,30,182,13,1030,153
1771718911,79,66,92,81,28,191,38,200,82,72,1,4990,24
1771718912,76,120,65,123,50,153,47,150,64,112,5,3489,66
1771718913,61,109,65,115,53,148,54,167,62,108,5,3459,69
1771718914,39,197,32,198,46,172,34,187,44,189,13,4524,142
1771718915,35,201,43,198,52,146,54,162,38,194,13,3347,154
1771718916,35,201,34,206,57,142,54,140,22,210,15,3132,182
1771718917,65,101,70,108,42,171,49,165,72,103,4,4082,43
1771718918,41,160,40,181,39,200,32,196,42,169,11,5271,140
1771718919,71,106,73,107,38,187,34,194,81,110,4,5005,43
1771718920,81,107,75,99,34,189,34,200,74,98,4,4860,58
1771718921,80,94,76,75,54,144,53,129,88,80,2,2707,27
1771718922,73,121,71,120,59,138,65,140,70,119,5,2829,65
1771718923,76,104,81,101,68,92,78,106,65,102,4,1177,56
1771718924,93,75,77,86,61,120,65,140,91,63,1,2340,24
1771718925,72,105,76,117,44,183,44,196,64,124,5,4833,56
1771718926,64,113,69,124,61,129,61,142,69,125,5,2533,56
1771718927,67,123,57,126,88,87,85,67,61,140,7,239,76
1771718928,80,94,79,92,52,169,47,156,74,97,3,3616,41
1771718929,86,86,82,80,87,84,76,75,84,82,2,540,31
1771718930,45,187,42,178,61,141,54,143,34,192,12,2713,152
1771718931,49,169,42,164,32,211,30,229,44,170,10,5920,125
1771718932,32,182,32,199,84,94,86,94,39,201,13,841,160
1771718933,82,76,88,84,68,100,74,97,75,74,2,1341,33
1771718934,72,126,73,125,40,197,37,199,69,123,6,5045,74
1771718935,66,127,53,134,44,192,44,192,58,124,7,4570,82
1771718936,43,171,40,181,42,175,45,187,39,160,11,4369,133
1771718937,52,153,44,164,46,179,38,182,42,155,10,4343,121
1771718938,75,96,84,88,34,191,46,200,82,79,2,4703,37
1771718939,62,132,60,114,32,208,24,209,70,115,6,5378,70
1771718940,74,111,72,116,80,92,68,104,77,125,5,1113,70
1771718941,77,78,75,84,48,167,42,156,89,90,2,3704,29
1771718942,63,124,58,130,57,134,56,139,67,134,7,2941,86
1771718943,84,83,81,92,64,135,66,122,75,77,2,2477,20
1771718944,49,171,55,171,57,145,63,152,52,170,10,2972,108
1771718945,81,71,90,86,46,158,61,152,85,75,1,3236,28
1771718946,63,131,63,115,73,92,80,93,59,125,6,868,84
1771718947,46,180,40,183,84,99,75,83,41,172,11,934,134
1771718948,49,193,42,174,61,128,68,131,41,192,12,2105,133
1771718949,85,73,85,80,61,128,57,135,82,85,2,2664,26
1771718950,44,193,36,196,35,181,31,188,39,185,13,4843,156
1771718951,89,84,78,63,50,163,51,174,88,66,1,3831,15
1771718952,52,172,39,167,76,72,81,79,45,180,11,453,121
1771718953,66,112,75,109,85,93,79,79,73,106,5,656,75
1771718954,40,192,48,183,78,95,85,80,48,192,12,809,144
1771718955,40,189,48,175,53,152,53,148,40,172,12,3397,137
1771718956,46,177,34,190,86,93,86,81,39,180,12,617,152
1771718957,38,179,40,177,56,170,43,173,45,192,12,3709,129
1771718958,47,178,40,168,35,215,36,200,44,175,11,5491,135
1771718959,63,128,72,135,84,98,79,85,61,120,6,840,64
1771718960,85,77,73,79,43,190,47,182,77,76,2,4431,24
1771718961,74,78,87,86,77,64,81,86,86,73,2,227,40
1771718962,72,102,75,103,29,199,36,191,66,110,5,4846,68
1771718963,51,153,56,168,26,209,24,209,50,157,10,5465,121
1771718964,43,192,38,188,48,159,45,172,36,201,13,3640,156
1771718965,78,87,84,89,51,173,48,165,84,95,2,3949,26
1771718966,50,152,51,152,34,184,44,174,43,158,10,4622,108
1771718967,50,141,53,151,64,153,62,156,58,144,8,2968,98
1771718968,67,123,67,124,47,160,59,140,62,134,7,3214,95
1771718969,43,184,45,197,33,195,32,183,38,197,13,4606,147
1771718970,50,182,40,170,50,148,56,142,40,182,11,3130,126
1771718971,66,127,65,141,54,143,58,144,69,144,7,2520,83
1771718972,50,152,58,131,73,116,76,117,59,147,8,1741,104
1771718973,35,189,36,193,54,137,59,138,35,181,13,2484,144
1771718974,69,138,63,124,87,89,83,84,53,132,7,664,75
1771718975,31,209,38,198,77,89,73,87,29,211,14,803,155
1771718976,76,95,72,104,32,195,29,189,72,99,3,5032,41
1771718977,36,185,36,191,23,220,23,213,37,193,12,5734,151
1771718978,68,130,62,126,66,131,57,134,56,124,7,2419,87
1771718979,52,152,55,147,47,173,42,182,58,153,9,4187,105
1771718980,48,156,47,166,74,100,72,95,55,165,10,1326,123
1771718981,74,104,71,98,79,92,77,88,75,99,4,908,64
1771718982,56,174,44,163,86,99,78,100,48,169,10,833,130
1771718983,66,137,60,138,49,174,45,182,58,143,7,4341,94
1771718984,74,111,65,111,79,111,70,95,62,119,5,1381,54
1771718985,39,174,47,171,45,186,40,189,38,178,11,4470,140
1771718986,61,140,65,135,70,106,79,93,63,132,7,1039,95
1771718987,65,111,75,110,36,202,36,208,72,124,5,5073,75
1771718988,61,111,70,115,19,221,26,207,71,129,6,5912,65
1771718989,49,164,50,161,22,222,22,219,51,157,9,5892,101
1771718990,74,112,69,101,81,83,81,92,78,116,4,743,54
1771718991,48,154,58,162,42,176,49,169,53,159,9,4273,97
1771718992,65,115,77,119,47,171,37,183,71,111,5,4502,75
1771718993,74,100,74,104,49,174,45,157,84,96,3,3687,52
1771718994,84,92,84,74,41,188,45,186,88,84,2,4541,21
1771718995,34,181,31,195,36,183,33,184,35,184,13,4951,149
1771718996,77,113,72,103,78,67,92,74,66,93,4,210,52
1771718997,53,141,64,152,63,124,54,141,54,137,8,2550,90
1771718998,78,98,76,115,53,144,50,150,73,93,4,3099,62
1771718999,66,115,60,133,44,172,47,161,68,132,6,3637,78
1771719000,41,163,45,153,60,115,74,116,53,158,10,1887,127
1771719001,46,177,47,189,69,117,77,103,38,189,12,1727,135
1771719002,24,215,23,202,47,173,39,185,34,206,15,4185,185
1771719003,70,131,57,132,80,87,72,88,66,120,6,1015,82
1771719004,79,92,72,100,78,81,85,100,72,96,3,781,43
1771719005,62,133,59,136,51,144,61,139,58,138,7,2719,84
1771719006,67,105,70,121,70,133,72,123,64,123,5,2163,68
1771719007,80,87,83,66,69,109,71,110,80,76,1,1346,21
1771719008,75,104,75,122,74,97,84,99,66,122,5,780,67
1771719009,42,188,40,171,72,111,72,121,39,182,12,1768,133
1771719010,69,116,66,109,82,90,79,85,79,100,4,362,60
1771719011,35,191,48,185,52,153,59,145,48,184,12,3062,136
1771719012,60,142,55,125,56,137,56,132,61,121,7,2283,79
1771719013,57,142,51,149,42,159,44,172,53,150,8,3864,101
1771719014,77,114,75,95,45,152,46,153,81,109,4,3702,53
1771719015,46,157,46,141,56,165,46,168,51,142,9,3780,102
1771719016,80,104,74,99,70,115,74,111,67,115,4,1888,64
1771719017,58,112,65,123,48,176,41,189,62,119,6,4506,81
1771719018,69,98,74,107,42,175,40,190,65,108,4,4603,63
1771719019,76,78,88,90,52,147,66,149,89,84,2,2728,25
1771719020,50,139,55,139,79,81,81,79,62,150,8,747,86
1771719021,60,131,65,138,36,178,41,174,63,136,7,4136,89
1771719022,47,170,42,168,47,144,45,153,50,163,10,3347,119
1771719023,57,123,61,116,61,132,72,124,63,114,6,2145,77
1771719024,75,84,83,86,53,165,58,168,76,94,2,3511,35
1771719025,91,77,79,82,29,198,34,181,85,69,1,4851,25
1771719026,53,138,51,151,70,120,65,126,50,143,8,2212,107
1771719027,41,183,36,202,43,154,49,170,44,191,13,3809,159
1771719028,46,156,46,164,18,213,20,230,52,143,9,5940,108
1771719029,80,97,75,88,58,129,51,146,74,79,2,2816,40
1771719030,41,186,38,179,37,208,39,205,44,181,13,5145,154
1771719031,26,219,25,212,82,102,76,81,22,223,16,839,191
1771719032,75,111,72,115,35,188,41,188,74,107,5,4897,73
1771719033,42,171,53,163,80,105,81,90,40,176,11,1054,131
1771719034,35,181,43,188,43,159,52,163,39,191,12,3657,138
1771719035,55,166,52,162,44,168,53,164,51,167,10,3948,120
1771719036,51,172,49,162,60,129,64,136,52,169,10,2819,125
1771719037,81,88,83,96,67,136,67,124,73,101,3,2233,43
1771719038,61,131,71,120,51,163,40,166,70,111,6,3859,84
1771719039,83,85,80,86,85,64,79,81,76,88,2,224,35
1771719040,49,181,45,175,57,143,60,142,40,172,11,2933,136
1771719041,40,174,44,171,81,80,85,77,45,175,12,283,150
1771719042,46,169,39,177,63,137,66,130,49,163,11,2536,124
1771719043,45,185,36,182,79,84,77,85,40,196,13,585,149
1771719044,51,133,63,140,38,192,32,202,56,132,8,5305,85
1771719045,44,170,46,191,74,96,66,101,47,183,12,1500,153
1771719046,56,128,55,143,30,203,43,186,54,127,7,4871,76
1771719047,58,135,72,132,59,140,65,137,72,119,6,2884,78
1771719048,64,130,57,131,75,79,80,73,58,131,7,392,78
1771719049,38,168,43,171,27,227,27,223,50,175,11,5960,130
1771719050,78,96,80,99,60,143,56,135,80,99,4,2730,42
1771719051,37,190,33,190,57,149,51,152,39,211,14,3076,160
1771719052,66,93,75,106,54,178,43,174,79,102,4,3933,64
1771719053,51,150,59,139,36,183,39,196,64,133,8,4795,89
1771719054,38,184,43,189,52,145,65,132,37,198,13,2803,147
1771719055,73,73,76,78,74,130,69,113,82,85,2,1935,22
1771719056,75,90,80,84,45,168,57,151,86,75,2,3476,42
1771719057,47,152,47,158,73,123,71,129,44,168,10,1916,124
1771719058,38,181,42,195,83,81,84,73,30,199,13,429,153
1771719059,74,104,64,105,70,111,74,113,69,107,5,1519,76
1771719060,39,177,40,163,64,121,71,128,39,163,11,2089,127
1771719061,74,106,84,101,76,99,73,95,84,95,3,1052,47
1771719062,62,110,70,118,57,126,57,124,62,118,5,2402,55
1771719063,65,111,70,116,66,127,65,118,66,102,5,2100,71
1771719064,45,185,33,180,67,105,82,92,36,188,12,1190,136
1771719065,53,151,58,142,82,99,72,111,54,137,8,1223,106
1771719066,49,173,49,180,52,146,60,150,46,161,11,2843,132
1771719067,78,85,72,85,78,74,84,87,79,102,3,494,42
1771719068,47,183,42,192,36,182,50,167,33,177,12,4213,143
1771719069,78,101,82,104,49,176,42,163,73,101,3,3997,40
1771719070,30,179,39,190,64,127,53,133,30,185,13,2654,162
1771719071,77,104,78,96,87,79,78,74,82,86,3,310,49
1771719072,60,141,54,155,54,164,46,152,52,157,9,3339,105
1771719073,90,75,85,74,65,142,64,127,88,78,1,2622,22
1771719074,65,107,63,115,74,115,68,113,72,112,5,1869,75
1771719075,80,104,80,104,42,181,38,190,79,104,3,4844,51
1771719076,87,65,87,81,73,101,84,96,78,72,1,923,11
1771719077,84,100,70,90,86,76,80,88,84,105,3,290,54
1771719078,38,162,42,163,51,175,50,173,51,162,11,4019,126
1771719079,45,179,44,177,75,103,73,100,41,175,12,1411,131
1771719080,72,115,62,104,33,182,34,185,63,123,5,4801,56
1771719081,74,109,72,116,38,191,39,200,72,105,5,4857,54
1771719082,79,86,86,94,66,118,72,117,87,79,2,2153,42
1771719083,71,103,76,112,30,193,32,203,66,116,5,4895,76
1771719084,59,130,53,143,70,98,72,111,64,138,7,1579,75
1771719085,62,112,62,104,27,203,32,188,71,111,5,5036,72
1771719086,62,118,68,128,43,186,46,174,60,116,6,4286,80
1771719087,56,173,43,154,64,118,63,138,57,162,10,2295,122
1771719088,56,123,60,136,69,115,69,115,56,133,7,2152,97
1771719089,59,127,68,126,38,177,37,177,59,129,6,4658,64
1771719090,67,112,72,125,70,136,60,128,62,123,5,2356,62
1771719091,83,95,82,93,53,133,56,145,80,102,3,2643,45
1771719092,73,94,88,81,68,127,65,139,88,80,2,2367,22
1771719093,38,211,37,208,49,168,45,174,41,208,14,3941,163
1771719094,61,122,63,125,70,110,76,119,66,116,5,1688,54
1771719095,74,112,65,107,79,87,86,89,62,121,5,678,76
1771719096,32,200,39,184,43,172,57,152,32,189,13,3600,150
1771719097,75,96,75,81,73,127,74,107,86,95,2,1871,43
1771719098,55,161,55,162,75,110,64,128,46,148,9,1856,113
1771719099,63,124,77,121,21,211,31,206,65,104,5,5728,72
1771719100,38,186,45,176,42,164,40,166,48,190,12,3974,149
1771719101,56,161,42,159,47,161,49,148,51,155,10,3180,131
1771719102,47,144,61,160,35,190,45,198,58,161,9,4806,98
1771719103,32,192,32,200,79,95,80,98,32,179,13,1022,147
1771719104,47,191,45,192,52,148,59,140,45,178,12,3195,132
1771719105,76,104,69,107,51,159,56,161,80,100,4,3204,46
1771719106,31,202,36,189,65,117,74,120,35,184,13,1660,157
1771719107,39,183,30,181,41,174,39,175,31,203,13,3899,155
1771719108,78,102,69,93,43,168,49,168,80,109,4,3654,58
1771719109,83,75,88,91,34,196,29,194,79,74,2,4882,39
1771719110,46,145,58,149,50,152,60,139,53,156,9,3037,110
1771719111,54,154,45,163,35,205,35,212,55,151,10,5497,116
1771719112,62,144,68,134,71,111,69,114,55,131,7,1947,90
1771719113,76,111,73,108,87,90,74,82,74,115,5,739,69
1771719114,41,179,48,167,63,141,65,140,42,168,11,2572,125
1771719115,43,180,43,183,68,89,70,101,37,178,12,1167,135
1771719116,80,85,81,87,59,143,63,124,79,90,3,2507,38
1771719117,76,96,86,92,43,176,55,164,80,93,2,3816,20
1771719118,47,159,42,161,64,135,57,131,56,173,10,2291,122
1771719119,60,154,46,161,38,179,43,176,48,162,9,4435,111
1771719120,85,71,88,69,49,162,54,147,79,86,1,3404,19
1771719121,40,200,32,185,78,103,69,117,37,182,13,1527,164
1771719122,30,204,26,195,43,163,44,156,37,195,14,3905,154
1771719123,83,85,82,78,39,184,34,183,75,74,2,4469,34
1771719124,43,151,52,172,68,123,71,102,55,169,10,1718,126
1771719125,64,125,56,138,75,120,70,128,60,122,7,1849,86
1771719126,44,174,44,184,30,187,33,186,42,187,12,4954,132
1771719127,68,108,68,107,65,114,65,109,62,113,5,1826,54
1771719128,84,90,84,99,29,199,28,194,72,104,3,5333,49
1771719129,46,190,39,169,35,185,36,188,39,192,12,4718,134
1771719130,57,149,58,154,43,193,38,195,58,150,8,4791,95
1771719131,41,165,46,168,74,106,80,84,55,154,10,1002,111
1771719132,67,139,60,140,24,206,32,197,69,137,7,5321,77
1771719133,38,189,40,202,30,211,31,195,41,203,14,5401,173
1771719134,53,151,47,156,34,208,32,203,55,157,10,5512,125
1771719135,87,94,81,84,46,176,49,183,82,81,2,4396,39
1771719136,80,91,74,74,60,121,74,120,82,79,2,1834,25
1771719137,38,188,43,177,41,187,43,194,47,185,12,4966,132
1771719138,57,131,57,132,51,167,44,167,68,139,7,3941,90
1771719139,35,206,27,198,77,98,76,99,33,203,14,757,154
1771719140,66,117,65,119,65,99,66,119,64,104,5,1542,74
1771719141,42,188,37,171,37,207,37,203,34,172,12,5348,146
1771719142,32,213,39,195,30,197,32,187,27,207,14,4858,168
1771719143,37,180,37,193,82,71,79,81,36,194,13,271,144
1771719144,38,164,47,162,43,167,48,161,42,179,11,3983,139
1771719145,35,188,45,186,45,158,52,180,45,182,12,3961,135
1771719146,67,116,76,123,68,120,57,132,62,106,5,2466,76
1771719147,50,157,56,154,67,100,81,109,49,160,10,1333,114
1771719148,86,84,74,80,66,138,55,145,78,81,2,2602,19
1771719149,81,75,77,79,76,102,73,101,77,78,1,1258,27
1771719150,64,116,63,125,52,142,54,150,63,114,5,2768,72
1771719151,40,183,32,182,63,117,68,100,34,182,13,1629,145
1771719152,49,174,47,173,58,132,59,119,48,183,11,2283,141
1771719153,31,193,36,180,50,147,58,147,40,197,13,3437,155
1771719154,30,185,40,199,70,117,76,123,33,182,13,1662,162
1771719155,50,178,40,164,43,165,43,176,42,176,11,4233,137
1771719156,58,161,47,142,41,168,53,171,59,164,9,3787,102
1771719157,61,140,61,154,55,175,52,174,55,143,8,3761,93
1771719158,73,104,81,115,73,126,73,116,68,105,4,2021,57
1771719159,47,153,51,161,41,173,39,171,53,163,10,3956,117
1771719160,80,69,79,74,59,157,54,137,84,84,1,3093,19
1771719161,82,71,88,74,26,202,27,218,91,75,1,5713,29
1771719162,50,151,52,173,42,189,46,179,52,162,10,4362,113
1771719163,75,107,72,102,32,184,37,200,76,115,5,4915,55
1771719164,73,116,67,113,89,67,87,73,70,124,6,349,66
1771719165,51,148,55,147,82,100,83,103,62,137,8,1095,88
1771719166,63,144,53,147,42,191,39,182,59,134,8,4829,98
1771719167,39,190,35,170,38,185,38,178,36,176,12,4619,130
1771719168,74,86,77,82,39,204,40,202,74,88,2,4941,39
1771719169,70,104,63,108,70,96,74,88,64,120,5,1183,54
1771719170,82,70,91,63,80,113,68,107,80,81,1,1310,28
1771719171,45,183,53,181,65,104,67,115,39,161,11,1576,127
1771719172,52,149,54,143,47,174,44,166,52,143,9,3984,113
1771719173,63,132,67,139,53,147,57,141,63,140,7,2914,89
1771719174,85,82,76,76,64,132,53,128,74,85,2,2578,39
1771719175,30,209,25,225,72,101,83,84,26,231,16,899,183
1771719176,69,120,64,106,19,210,28,209,66,119,5,5905,63
1771719177,41,176,49,166,48,151,54,153,42,171,11,3224,122
1771719178,64,132,54,140,47,171,42,178,55,140,8,3965,101
1771719179,79,97,71,112,42,193,47,194,67,115,4,4557,54
1771719180,39,183,45,183,81,77,89,86,30,183,13,438,153
1771719181,64,140,52,138,29,194,28,210,62,133,8,5154,97
1771719182,78,96,80,98,64,122,64,102,77,94,4,1701,47
1771719183,45,172,38,191,49,181,43,166,39,179,12,4298,152
1771719184,51,155,57,158,87,86,86,86,44,160,10,611,114
1771719185,41,184,49,172,55,141,56,147,38,177,12,3319,144
1771719186,66,106,66,114,54,151,58,137,74,110,4,2952,47
1771719187,79,77,80,92,22,225,25,220,83,84,2,5745,35
1771719188,79,104,82,98,56,141,63,148,83,87,3,2955,44
1771719189,68,122,62,115,72,117,66,124,61,122,6,2225,75
1771719190,91,73,86,73,60,136,60,142,80,81,1,2816,29
1771719191,32,202,31,188,67,106,78,98,38,184,13,1315,141
1771719192,47,150,54,168,37,203,25,200,45,157,10,5541,112
1771719193,55,135,69,143,31,207,35,195,54,133,7,5073,84
1771719194,54,150,46,140,51,151,49,144,60,161,9,3068,101
1771719195,67,122,64,127,73,98,79,91,59,143,7,736,84
1771719196,62,136,61,145,47,185,43,195,61,129,7,4521,96
1771719197,63,136,58,124,41,179,44,185,62,139,7,4418,79
1771719198,61,138,56,152,40,180,44,175,64,142,8,4368,93
1771719199,50,180,42,182,39,182,33,197,41,164,11,4626,135
1771719200,58,113,67,131,45,174,48,158,73,115,6,3918,64
1771719201,49,144,53,136,77,116,79,95,51,148,8,1424,108
1771719202,75,107,66,118,63,123,64,106,70,114,5,1846,66
1771719203,62,125,60,131,34,190,40,178,72,116,6,4387,68
1771719204,50,131,51,144,73,85,76,91,50,132,8,918,87
1771719205,58,148,55,157,58,169,54,165,59,150,9,3526,104
1771719206,48,173,34,171,54,146,58,134,35,190,12,2616,153
1771719207,84,93,75,92,73,96,74,91,71,86,3,798,33
1771719208,31,190,44,186,78,86,79,86,35,192,13,564,152
1771719209,51,134,52,133,64,116,63,124,54,147,8,1856,92
1771719210,36,182,31,186,64,125,67,130,41,189,13,2012,145
1771719211,52,163,45,160,71,123,76,108,50,167,11,1778,127
1771719212,38,161,47,179,86,84,81,74,50,166,11,337,139
1771719213,58,125,63,125,92,85,92,73,65,119,6,261,79
1771719214,61,103,73,114,78,83,83,88,72,102,5,776,72
1771719215,86,73,78,86,70,105,77,97,83,81,2,1013,27
1771719216,52,172,50,164,51,171,45,154,47,183,11,3750,120
1771719217,63,138,66,131,81,112,69,105,62,122,7,1376,86
1771719218,72,127,66,133,75,117,62,113,71,113,6,1739,64
1771719219,71,103,69,96,47,172,43,160,70,105,4,3859,58
1771719220,34,189,42,186,78,107,81,95,32,185,13,1244,140
1771719221,59,140,53,134,48,183,37,169,66,144,7,4154,78
1771719222,62,134,64,137,34,181,37,200,53,136,8,4889,99
1771719223,74,118,62,114,25,224,23,216,69,125,5,5987,68
1771719224,64,124,64,120,42,181,47,170,64,130,6,4004,71
1771719225,31,189,36,194,60,139,53,151,31,183,13,3145,161
1771719226,55,151,56,145,57,127,68,130,45,162,9,2449,101
1771719227,85,80,80,67,64,129,59,131,81,65,1,2210,13
1771719228,52,152,60,141,43,173,47,160,65,139,8,3736,107
1771719229,59,136,62,133,83,95,86,101,63,136,7,755,96
1771719230,47,163,46,180,57,142,58,127,40,172,11,2755,127
1771719231,31,191,33,196,56,145,59,156,35,202,14,3092,172
1771719232,18,210,25,228,88,86,89,81,26,230,16,425,188
1771719233,56,130,59,142,65,140,62,117,54,123,7,2336,80
1771719234,82,100,81,97,32,194,41,192,83,99,3,4719,34
1771719235,90,66,92,72,40,180,50,165,90,66,1,4081,15
1771719236,34,196,44,184,74,98,84,91,45,181,13,703,147
1771719237,78,105,71,113,72,90,80,97,72,92,4,746,49
1771719238,71,104,63,125,53,160,56,149,63,109,5,3162,58
1771719239,40,195,25,210,83,83,89,77,32,207,14,375,154
1771719240,68,99,70,114,76,86,75,89,69,107,4,1106,42
1771719241,41,187,45,186,58,125,64,123,38,180,13,2249,140
1771719242,47,172,36,184,45,173,46,174,45,187,12,3753,146
1771719243,63,123,66,141,58,141,57,144,68,126,7,2634,86
1771719244,24,225,23,214,53,136,53,151,30,219,16,2917,176
1771719245,58,156,57,162,47,188,37,168,48,162,9,4375,119
1771719246,59,131,53,137,51,144,52,156,63,136,8,3440,101
1771719247,70,132,71,127,62,108,72,106,73,133,6,1694,86
1771719248,85,68,82,85,31,176,32,191,90,72,1,4664,18
1771719249,57,139,60,129,34,181,38,192,59,136,7,4835,95
1771719250,78,80,78,89,54,147,60,147,83,85,2,2736,23
1771719251,56,143,60,150,45,190,42,173,49,148,9,4503,102
1771719252,24,226,28,214,48,174,52,181,26,210,16,4004,183
1771719253,65,153,56,147,85,104,76,102,62,148,8,983,93
1771719254,72,112,68,99,51,146,55,142,75,102,4,3195,64
1771719255,85,64,86,74,62,135,54,138,93,83,1,2652,21
1771719256,31,188,42,199,58,130,61,120,38,197,13,2315,155
1771719257,52,178,47,175,40,178,38,169,47,172,11,4078,134
1771719258,45,180,49,189,55,118,56,119,48,174,12,2359,144
1771719259,79,87,88,89,76,109,70,110,81,91,2,1372,32
1771719260,78,65,90,81,65,131,59,138,86,80,1,2427,28
1771719261,66,105,68,102,84,92,75,100,67,125,5,854,71
1771719262,29,182,41,187,39,171,40,158,40,184,13,3969,156
1771719263,82,85,83,86,84,84,87,86,79,89,3,499,52
1771719264,66,94,74,102,33,198,32,215,78,98,4,5485,52
1771719265,42,188,31,195,82,84,86,84,32,199,13,577,152
1771719266,42,178,45,182,23,206,27,208,38,164,11,5657,139
1771719267,51,134,54,140,27,201,35,222,60,150,8,5602,104
1771719268,79,83,80,78,52,171,53,177,81,81,1,4044,10
1771719269,62,128,57,140,27,215,23,217,61,142,7,5568,86
1771719270,37,187,41,186,43,158,43,162,36,187,13,3800,142
1771719271,53,156,50,172,55,158,59,159,53,174,10,3297,114
1771719272,42,180,41,186,52,151,58,144,40,181,12,3419,136
1771719273,77,83,78,82,80,89,80,94,80,78,2,522,32
1771719274,78,111,79,97,77,95,69,107,66,99,4,1371,64
1771719275,79,93,84,100,64,129,55,143,77,83,3,2675,50
1771719276,43,186,39,169,48,179,45,186,36,172,12,4249,131
1771719277,91,84,88,79,61,140,55,144,91,64,1,2830,30
1771719278,31,200,36,189,45,192,40,175,34,185,13,4611,153
1771719279,42,189,48,187,59,131,57,131,45,189,12,2245,130
1771719280,67,142,60,143,31,208,23,210,65,134,7,5390,89
1771719281,72,105,70,97,43,190,39,205,81,96,3,4939,35
1771719282,93,76,90,80,32,197,31,201,92,75,1,4879,28
1771719283,57,150,50,152,48,166,45,176,54,134,8,3802,91
1771719284,59,138,62,143,62,121,64,130,58,142,8,2384,100
1771719285,32,222,18,215,32,217,23,223,21,222,16,5699,196
1771719286,93,70,83,71,65,103,67,114,88,68,1,1449,15
1771719287,58,160,60,155,44,172,49,172,46,152,9,4034,106
1771719288,83,80,87,64,40,165,36,181,78,86,1,4233,12
1771719289,43,162,45,173,75,94,87,93,51,167,11,587,130
1771719290,76,121,65,115,47,164,54,164,67,103,5,3612,54
1771719291,90,81,85,83,75,108,72,92,91,83,1,1230,13
1771719292,38,175,44,177,66,117,59,133,43,190,12,2283,129
1771719293,68,111,79,102,77,112,71,113,72,108,4,1341,62
1771719294,61,161,49,149,38,186,39,189,50,149,9,4357,113
1771719295,58,156,52,147,55,150,52,146,52,147,9,2718,101
1771719296,46,162,39,176,48,153,50,136,53,165,11,2976,141
1771719297,87,86,87,81,57,125,56,143,89,74,1,2460,23
1771719298,50,159,50,156,47,148,53,148,59,162,9,3090,103
1771719299,44,169,40,164,69,107,75,115,49,166,11,1453,132
1771719300,75,79,85,87,74,83,80,74,81,78,2,565,35
1771719301,86,82,81,66,34,194,38,184,92,82,1,4863,10
1771719302,51,167,39,183,51,167,50,180,39,183,11,4002,122
1771719303,39,173,45,177,78,71,75,73,51,162,11,469,129
1771719304,86,72,87,87,34,177,33,185,85,69,1,4546,24
1771719305,72,98,78,103,57,132,65,133,80,89,3,2746,37
1771719306,51,160,54,170,50,166,41,182,55,165,10,4172,127
1771719307,46,189,47,174,80,79,85,73,45,170,12,245,143
1771719308,77,89,73,94,37,191,36,169,84,85,3,4431,54
1771719309,37,172,35,177,86,77,83,66,41,178,12,260,139
1771719310,49,142,48,163,60,130,58,141,60,156,9,2558,100
1771719311,78,105,70,105,37,185,46,173,79,96,3,4568,35
1771719312,74,88,74,86,80,93,81,105,74,102,3,1199,49
1771719313,72,88,71,85,30,208,34,203,70,97,3,5141,31
1771719314,61,125,58,117,70,112,72,117,69,114,6,1679,81
1771719315,37,185,41,174,83,104,70,96,37,185,12,961,145
1771719316,85,93,75,91,83,100,73,82,80,94,2,740,25
1771719317,36,188,38,187,77,88,86,78,45,179,12,681,150
1771719318,50,141,53,134,45,182,43,187,61,146,8,4773,88
1771719319,35,169,45,191,29,202,30,200,45,180,12,5330,150
1771719320,41,160,44,155,52,159,49,157,54,169,10,3242,113
1771719321,34,171,47,184,57,117,68,126,38,174,12,2198,150
1771719322,71,109,80,104,35,197,34,195,73,108,4,5162,44
1771719323,48,160,54,160,85,89,76,94,57,155,9,578,111
1771719324,59,136,66,129,72,110,72,113,59,140,7,1808,94
1771719325,83,88,76,82,38,187,38,184,81,75,2,4612,23
1771719326,43,191,49,183,46,174,39,163,46,176,12,3948,134
1771719327,58,153,59,147,57,149,53,158,51,140,8,3372,86
1771719328,86,86,80,80,28,223,27,214,87,83,1,5753,13
1771719329,54,133,60,143,67,124,70,112,55,130,7,1716,79
1771719330,87,92,83,84,54,144,63,136,78,91,2,3093,26
1771719331,70,122,67,126,77,117,78,113,75,104,5,1540,67
1771719332,30,211,35,204,78,101,73,105,34,209,15,1287,171
1771719333,69,101,76,91,47,163,58,151,73,98,3,3501,42
1771719334,46,185,33,193,80,105,75,107,43,184,12,1422,141
1771719335,40,170,38,170,43,172,48,169,38,164,11,4431,122
1771719336,44,183,44,162,51,152,47,152,48,168,11,3377,141
1771719337,74,106,73,106,39,175,40,177,77,118,5,4660,71
1771719338,82,81,80,94,60,128,60,117,76,78,2,2287,35
1771719339,54,134,61,134,34,214,32,204,53,152,8,5459,102
1771719340,60,141,50,136,29,204,42,196,60,148,8,4959,96
1771719341,40,160,52,176,29,191,30,195,44,178,11,5166,121
1771719342,89,88,79,88,69,120,59,136,75,90,2,2329,39
1771719343,82,82,77,76,38,195,37,201,84,75,2,5187,29
1771719344,64,124,67,123,27,205,37,204,68,123,6,5161,65
1771719345,81,67,85,72,59,139,61,148,85,78,1,2652,18
1771719346,42,175,46,171,38,192,34,186,37,183,12,4721,139
1771719347,88,85,84,71,46,157,52,162,92,68,1,3353,23
1771719348,41,187,41,191,43,180,34,194,42,187,13,4634,151
1771719349,77,111,68,115,52,164,53,162,65,93,4,3989,57
1771719350,43,172,33,176,53,127,65,144,35,174,12,2759,145
1771719351,68,128,72,118,66,119,77,100,65,113,6,1625,70
1771719352,57,138,54,136,37,185,50,167,55,142,7,4184,79
1771719353,21,219,28,218,68,110,67,95,19,215,16,1460,191
1771719354,59,144,48,142,79,95,70,107,54,162,9,1214,105
1771719355,90,83,92,85,78,87,76,85,86,78,1,1042,12
1771719356,29,195,42,180,53,170,48,163,39,191,13,4006,150
1771719357,67,106,78,107,57,140,57,144,76,116,4,2944,58
1771719358,41,180,49,187,71,116,75,118,42,180,12,1465,147
1771719359,87,84,92,82,43,166,55,152,80,66,1,3544,18
1771719360,32,215,31,216,53,180,47,175,24,200,15,4066,178
1771719361,86,79,87,69,72,113,65,126,87,71,1,1940,16
1771719362,59,163,60,159,34,174,46,180,59,150,9,4412,109
1771719363,55,157,45,150,40,197,40,183,42,169,10,4662,114
1771719364,45,174,40,160,32,192,43,200,49,171,11,4834,126
1771719365,32,227,24,209,62,110,65,121,19,220,16,1861,176
1771719366,62,134,53,137,77,103,81,103,60,143,8,1051,102
1771719367,77,76,75,93,49,170,46,170,74,93,2,4183,41
1771719368,89,80,77,80,66,136,56,136,83,76,1,2646,24
1771719369,64,148,59,150,57,133,49,147,49,135,8,2943,108
1771719370,79,65,86,86,89,72,86,75,92,87,1,367,18
1771719371,60,112,61,133,84,91,77,90,65,122,6,894,73
1771719372,35,184,45,180,66,124,63,125,34,197,13,1848,162
1771719373,92,83,78,70,51,161,47,164,79,75,1,4067,25
1771719374,48,169,42,173,49,144,57,160,54,157,10,3394,113
1771719375,50,170,47,167,55,152,45,159,48,170,11,3566,124
1771719376,43,175,35,192,69,112,68,97,48,171,12,1557,139
1771719377,84,83,75,99,58,117,69,125,79,98,3,2266,44
1771719378,76,94,77,105,39,172,40,181,66,100,4,4478,42
1771719379,79,67,88,71,61,124,59,118,79,65,1,2381,25
1771719380,75,125,61,124,57,158,51,156,73,107,5,3422,63
1771719381,61,138,68,125,62,121,63,126,65,125,7,2037,78
1771719382,51,148,51,154,77,105,77,95,52,151,8,1068,99
1771719383,38,167,51,169,42,176,36,167,46,164,11,4337,140
1771719384,51,150,64,143,67,105,68,124,53,132,8,1737,94
1771719385,53,171,42,154,44,185,43,185,46,153,10,4586,128
1771719386,36,193,45,201,71,95,75,87,43,183,13,1130,149
1771719387,54,148,51,144,23,218,20,216,48,147,9,5767,96
1771719388,33,192,42,201,43,168,43,168,31,199,13,3604,159
1771719389,89,63,86,64,49,155,60,153,82,67,1,3323,16
1771719390,60,160,46,143,70,111,65,114,52,158,9,1471,111
1771719391,73,94,75,91,80,84,80,95,76,98,3,967,53
1771719392,68,135,70,129,34,199,36,191,58,117,6,4725,82
1771719393,69,98,75,102,66,140,66,131,80,105,4,2509,64
1771719394,34,191,32,189,44,155,51,155,41,196,14,3468,152
1771719395,76,95,79,75,38,175,36,188,87,91,2,4663,20
1771719396,64,152,52,133,76,111,71,111,58,145,8,1296,104
1771719397,83,80,82,89,54,153,59,159,82,77,2,3246,36
1771719398,23,206,28,212,67,136,67,124,37,221,15,2441,183
1771719399,68,145,63,134,31,182,44,196,59,131,7,4935,95
1771719400,59,136,63,140,83,92,78,98,61,144,7,939,83
1771719401,55,140,54,143,35,176,50,179,59,126,7,4292,89
1771719402,38,171,44,165,68,87,69,100,50,179,11,1129,139
1771719403,79,92,77,101,53,168,46,152,76,106,3,3602,49
1771719404,66,102,73,99,61,107,61,114,72,104,4,1833,54
1771719405,85,105,78,98,82,89,77,110,81,94,3,1187,35
1771719406,52,157,55,159,57,116,62,132,47,162,10,2293,116
1771719407,46,147,51,157,74,112,63,108,53,150,9,1840,99
1771719408,92,71,88,85,23,204,31,200,87,70,1,5588,24
1771719409,36,213,40,200,85,70,88,73,40,190,14,210,175
1771719410,79,75,83,66,32,178,36,186,92,75,1,4771,13
1771719411,29,197,39,181,44,176,35,193,40,188,13,4618,157
1771719412,78,103,80,86,85,71,83,80,73,83,3,515,36
1771719413,57,132,53,131,54,140,57,147,60,149,8,2613,96
1771719414,66,121,72,113,57,147,60,131,67,112,5,2745,57
1771719415,75,92,80,115,63,118,64,102,74,111,4,1679,49
1771719416,40,178,41,170,29,221,31,219,44,185,12,5939,151
1771719417,34,185,41,174,38,174,46,168,47,184,12,4382,152
1771719418,85,66,89,74,71,100,68,100,83,84,1,1511,17
1771719419,82,64,92,77,43,186,36,175,90,77,1,4429,12
1771719420,61,119,68,123,65,134,57,138,62,110,5,2359,64
1771719421,43,173,49,173,42,177,35,193,43,181,11,4626,137
1771719422,81,101,70,87,52,160,52,153,77,83,3,3292,43
1771719423,76,103,68,116,47,193,41,187,67,93,4,4445,51
1771719424,65,123,60,133,53,128,54,138,70,129,6,2788,77
1771719425,59,162,46,151,75,79,82,95,60,156,9,789,105
1771719426,22,202,26,199,35,170,44,185,24,202,15,4275,162
1771719427,51,170,45,169,37,209,29,192,55,170,10,5263,109
1771719428,49,156,45,161,86,87,87,76,50,162,10,639,129
1771719429,85,79,85,64,72,130,69,125,86,63,1,2103,15
1771719430,57,140,55,151,39,180,43,165,61,145,8,3988,87
1771719431,37,185,38,186,59,121,58,123,46,178,12,2339,130
1771719432,58,162,45,153,53,161,61,153,47,160,9,3170,103
1771719433,78,92,84,86,53,158,54,175,80,76,2,3750,27
1771719434,41,198,38,188,68,107,69,108,31,190,13,1169,156
1771719435,30,217,25,222,36,180,44,189,28,217,15,4461,183
1771719436,63,126,68,112,75,81,82,85,58,118,6,800,77
1771719437,34,189,43,172,36,221,25,223,43,188,12,5671,133
1771719438,50,148,65,150,28,203,37,201,62,142,8,5246,90
1771719439,53,173,46,164,69,119,79,102,55,170,10,1526,112
1771719440,68,126,57,128,47,154,54,158,62,129,7,3253,90
1771719441,61,138,64,155,72,102,71,98,63,143,8,1493,94
1771719442,63,117,67,135,50,142,54,150,65,112,6,3110,70
1771719443,61,111,76,116,54,130,60,126,66,110,5,2708,67
1771719444,81,75,76,86,21,222,31,229,76,73,2,5907,34
1771719445,76,85,81,84,33,193,47,191,82,84,3,4598,52
1771719446,64,135,68,122,73,95,73,91,68,139,7,685,96
1771719447,85,76,86,83,69,100,72,108,78,68,1,1190,30
1771719448,80,113,69,96,85,78,79,85,79,111,4,240,44
1771719449,45,157,46,144,70,126,60,138,46,141,9,2230,111
1771719450,79,86,80,77,56,151,60,153,84,81,1,3288,25
1771719451,34,183,34,189,61,125,69,120,32,200,13,2443,157
1771719452,86,76,78,88,56,169,57,161,79,91,2,3517,38
1771719453,43,153,47,151,85,81,81,71,52,162,10,231,115
1771719454,45,175,49,165,88,89,75,78,48,164,11,563,141
1771719455,69,114,68,133,47,152,51,158,62,130,6,3706,85
1771719456,87,72,87,72,71,101,75,101,79,65,1,947,15
1771719457,22,208,21,222,57,167,55,167,21,215,16,3490,193
1771719458,60,118,58,113,81,98,72,79,68,115,6,744,64
1771719459,44,152,53,161,59,124,57,131,53,151,10,2414,110
1771719460,83,84,85,84,34,186,34,192,78,89,2,4685,30
1771719461,85,85,80,87,50,161,58,152,81,93,2,3396,41
1771719462,62,129,66,114,54,151,55,141,61,135,6,2808,66
1771719463,82,81,89,73,49,175,36,186,81,66,1,4399,29
1771719464,33,206,29,215,71,127,56,124,23,221,15,2233,176
1771719465,67,133,68,116,80,65,90,70,72,121,6,255,73
1771719466,92,73,81,71,51,143,47,146,83,83,1,3100,17
1771719467,40,182,42,165,30,198,24,213,40,173,11,5365,121
1771719468,62,117,76,117,36,177,42,170,67,111,5,4456,62
1771719469,72,113,71,100,78,89,72,104,72,97,4,1218,46
1771719470,39,194,42,181,71,82,81,103,31,181,13,860,145
1771719471,65,93,72,104,44,178,40,185,80,106,4,4690,60
1771719472,91,86,85,75,57,159,42,161,92,83,1,3610,13
1771719473,50,174,38,180,68,106,70,115,41,168,11,1349,130
1771719474,63,137,54,136,45,169,46,177,57,154,8,4420,91
1771719475,47,141,48,160,57,162,48,160,46,141,9,3585,118
1771719476,79,89,79,74,47,189,41,183,75,86,2,4357,28
1771719477,63,109,68,113,52,166,43,161,72,122,5,3634,53
1771719478,47,165,42,174,62,128,60,123,41,183,11,2457,122
1771719479,77,114,65,111,26,212,33,215,72,116,4,5800,64
1771719480,71,102,74,120,74,100,72,81,76,106,5,807,63
1771719481,59,135,69,132,67,108,71,97,61,128,7,1288,76
1771719482,73,104,79,84,46,184,52,174,80,88,3,4183,47
1771719483,45,170,47,172,34,215,35,215,42,174,11,5685,120
1771719484,72,106,66,100,76,95,78,94,80,100,4,1239,42
1771719485,52,137,52,145,19,219,29,210,55,134,8,5852,92
1771719486,59,133,62,141,53,125,64,126,62,127,7,2612,78
1771719487,23,221,18,213,25,217,25,221,30,225,16,5997,177
1771719488,68,119,60,119,29,201,28,202,61,128,6,5304,76
1771719489,46,176,34,181,60,111,62,116,34,172,12,1957,152
1771719490,51,163,52,178,45,149,56,146,41,175,11,3264,130
1771719491,61,132,55,154,56,161,58,143,63,139,8,3243,98
1771719492,74,75,87,80,54,156,51,166,81,93,2,3756,43
1771719493,70,119,66,111,70,99,81,90,74,123,5,1009,52
1771719494,44,184,45,170,86,82,87,80,49,181,12,311,150
1771719495,46,164,42,152,57,166,49,163,50,162,10,3689,109
1771719496,68,113,68,109,75,98,75,108,69,118,5,1186,65
1771719497,24,212,36,207,85,87,76,88,31,207,15,389,185
1771719498,48,179,46,183,32,199,32,215,34,182,12,5553,141
1771719499,65,144,54,147,40,177,44,184,59,140,8,4388,94
1771719500,93,86,89,70,72,98,80,96,80,72,1,968,16
1771719501,36,180,36,202,50,142,57,137,35,194,13,3093,145
1771719502,30,192,43,197,65,115,75,123,35,199,13,1749,158
1771719503,47,173,54,167,66,94,73,114,44,160,10,1433,112
1771719504,82,83,75,91,66,113,73,114,73,96,3,1312,36
1771719505,71,111,76,93,59,133,64,119,73,109,4,2292,47
1771719506,53,145,56,134,83,76,82,75,54,141,8,622,107
1771719507,77,93,69,114,44,193,42,174,67,96,4,4484,46
1771719508,44,190,30,181,34,182,34,184,40,200,13,4799,141
1771719509,43,171,57,161,65,97,77,112,55,170,10,1368,123
1771719510,52,147,57,134,23,205,26,212,58,136,8,5854,98
1771719511,77,99,65,113,59,147,59,150,74,114,4,2907,51
1771719512,49,154,56,148,33,207,22,216,55,147,9,5810,119
1771719513,61,122,72,135,25,208,34,212,69,130,6,5634,85
1771719514,84,65,79,71,43,149,55,153,78,73,1,3536,28
1771719515,18,218,29,209,31,216,27,203,32,218,16,5638,182
1771719516,70,87,82,84,68,100,73,113,70,97,3,1481,54
1771719517,36,196,40,208,40,190,45,190,37,206,14,4550,173
1771719518,57,144,57,141,73,82,76,84,50,137,8,759,93
1771719519,28,213,28,228,22,207,28,214,18,211,16,5693,175
1771719520,63,141,53,122,60,131,52,145,61,126,7,2759,91
1771719521,60,144,51,134,35,203,37,194,60,150,8,5408,86
1771719522,37,176,43,188,69,104,78,102,47,186,12,1535,141
1771719523,89,64,80,71,74,109,75,106,92,72,1,1342,16
1771719524,68,123,63,122,46,148,53,150,61,125,6,3302,77
1771719525,36,177,35,172,82,82,90,72,49,175,12,299,153
1771719526,71,83,78,87,22,219,23,213,84,83,3,5617,43
1771719527,82,80,84,86,46,156,55,146,77,83,2,3479,30
1771719528,38,191,30,201,91,90,80,90,34,195,13,339,143
1771719529,64,119,72,103,28,216,39,196,72,110,5,5410,71
1771719530,79,87,88,82,30,197,30,190,85,95,2,4896,27
1771719531,62,124,61,121,71,104,70,92,55,122,7,1167,76
1771719532,41,173,34,179,83,91,68,109,34,189,12,1192,150
1771719533,59,124,57,121,75,121,68,120,55,126,7,1656,83
1771719534,45,155,43,153,39,175,52,165,54,169,10,3979,113
1771719535,66,124,56,138,72,103,81,95,59,125,7,1249,92
1771719536,36,189,36,202,82,95,77,96,35,195,14,1124,152
1771719537,59,145,49,163,35,190,32,191,49,151,9,5213,97
1771719538,27,212,29,206,47,194,45,175,33,202,14,4585,156
1771719539,67,133,57,131,37,183,45,186,58,129,6,4185,79
1771719540,35,184,44,184,44,163,45,163,39,189,13,3690,151
1771719541,80,70,91,72,42,188,32,204,90,81,1,4962,32
1771719542,47,172,39,179,38,179,35,188,45,188,12,4563,136
1771719543,78,69,85,86,44,181,43,196,80,83,1,4647,14
1771719544,82,81,81,82,46,178,39,172,88,83,1,4435,18
1771719545,79,96,77,99,72,104,81,96,77,98,3,1098,46
1771719546,72,114,71,106,45,196,33,189,73,112,4,4644,56
1771719547,65,135,59,123,63,144,55,139,66,129,6,2531,69
1771719548,76,103,74,95,56,144,53,133,73,99,4,2741,60
1771719549,40,198,31,195,72,97,74,87,35,200,13,921,158
1771719550,87,79,78,95,48,181,40,171,89,95,2,4353,34
1771719551,62,153,64,149,53,138,63,137,61,140,8,2725,92
1771719552,41,195,32,180,50,159,53,161,42,183,13,3912,161
1771719553,89,88,78,88,55,169,51,163,87,94,2,3841,25
1771719554,49,159,55,159,70,111,67,121,54,156,9,1623,100
1771719555,82,87,79,101,41,169,41,166,74,96,3,4153,31
1771719556,60,160,59,154,50,172,45,161,48,152,9,3904,112
1771719557,51,170,40,165,76,92,86,92,37,161,11,434,127
1771719558,39,188,42,188,71,100,79,101,36,181,13,1286,159
1771719559,66,107,68,101,46,165,42,176,80,104,4,4225,61
1771719560,72,112,61,130,60,124,58,128,66,125,6,2312,74
1771719561,63,132,53,138,63,138,57,132,49,140,8,2433,86
1771719562,84,89,80,81,64,119,58,134,87,96,2,2405,25
1771719563,43,186,37,176,84,86,76,98,40,172,12,788,135
1771719564,42,196,30,188,30,190,40,183,30,184,13,4788,148
1771719565,31,218,23,218,63,136,62,131,23,216,15,2848,182
1771719566,90,85,91,75,49,162,50,182,92,72,1,4134,17
1771719567,44,176,39,171,76,95,84,91,37,183,12,690,146
1771719568,32,232,31,228,28,192,30,191,22,210,16,5213,195
1771719569,70,105,70,103,77,93,72,99,82,85,3,857,39
1771719570,65,124,71,129,70,106,63,121,72,121,6,1629,86
1771719571,69,122,68,125,53,158,53,156,75,123,5,3523,66
1771719572,51,179,53,178,56,130,64,123,47,174,11,2271,139
1771719573,73,106,73,103,86,94,82,95,74,113,5,707,74
1771719574,42,203,37,190,76,67,90,79,42,203,13,307,154
1771719575,31,180,36,191,85,80,86,80,39,186,13,650,164
1771719576,58,131,68,125,80,91,70,108,70,113,6,1296,79
1771719577,67,115,64,120,43,191,46,171,62,122,6,4503,87
1771719578,55,147,58,148,40,172,42,182,52,151,9,4062,115
1771719579,46,168,46,161,57,131,67,143,38,182,11,2485,138
1771719580,48,161,45,152,62,131,69,135,54,170,10,2140,115
1771719581,70,109,71,94,42,186,46,185,70,99,4,4654,61
1771719582,50,152,49,162,45,180,46,188,43,172,10,4474,108
1771719583,43,192,39,195,49,143,53,149,45,180,13,3177,154
1771719584,62,152,58,140,78,94,76,95,63,153,8,1272,103
1771719585,75,85,71,92,89,79,84,85,82,106,3,433,39
1771719586,37,182,47,185,63,126,62,130,37,179,12,2074,144
1771719587,45,168,45,174,36,182,45,186,50,165,11,4346,124
1771719588,69,109,64,125,73,91,69,90,70,110,5,977,56
1771719589,41,191,40,191,64,141,57,125,37,206,14,2585,152
1771719590,33,199,36,198,76,86,86,67,31,197,13,330,161
1771719591,89,73,92,81,33,185,40,185,89,79,1,4585,10
1771719592,69,107,76,115,74,85,81,94,72,123,5,708,74
1771719593,79,105,80,102,62,129,56,141,66,110,4,2781,59
1771719594,39,180,41,190,51,160,59,150,36,172,12,3385,139
1771719595,56,151,49,157,86,99,84,81,57,152,9,692,112
1771719596,65,118,70,118,65,116,56,114,72,107,5,2218,68
1771719597,63,130,55,129,55,155,46,153,68,136,7,3247,97
1771719598,64,131,64,140,70,113,78,98,49,132,8,1554,93
1771719599,81,78,75,89,76,91,71,90,80,77,2,950,35
1771719600,59,163,58,148,47,145,51,156,56,150,9,3174,112
1771719601,88,89,75,74,35,190,45,186,86,77,2,4505,38
1771719602,60,132,53,134,80,91,84,95,64,143,8,569,90
1771719603,59,131,58,138,67,132,68,142,51,142,8,2631,90
1771719604,44,156,41,164,82,88,82,83,55,173,10,852,116
1771719605,44,158,55,152,73,94,72,96,42,156,10,1226,126
1771719606,80,97,71,94,63,105,71,108,79,114,4,1754,44
1771719607,61,139,55,126,75,96,74,77,67,138,7,643,76
1771719608,49,164,44,155,74,85,83,75,42,166,10,600,122
1771719609,32,200,42,191,90,85,85,80,38,189,13,372,146
1771719610,64,135,61,134,39,182,49,180,65,125,6,4454,79
1771719611,60,133,54,128,53,172,53,169,60,128,7,3946,98
1771719612,72,124,70,118,84,88,89,75,69,123,5,431,55
1771719613,78,96,70,93,68,122,61,133,78,96,3,2359,45
1771719614,23,224,29,211,38,188,48,190,18,214,16,4373,181
1771719615,51,154,48,155,69,103,76,110,47,161,10,1742,127
1771719616,58,131,59,137,63,142,64,134,68,122,7,2586,75
1771719617,48,173,36,185,36,188,35,187,47,191,12,4829,137
1771719618,29,195,34,189,55,161,55,154,42,186,13,3167,156
1771719619,78,83,78,82,38,175,46,165,88,83,2,4261,20
1771719620,47,161,44,183,65,118,64,134,48,178,11,2117,123
1771719621,78,71,90,66,42,176,53,163,93,83,1,3939,29
1771719622,85,96,81,80,39,183,43,177,88,89,2,4049,19
1771719623,75,91,87,96,76,95,74,90,75,78,2,598,38
1771719624,45,176,42,163,39,177,39,172,38,180,11,4047,127
1771719625,61,132,61,144,69,127,60,131,54,141,8,2058,105
1771719626,84,101,83,101,55,154,56,139,81,96,3,3114,40
1771719627,72,101,77,105,65,135,60,124,76,105,4,2355,64
1771719628,66,118,74,106,75,108,70,102,65,118,5,1109,72
1771719629,52,141,51,134,39,209,37,201,51,139,8,5307,99
1771719630,53,133,62,139,82,72,80,71,64,143,8,365,94
1771719631,91,74,82,71,71,109,71,91,81,87,1,1245,10
1771719632,46,172,42,169,42,173,46,172,37,176,11,4183,129
1771719633,49,163,56,159,72,123,70,116,52,171,10,1734,124
1771719634,48,184,46,181,48,195,43,185,47,183,12,4570,150
1771719635,33,191,32,194,81,99,78,101,42,183,13,1267,161
1771719636,65,141,55,136,66,112,72,123,65,122,7,1783,94
1771719637,57,162,54,147,78,89,88,71,50,141,9,294,115
1771719638,64,151,63,137,70,85,84,93,60,146,8,970,107
1771719639,55,170,54,169,35,181,41,184,47,168,10,4723,122
1771719640,73,76,86,80,79,102,64,116,82,86,2,1437,23
1771719641,81,83,91,74,76,88,80,90,91,63,1,888,32
1771719642,70,93,75,97,46,154,58,140,77,113,4,3166,44
1771719643,65,117,74,102,75,95,76,98,67,117,5,1192,52
1771719644,59,124,67,133,72,100,71,101,56,128,7,1007,83
1771719645,43,183,45,198,71,125,69,125,32,193,13,1794,160
1771719646,65,103,63,119,36,185,36,183,74,121,5,4254,66
1771719647,72,111,67,123,68,113,80,105,62,127,6,1362,82
1771719648,76,107,70,109,82,107,81,99,75,106,4,1187,47
1771719649,43,157,56,168,84,86,73,107,54,167,10,1040,107
1771719650,69,121,68,118,40,193,39,182,67,105,5,4786,56
1771719651,63,137,69,136,76,96,77,108,55,145,7,1388,83
1771719652,47,180,48,171,82,104,74,89,49,180,12,974,129
1771719653,59,130,61,129,46,156,50,156,62,126,6,3890,76
1771719654,58,160,54,163,46,179,41,189,58,157,9,4714,104
1771719655,40,179,49,185,74,92,80,86,38,171,12,956,148
1771719656,80,80,86,91,84,73,83,68,82,90,2,346,35
1771719657,54,153,43,160,73,89,85,88,49,158,10,987,120
1771719658,84,74,85,68,68,110,66,100,79,87,1,1333,12
1771719659,53,126,57,129,44,190,34,190,66,131,7,4489,92
1771719660,44,185,43,197,53,155,63,147,45,194,13,3031,161
1771719661,41,168,52,162,35,216,36,211,49,165,11,5561,125
1771719662,64,114,63,117,73,111,68,113,66,114,5,1276,74
1771719663,67,136,58,137,91,87,85,80,53,144,7,228,91
1771719664,34,210,36,199,44,194,36,180,33,206,15,4730,165
1771719665,47,156,43,152,66,141,59,142,57,159,10,2512,117
1771719666,90,83,80,77,58,131,59,145,91,65,1,2619,17
1771719667,62,114,72,135,34,202,31,191,72,135,6,4844,80
1771719668,65,142,57,123,60,161,52,155,59,140,7,3219,92
1771719669,56,130,58,130,50,164,51,154,60,123,7,3455,79
1771719670,79,105,73,89,36,190,33,187,76,104,3,4989,43
1771719671,48,157,49,155,54,157,55,177,52,160,10,3837,130
1771719672,32,197,34,184,58,141,57,158,44,199,13,3212,156
1771719673,51,165,51,159,36,193,39,174,49,157,10,4624,120
1771719674,56,151,52,140,65,129,64,135,63,147,8,2705,88
1771719675,18,213,23,231,69,107,71,108,33,218,16,1361,193
1771719676,81,105,80,92,50,175,42,173,80,92,3,4253,49
1771719677,53,152,52,133,44,153,55,162,60,148,8,3613,91
1771719678,44,184,34,180,61,125,63,119,42,191,12,2384,143
1771719679,65,113,66,116,52,166,40,164,67,112,6,4118,72
1771719680,62,146,62,132,34,201,31,197,61,133,8,5195,95
1771719681,48,164,42,170,61,148,52,147,41,163,10,3182,120
1771719682,90,81,79,72,88,77,85,84,83,78,1,650,16
1771719683,66,111,78,114,42,162,42,169,70,104,4,3635,52
1771719684,43,177,41,177,45,174,37,167,38,167,11,4171,132
1771719685,54,137,63,137,66,128,70,111,53,150,8,2083,106
1771719686,44,193,39,182,77,92,82,80,30,186,13,709,147
1771719687,56,130,55,143,50,162,54,175,60,141,7,3759,80
1771719688,78,102,75,101,30,195,44,197,77,100,4,4786,49
1771719689,45,189,39,184,81,94,70,96,34,183,13,1178,151
1771719690,77,97,82,88,31,207,30,198,78,82,3,5460,46
1771719691,83,70,88,84,69,126,66,131,81,66,1,2266,19
1771719692,26,219,21,223,43,182,46,198,22,227,16,4698,195
1771719693,51,175,44,166,23,215,32,217,37,176,11,5542,134
1771719694,83,94,76,89,66,120,73,114,73,106,3,2067,31
1771719695,67,114,71,119,78,95,79,95,73,108,5,559,54
1771719696,33,212,22,200,36,191,38,183,26,204,15,4773,185
1771719697,68,119,69,116,44,173,40,174,62,102,5,4152,63
1771719698,57,137,53,133,55,124,66,126,56,137,7,2401,82
1771719699,74,104,69,94,42,176,38,187,74,98,4,4393,61
1771719700,42,175,47,182,48,168,45,176,46,189,12,4385,146
1771719701,55,168,48,168,31,194,34,188,48,150,10,4725,121
1771719702,58,141,61,136,52,150,61,144,67,128,7,2948,98
1771719703,61,122,72,113,50,153,55,170,73,121,6,3566,74
1771719704,49,159,54,149,25,207,32,200,48,147,9,5434,110
1771719705,29,209,25,220,78,89,75,96,29,218,16,1000,180
1771719706,29,205,39,205,84,93,72,85,37,212,14,712,156
1771719707,72,105,72,101,51,161,53,158,84,100,3,3664,36
1771719708,67,131,65,126,48,174,42,171,55,123,7,3970,76
1771719709,63,138,53,148,44,177,37,171,58,139,8,4354,103
1771719710,38,180,31,184,39,196,35,189,31,188,13,4567,152
1771719711,48,188,36,176,79,117,76,111,44,187,12,1447,131
1771719712,56,162,42,156,47,157,42,171,56,161,10,3855,122
1771719713,79,81,84,81,51,159,52,159,91,66,1,3489,24
1771719714,30,182,39,199,58,134,69,131,40,200,13,2399,154
1771719715,38,182,49,179,54,126,61,134,49,173,11,2701,124
1771719716,56,151,50,158,39,182,53,164,52,154,9,4030,110
1771719717,73,107,64,121,73,116,70,111,76,117,5,1837,59
1771719718,77,70,90,69,80,95,72,109,87,66,1,1394,18
1771719719,46,173,48,171,37,188,40,172,36,188,12,4548,132
1771719720,45,188,43,181,43,160,45,156,40,182,13,3695,150
1771719721,48,172,45,172,81,83,89,81,55,172,10,511,108
1771719722,49,190,41,193,54,157,61,158,37,182,12,3269,140
1771719723,73,110,78,109,83,99,78,101,80,100,4,1042,58
1771719724,53,148,58,159,19,222,24,212,51,154,9,5947,101
1771719725,78,72,78,84,50,158,39,158,93,84,1,3992,30
1771719726,74,88,87,85,53,144,67,144,86,74,2,2587,41
1771719727,80,78,74,76,54,136,67,130,87,88,2,2678,43
1771719728,73,116,81,101,30,209,38,196,65,101,4,5363,56
1771719729,47,151,43,174,61,123,65,116,46,171,10,2115,111
1771719730,55,134,56,135,38,180,38,174,64,134,7,4314,86
1771719731,72,114,79,105,63,124,61,134,67,100,4,2509,58
1771719732,76,76,81,88,76,104,69,112,77,77,2,1417,40
1771719733,70,112,72,128,56,145,68,132,65,120,6,2539,83
1771719734,33,206,31,201,34,188,39,197,32,199,15,5123,176
1771719735,72,111,70,134,53,148,53,150,69,119,6,3335,74
1771719736,83,87,71,90,43,185,31,203,78,94,3,4914,38
1771719737,44,180,38,198,71,102,68,119,45,196,13,1528,143
1771719738,83,75,90,78,32,183,44,193,77,73,1,4917,21
1771719739,56,136,57,145,71,112,76,105,53,132,8,1267,88
1771719740,71,125,66,121,38,176,46,172,77,110,5,4168,53
1771719741,60,121,59,121,76,98,76,119,59,122,7,1520,89
1771719742,56,155,53,144,78,91,72,101,58,138,8,987,102
1771719743,68,107,65,117,75,96,85,99,69,114,5,724,53
1771719744,82,86,75,86,38,185,45,190,87,96,2,4723,43
1771719745,70,93,80,91,74,105,66,116,77,96,3,1784,32
1771719746,92,67,84,73,33,203,33,198,77,79,1,5218,10
1771719747,36,181,44,192,41,196,32,187,43,174,12,4859,143
1771719748,70,84,71,104,40,190,41,188,72,93,3,4780,34
1771719749,45,170,53,172,48,162,43,169,39,160,11,4035,119
1771719750,60,146,45,145,70,102,75,116,53,160,9,1716,100
1771719751,43,163,50,161,46,152,56,165,38,179,11,3602,135
1771719752,19,220,25,217,21,223,35,209,19,231,16,5745,189
1771719753,70,84,85,104,53,157,51,145,76,101,3,3014,31
1771719754,41,165,43,165,45,192,30,186,45,172,10,4768,114
1771719755,46,177,40,170,82,101,71,110,39,175,12,1190,131
1771719756,69,119,71,126,45,154,45,166,67,113,6,3616,80
1771719757,91,84,86,72,34,201,42,205,84,85,1,4928,30
1771719758,54,143,51,151,41,177,42,191,46,164,9,4345,106
1771719759,51,131,52,149,36,216,25,207,53,142,8,5598,88
1771719760,66,112,64,132,39,180,47,160,71,121,6,4024,75
1771719761,34,180,48,172,63,134,57,142,38,177,12,2777,139
1771719762,31,202,37,196,52,140,59,148,33,200,13,3016,147
1771719763,37,209,28,200,31,193,38,200,41,200,14,4900,161
1771719764,56,124,66,145,36,184,43,193,66,136,7,4965,89
1771719765,36,190,34,171,30,189,33,201,45,192,12,4943,130
1771719766,53,145,57,138,63,152,56,144,64,121,7,2912,96
1771719767,71,124,69,122,64,111,68,98,64,125,6,1481,64
1771719768,81,97,76,85,69,105,73,90,83,91,2,1053,39
1771719769,78,93,81,83,69,114,64,101,80,79,2,1512,25
1771719770,40,199,31,187,65,126,68,140,35,180,13,2606,141
1771719771,47,153,58,142,46,170,39,171,46,158,9,4383,118
1771719772,60,144,60,142,53,161,51,174,60,133,8,3686,88
1771719773,37,178,46,180,42,175,51,174,44,186,12,4019,132
1771719774,74,85,76,97,32,208,29,223,78,84,2,5942,29
1771719775,57,143,57,143,54,146,47,138,62,136,8,3153,102
1771719776,39,197,29,193,88,78,86,84,27,205,14,653,174
1771719777,70,99,68,104,59,133,55,131,70,115,4,2438,52
1771719778,58,135,66,141,68,118,57,125,61,134,7,2223,92
1771719779,41,160,39,183,61,133,55,129,50,174,11,2574,140
1771719780,46,163,49,166,59,123,73,111,42,155,10,1994,116
1771719781,35,192,45,177,46,174,39,174,36,180,12,4234,150
1771719782,54,125,64,143,69,121,71,119,54,122,7,2249,81
1771719783,84,80,82,93,72,88,84,100,80,94,2,844,39
1771719784,48,175,41,183,81,93,72,95,45,165,11,735,130
1771719785,56,121,66,123,77,100,72,105,68,123,7,1645,84
1771719786,51,162,44,161,55,129,60,145,45,162,10,2559,121
1771719787,66,123,73,128,52,174,42,164,58,113,6,3764,75
1771719788,45,154,56,155,55,134,67,129,47,173,10,2548,121
1771719789,73,123,59,113,55,132,63,128,64,135,6,2421,76
1771719790,75,101,73,100,46,165,38,172,67,107,4,4082,65
1771719791,82,66,89,81,39,179,47,190,82,67,1,4537,10
1771719792,83,64,77,66,67,130,62,119,84,68,1,2408,25
1771719793,80,76,78,66,45,161,46,168,83,73,1,3798,31
1771719794,49,173,54,151,33,184,37,189,57,152,10,5029,118
1771719795,48,170,46,187,45,174,39,173,37,192,12,4064,149
1771719796,81,76,87,88,67,113,69,118,88,79,2,2172,37
1771719797,48,163,56,150,59,124,71,129,60,155,9,2268,103
1771719798,52,141,64,134,69,109,68,100,63,146,8,1333,104
1771719799,39,170,43,172,71,96,76,107,51,184,11,1315,120
1771719800,90,80,89,75,45,189,39,189,78,81,1,4355,24
1771719801,45,188,39,188,44,153,50,167,31,196,13,3782,158
1771719802,87,73,84,72,68,118,72,106,78,86,1,1643,26
1771719803,56,162,48,155,51,171,41,174,54,155,10,3995,116
1771719804,45,168,41,174,72,131,64,111,53,161,11,1993,139
1771719805,64,120,64,120,46,155,46,153,59,132,6,3298,85
1771719806,68,107,78,100,52,147,56,161,67,100,4,3439,47
1771719807,76,89,73,89,41,176,43,173,83,76,2,3813,43
1771719808,52,169,43,183,84,81,74,83,53,176,11,522,133
1771719809,36,184,39,194,38,196,40,189,43,187,13,4622,158
1771719810,75,95,78,88,29,193,31,190,81,77,2,4836,24
1771719811,65,126,64,124,38,188,35,175,64,123,7,4301,82
1771719812,84,106,70,85,58,162,59,151,78,91,3,3411,54
1771719813,48,188,43,173,70,129,65,125,43,188,12,2265,129
1771719814,80,67,78,63,85,84,87,86,85,82,1,225,10
1771719815,63,123,61,110,67,119,68,128,70,114,5,2208,52
1771719816,47,189,37,179,35,189,49,170,40,188,12,4319,153
1771719817,40,163,49,175,44,172,39,173,38,183,11,4555,136
1771719818,56,147,56,144,50,173,47,182,46,151,9,4149,106
1771719819,83,80,76,87,83,77,87,83,87,94,2,613,37
1771719820,61,135,60,131,22,222,35,214,64,150,8,5786,108
1771719821,33,191,40,207,67,137,58,126,40,212,14,2325,170
1771719822,41,187,46,179,37,172,47,184,45,192,12,4398,141
1771719823,55,151,46,160,68,106,68,125,58,155,9,1908,109
1771719824,48,180,51,183,62,131,68,116,45,163,11,2101,125
1771719825,69,89,73,102,77,88,76,89,72,82,3,823,40
1771719826,59,124,57,128,30,201,40,208,55,134,7,5109,95
1771719827,48,160,47,173,41,193,41,196,41,173,10,5005,114
1771719828,80,94,84,97,73,107,81,93,84,75,2,1041,34
1771719829,35,186,36,183,53,180,41,179,36,193,13,3936,151
1771719830,49,182,38,176,58,139,64,144,38,178,12,2475,130
1771719831,25,221,35,222,37,171,38,189,33,211,15,4391,163
1771719832,36,185,43,193,53,146,58,140,46,189,12,2764,150
1771719833,80,69,80,85,73,74,74,95,85,77,1,601,28
1771719834,74,103,79,91,44,186,40,175,69,102,3,4650,35
1771719835,58,121,71,120,41,193,46,190,68,122,6,4650,86
1771719836,58,135,62,132,30,202,35,197,72,132,6,5512,70
1771719837,80,110,73,93,45,175,41,168,65,106,4,3792,46
1771719838,57,146,52,152,75,129,70,116,62,153,8,1895,108
1771719839,66,107,66,104,56,158,51,153,72,103,4,3582,51
1771719840,60,131,63,146,48,161,40,169,49,139,8,3876,99
1771719841,71,111,67,103,82,98,78,81,74,112,5,753,75
1771719842,71,114,72,129,52,141,61,136,73,134,6,2695,64
1771719843,72,111,77,124,42,203,32,187,70,105,5,4980,60
1771719844,48,158,51,147,26,196,40,199,58,159,9,5249,98
1771719845,78,90,84,85,54,162,53,161,76,90,3,3559,44
1771719846,40,185,49,193,88,78,77,84,35,178,12,439,146
1771719847,75,112,66,103,34,191,43,202,68,110,5,4988,71
1771719848,81,97,84,100,36,195,40,189,76,101,3,4862,31
1771719849,60,124,60,135,24,213,37,206,54,141,7,5435,89
1771719850,76,76,81,96,63,132,68,124,78,80,2,2451,42
1771719851,25,195,37,194,32,175,41,177,30,202,14,4620,170
1771719852,71,85,71,106,45,167,51,161,79,106,3,3858,44
1771719853,59,142,64,123,72,108,70,99,57,138,7,1579,86
1771719854,78,91,71,105,29,195,28,192,72,105,3,5283,51
1771719855,45,165,51,164,87,70,89,82,50,162,10,269,111
1771719856,86,84,82,81,63,126,72,130,80,75,1,2084,24
1771719857,60,147,46,151,48,183,39,177,54,142,9,4475,107
1771719858,46,172,42,181,86,92,81,77,47,179,12,627,143
1771719859,80,75,77,82,36,203,24,210,86,64,1,5572,28
1771719860,64,115,65,131,81,91,85,85,67,112,6,462,73
1771719861,66,96,76,104,88,78,79,82,72,103,4,388,55
1771719862,67,94,72,104,55,166,43,159,79,111,4,3704,45
1771719863,88,70,79,85,61,135,62,133,81,82,1,2617,18
1771719864,57,143,45,154,82,81,89,81,46,161,9,497,104
1771719865,39,203,34,183,78,100,80,88,30,185,13,1144,149
1771719866,47,163,45,168,64,115,67,115,46,177,11,2084,122
1771719867,25,203,35,193,44,200,37,203,39,201,14,4895,153
1771719868,88,73,80,89,25,217,27,203,74,87,2,5468,35
1771719869,53,146,54,138,60,155,51,160,53,140,8,3285,106
1771719870,81,68,89,79,32,202,21,202,90,74,1,5708,21
1771719871,85,84,81,82,43,176,43,163,85,73,1,3930,27
1771719872,58,133,72,135,68,119,72,113,71,134,6,2019,71
1771719873,64,111,63,104,81,88,76,87,67,107,5,714,52
1771719874,43,189,40,190,33,195,36,184,38,183,12,4716,148
1771719875,69,112,67,93,79,95,67,117,73,106,4,1420,55
1771719876,65,133,51,152,28,197,34,195,53,138,8,5440,106
1771719877,86,79,83,75,38,175,49,165,76,85,2,4155,33
1771719878,33,189,47,184,53,161,44,166,34,179,12,3898,142
1771719879,57,143,60,126,39,182,49,171,53,142,7,4067,87
1771719880,25,227,28,209,81,100,68,103,29,224,16,1316,179
1771719881,60,139,63,142,64,109,71,110,51,133,8,1762,94
1771719882,58,126,56,143,67,124,59,127,55,139,7,2582,95
1771719883,44,193,33,182,85,93,75,73,38,186,12,480,149
1771719884,85,78,87,65,82,98,72,87,92,85,1,1090,30
1771719885,50,148,52,138,83,108,75,105,49,146,8,1068,105
1771719886,74,120,74,106,23,219,33,212,64,114,5,5614,72
1771719887,76,84,89,82,81,91,72,90,86,91,2,872,42
1771719888,47,160,49,168,74,93,77,89,42,169,10,750,108
1771719889,85,86,70,100,70,101,75,101,71,102,3,1109,30
1771719890,31,189,32,185,72,111,66,118,38,183,13,1993,142
1771719891,70,124,71,105,29,213,37,205,68,105,5,5414,55
1771719892,44,162,48,168,46,169,50,189,47,183,11,4314,130
1771719893,43,175,44,183,61,152,50,148,42,184,12,3128,151
1771719894,88,76,86,74,82,92,73,91,73,90,2,860,28
1771719895,76,115,72,107,32,196,43,202,72,115,4,4791,45
1771719896,29,185,31,184,69,113,64,130,40,191,13,1934,151
1771719897,39,176,41,190,46,172,52,165,38,180,12,4175,131
1771719898,33,213,35,202,89,81,80,86,26,201,15,563,163
1771719899,38,180,36,187,54,168,53,165,38,197,13,3495,156
1771719900,74,90,81,97,48,160,39,174,72,105,3,4089,52
1771719901,75,99,72,93,76,83,80,91,74,100,3,655,49
1771719902,78,71,82,81,73,89,79,84,84,86,1,733,11
1771719903,50,167,51,183,54,127,69,125,47,183,11,2438,132
1771719904,34,198,38,186,70,89,72,91,43,196,13,985,158
1771719905,34,185,44,173,55,160,55,165,44,193,12,3691,139
1771719906,79,111,81,94,69,98,84,92,70,108,4,996,58
1771719907,63,137,68,143,24,215,29,217,64,141,7,5634,85
1771719908,77,94,80,89,43,181,44,173,84,102,3,4363,44
1771719909,47,158,57,157,31,201,24,200,50,157,9,5635,101
1771719910,35,188,42,177,74,100,73,97,48,174,12,723,139
1771719911,51,169,50,182,27,224,26,215,38,180,11,5950,125
1771719912,33,178,35,178,72,109,77,101,34,190,12,1278,151
1771719913,87,80,79,94,83,88,80,96,82,82,2,729,40
1771719914,27,189,36,191,56,136,62,135,37,201,14,2824,153
1771719915,71,85,72,90,33,188,30,192,78,92,3,4781,39
1771719916,68,129,69,134,44,199,35,198,64,131,6,4817,75
1771719917,68,118,72,132,33,193,41,187,70,126,6,4490,73
1771719918,51,156,53,167,63,109,67,102,55,165,10,1658,129
1771719919,32,201,23,199,37,189,29,197,28,213,15,4884,173
1771719920,55,152,55,155,54,145,53,161,52,147,8,3164,100
1771719921,67,128,73,129,57,162,46,147,66,114,6,3264,78
1771719922,70,121,71,121,64,109,62,116,70,129,6,1962,69
1771719923,29,202,33,191,37,203,33,210,37,195,13,5264,158
1771719924,62,125,72,103,28,222,27,208,69,105,5,5840,70
1771719925,58,116,60,118,34,217,21,217,66,122,6,5717,86
1771719926,41,165,52,179,22,217,26,207,50,183,11,5893,123
1771719927,65,129,63,125,65,117,77,120,68,134,6,1707,66
1771719928,35,180,44,186,21,206,33,208,40,199,13,5617,150
1771719929,20,211,24,232,34,179,43,181,30,230,16,4771,189
1771719930,37,188,40,189,27,209,22,204,37,182,13,5771,148
1771719931,30,226,31,218,71,116,73,104,26,220,16,1502,179
1771719932,38,197,37,197,30,185,40,191,32,193,13,4857,149
1771719933,76,113,71,108,41,177,39,159,63,110,5,4013,57
1771719934,34,182,32,201,71,83,82,82,34,199,13,865,146
1771719935,71,86,70,97,34,181,31,196,85,83,3,4854,39
1771719936,50,183,47,181,46,185,46,189,42,172,11,4363,128
1771719937,73,115,76,119,76,72,90,85,70,112,5,424,65
1771719938,44,186,42,180,42,161,53,162,34,195,13,4018,144
1771719939,65,112,66,109,75,122,65,115,72,118,5,1721,57
1771719940,42,177,40,180,38,201,30,193,40,171,11,4989,129
1771719941,47,149,50,156,53,146,54,142,47,141,9,3017,109
1771719942,50,172,45,156,37,186,38,192,48,172,10,4536,120
1771719943,43,171,54,155,71,102,83,106,42,163,10,1059,110
1771719944,60,130,54,140,21,202,33,217,60,141,7,5726,86
1771719945,72,114,67,104,72,112,77,107,65,93,4,1375,54
1771719946,55,143,50,149,43,180,44,188,63,150,8,4819,93
1771719947,83,96,79,76,74,129,65,124,87,91,2,1910,33
1771719948,48,181,51,163,55,138,61,140,43,172,11,3146,129
1771719949,43,201,32,194,74,89,83,85,35,184,13,666,151
1771719950,77,84,81,83,80,92,82,73,78,83,3,474,41
1771719951,59,152,59,152,66,115,74,114,53,156,9,2033,106
1771719952,48,186,47,191,51,179,52,170,46,180,12,3932,130
1771719953,88,87,84,90,31,189,37,204,86,75,2,4910,24
1771719954,56,155,42,154,78,78,75,83,43,159,10,499,118
1771719955,49,166,45,165,37,199,43,192,45,177,11,4870,135
1771719956,39,186,41,197,55,161,42,161,30,199,13,3795,157
1771719957,78,95,73,73,56,154,62,158,87,74,2,3077,30
1771719958,45,183,52,166,43,190,41,174,51,162,11,4446,128
1771719959,25,229,24,215,52,150,56,139,32,217,16,3025,182
1771719960,49,167,44,180,55,176,41,172,48,167,11,3794,130
1771719961,54,144,54,124,54,158,60,144,65,125,7,3029,83
1771719962,42,178,39,171,68,123,62,116,47,187,12,1873,143
1771719963,64,152,58,134,61,140,55,131,63,132,8,2820,108
1771719964,29,210,34,210,69,90,70,93,29,198,14,1247,171
1771719965,60,134,59,139,32,192,42,184,50,132,8,4989,85
1771719966,84,98,83,103,59,142,50,156,72,99,3,3203,53
1771719967,59,132,59,150,70,121,60,133,51,145,8,2117,101
1771719968,59,144,48,160,80,89,78,103,56,164,9,1206,112
1771719969,69,128,53,125,71,92,70,86,55,126,7,853,78
1771719970,82,75,86,95,39,186,40,179,82,79,2,4204,37
1771719971,48,172,52,164,22,212,30,211,39,166,11,5777,138
1771719972,83,92,83,84,25,192,34,194,71,89,3,5321,36
1771719973,48,177,48,174,56,159,57,149,33,183,12,3392,132
1771719974,22,227,17,212,52,159,46,169,29,224,16,3538,188
1771719975,49,180,33,183,50,144,56,143,46,174,12,3317,130
1771719976,47,186,35,178,34,186,42,193,45,178,12,4570,150
1771719977,79,94,81,73,69,101,71,105,85,91,2,1036,35
1771719978,84,66,88,66,84,86,90,78,86,85,1,237,19
1771719979,27,208,37,212,64,112,66,104,36,196,14,1792,159
1771719980,51,139,54,144,22,207,26,210,55,136,8,5706,88
1771719981,47,170,46,164,24,211,19,209,53,175,11,5891,122
1771719982,47,162,47,151,76,80,85,78,48,143,9,363,114
1771719983,71,98,74,105,52,175,48,179,85,96,3,4109,51
1771719984,86,82,90,65,50,163,48,153,86,82,1,3376,27
1771719985,79,83,76,82,45,197,37,186,89,91,2,4697,35
1771719986,60,148,64,152,30,210,37,215,51,147,8,5475,94
1771719987,38,180,38,167,77,112,73,108,41,178,11,1483,128
1771719988,46,174,35,181,59,132,60,129,40,186,12,2215,135
1771719989,48,172,44,187,83,68,92,73,46,174,12,217,148
1771719990,56,131,58,154,59,131,60,126,64,142,8,2481,89
1771719991,80,91,80,93,62,146,49,154,74,93,3,3044,50
1771719992,36,197,29,207,61,133,64,134,29,200,14,2826,162
1771719993,59,139,60,136,41,165,42,174,59,150,8,4094,109
1771719994,71,94,70,87,89,69,83,85,77,84,3,303,49
1771719995,53,155,51,173,50,147,49,139,49,167,10,3014,119
1771719996,64,111,71,129,45,185,39,175,71,125,6,4540,81
1771719997,51,173,44,156,88,92,82,92,45,166,10,624,124
1771719998,49,164,48,157,35,192,32,194,53,156,9,4656,109
1771719999,39,187,41,181,37,186,33,180,44,192,13,4549,152
1771720000,76,84,76,92,70,102,75,113,76,89,3,1698,45
1771720001,47,175,51,166,78,97,77,106,44,164,11,1090,130
1771720002,31,199,32,190,83,85,75,83,43,201,13,533,154
1771720003,28,189,26,193,54,159,53,176,37,212,14,3868,160
1771720004,77,76,74,78,86,87,77,75,84,85,2,275,40
1771720005,78,81,82,87,66,140,63,149,80,69,1,2727,23
1771720006,38,191,40,194,56,150,50,150,45,187,13,3394,160
1771720007,38,173,49,171,73,113,66,108,47,181,11,1937,123
1771720008,55,151,63,151,73,101,74,112,63,148,8,1580,87
1771720009,85,71,91,74,64,104,68,122,85,84,1,1693,31
1771720010,75,86,76,96,39,171,39,177,86,81,2,4032,23
1771720011,64,127,60,119,34,199,38,213,58,114,6,5443,71
1771720012,58,122,60,135,25,200,26,208,63,128,7,5336,89
1771720013,26,199,27,218,61,135,56,145,21,214,15,3075,170
1771720014,82,98,72,104,31,197,42,192,76,102,3,5078,54
1771720015,35,177,42,175,45,183,47,178,45,190,12,4153,150
1771720016,76,87,77,82,67,127,73,110,77,73,2,2052,31
1771720017,53,156,60,162,49,149,56,147,59,159,9,3140,110
1771720018,70,114,69,105,69,100,70,107,69,102,5,1627,63
1771720019,79,111,79,104,48,166,52,163,71,97,4,3625,51
1771720020,38,202,37,202,26,196,31,212,40,190,13,5230,148
1771720021,70,114,75,106,42,182,35,180,69,103,5,4776,71
1771720022,61,119,68,103,56,154,45,149,74,114,5,3540,70
1771720023,68,114,71,105,48,174,50,179,65,104,5,4182,71
1771720024,63,117,70,117,50,161,42,168,57,133,6,3867,64
1771720025,41,173,46,176,71,137,58,118,37,181,11,2258,134
1771720026,39,179,48,172,32,191,27,206,53,174,11,5270,128
1771720027,39,191,37,201,54,168,56,166,27,189,14,3669,162
1771720028,61,121,68,123,70,94,74,109,60,121,6,1342,84
1771720029,81,105,82,89,35,192,38,188,80,92,3,4417,48
1771720030,84,84,86,65,33,184,37,189,78,84,1,4584,25
1771720031,51,166,39,160,82,69,82,87,49,165,11,279,120
1771720032,73,96,73,100,83,96,83,87,80,105,3,605,49
1771720033,65,126,59,127,42,152,47,158,58,112,6,3668,63
1771720034,37,180,33,192,41,175,38,190,40,191,13,4427,141
1771720035,51,140,53,142,67,131,63,135,55,135,8,2196,104
1771720036,34,213,23,211,48,169,53,169,27,210,15,3528,172
1771720037,44,156,52,162,56,157,53,166,44,156,10,3394,112
1771720038,65,131,67,128,31,205,41,207,58,126,7,4991,82
1771720039,46,146,52,159,84,81,83,83,48,150,9,289,120
1771720040,78,93,67,104,52,161,43,160,72,100,4,3962,46
1771720041,54,121,60,130,70,105,72,111,61,131,7,1463,81
1771720042,46,178,36,179,50,164,54,164,44,179,12,3819,133
1771720043,69,112,75,117,45,186,36,183,74,103,5,4243,74
1771720044,58,127,64,135,80,99,75,104,70,116,6,1218,73
1771720045,52,152,55,162,36,193,34,203,54,154,9,5345,105
1771720046,72,99,71,104,45,158,54,154,73,100,3,3356,50
1771720047,34,183,39,192,76,93,79,95,37,179,12,747,152
1771720048,54,143,54,154,75,94,67,89,61,149,8,1146,105
1771720049,69,104,76,92,25,204,36,201,77,99,3,5341,38
1771720050,67,111,78,112,63,106,67,109,72,93,4,1871,50
1771720051,67,123,61,139,63,119,61,122,61,141,7,2412,89
1771720052,66,92,75,103,61,147,60,139,78,100,4,3184,48
1771720053,61,159,53,164,70,107,71,88,52,145,9,1012,106
1771720054,35,174,45,186,88,75,85,82,35,188,12,639,150
1771720055,68,140,54,144,43,197,34,188,55,134,7,4769,83
1771720056,29,205,26,202,74,118,68,110,34,200,14,1562,157
1771720057,79,84,83,96,77,90,76,101,73,95,3,1122,43
1771720058,51,157,56,151,35,192,42,197,55,160,9,4859,108
1771720059,48,153,56,171,53,159,51,166,44,167,10,3542,125
1771720060,50,143,46,147,41,203,30,181,60,156,9,4905,100
1771720061,66,135,67,130,53,132,63,146,65,128,6,2838,74
1771720062,44,183,37,177,68,100,72,121,44,169,11,1676,129
1771720063,71,105,78,105,76,85,75,97,79,90,3,1006,36
1771720064,77,104,75,90,41,169,56,163,73,105,3,3732,33
1771720065,43,183,31,185,37,188,36,191,30,186,13,5090,153
1771720066,64,131,60,144,63,126,56,139,53,138,8,2486,106
1771720067,85,106,82,97,43,159,44,162,83,93,3,3678,45
1771720068,29,199,39,180,86,78,85,92,41,197,13,421,161
1771720069,84,89,77,75,47,170,42,181,77,78,2,3954,26
1771720070,54,167,52,158,53,149,50,135,45,163,10,3077,126
1771720071,51,151,61,141,58,109,62,115,64,148,8,2040,107
1771720072,70,112,69,113,85,97,83,90,74,112,4,884,42
1771720073,74,80,86,87,42,190,36,192,83,80,2,4523,20
1771720074,30,214,35,205,38,181,34,182,30,199,15,4913,165
1771720075,69,107,75,125,49,151,54,156,70,124,5,3580,76
1771720076,64,145,56,138,44,186,47,175,63,124,7,4183,90
1771720077,55,142,66,138,46,172,46,170,62,140,7,4337,89
1771720078,36,204,27,218,81,89,85,90,27,206,15,388,180
1771720079,90,73,77,63,84,71,85,73,81,73,1,514,31
1771720080,17,223,30,226,55,144,55,144,20,215,16,2998,192
1771720081,70,113,70,129,52,150,65,135,61,123,6,2930,71
1771720082,51,171,53,160,55,144,56,133,46,164,10,2787,125
1771720083,87,79,85,85,69,121,71,103,88,86,1,1713,29
1771720084,55,134,67,133,61,138,50,152,64,134,7,3118,91
1771720085,69,85,84,100,78,87,83,84,83,97,3,524,43
1771720086,65,111,66,122,55,158,46,142,68,129,6,3289,66
1771720087,82,90,82,85,43,180,47,186,84,75,2,4522,30
1771720088,83,103,84,95,73,121,58,125,82,89,3,2136,48
1771720089,54,166,54,161,42,174,49,159,41,165,10,3954,129
1771720090,84,88,88,86,84,81,84,90,85,74,2,789,36
1771720091,31,188,42,179,24,219,23,224,30,191,13,5994,148
1771720092,71,112,62,123,84,92,87,83,66,120,5,664,69
1771720093,79,101,83,97,80,102,77,111,70,103,3,1347,44
1771720094,74,109,71,114,58,137,60,135,72,110,5,2218,60
1771720095,78,96,81,105,52,144,58,157,66,104,4,3207,51
1771720096,53,165,44,166,73,99,76,101,48,162,10,1313,127
1771720097,40,179,43,192,66,130,63,140,35,186,12,2481,143
1771720098,62,134,55,147,70,122,66,103,55,145,8,1700,92
1771720099,71,113,68,106,74,116,62,111,79,116,4,2022,64
1771720100,52,152,45,165,46,174,39,186,46,159,10,4260,128
1771720101,66,122,63,111,33,227,21,218,74,109,5,5840,72
1771720102,52,146,54,142,41,185,47,166,51,141,8,4178,95
1771720103,50,155,52,157,35,205,26,210,51,154,10,5327,116
1771720104,64,151,58,142,31,219,27,202,53,148,8,5651,105
1771720105,51,161,46,169,51,165,46,162,49,181,11,3403,131
1771720106,29,193,41,190,71,99,79,94,32,202,13,1205,162
1771720107,48,191,40,182,73,90,73,89,48,176,12,801,134
1771720108,40,192,45,197,72,101,65,106,32,192,13,1578,159
1771720109,45,182,46,192,79,82,73,89,43,174,12,669,144
1771720110,50,157,46,156,46,166,44,172,55,146,9,4019,112
1771720111,70,104,70,106,48,190,34,177,70,87,3,4497,35
1771720112,49,185,46,175,50,149,60,145,39,188,12,3138,143
1771720113,55,133,66,124,46,188,42,190,57,138,7,4500,86
1771720114,48,177,53,181,59,144,64,132,43,169,11,2783,130
1771720115,91,75,85,64,37,194,42,193,90,86,1,4955,19
1771720116,76,109,69,102,72,82,84,90,69,108,4,931,48
1771720117,45,185,42,185,71,96,81,102,40,180,12,945,145
1771720118,56,166,52,153,50,168,42,164,46,173,10,3602,109
1771720119,37,182,38,167,33,192,45,193,47,161,11,4672,126
1771720120,61,143,56,142,77,75,81,73,57,135,8,298,94
1771720121,42,160,43,170,49,142,58,154,43,170,11,3034,130
1771720122,48,164,51,170,42,171,51,165,52,174,11,3888,121
1771720123,56,132,57,137,31,210,34,207,59,137,7,5701,74
1771720124,24,224,27,230,57,133,58,135,26,228,16,2656,175
1771720125,88,72,88,84,58,131,68,117,89,71,1,2258,10
1771720126,42,199,39,185,83,85,79,87,31,201,13,776,154
1771720127,78,80,86,71,63,139,50,137,91,66,1,2783,19
1771720128,61,141,55,150,30,218,32,214,56,164,9,5984,117
1771720129,66,113,67,98,52,163,47,164,70,106,4,3780,54
1771720130,86,79,75,80,47,172,35,176,80,77,2,4330,37
1771720131,26,219,25,229,72,80,86,78,24,226,16,770,194
1771720132,52,155,55,168,29,212,24,227,43,151,10,6000,107
1771720133,81,91,74,86,63,134,60,125,81,79,2,2635,29
1771720134,57,136,65,125,76,74,84,83,58,144,7,406,85
1771720135,77,85,80,83,59,110,65,128,89,84,1,1998,20
1771720136,44,182,47,174,30,210,30,220,41,175,12,5905,135
1771720137,35,194,36,203,53,146,57,137,41,193,13,3020,148
1771720138,69,111,66,122,71,116,65,118,71,122,5,1486,56
1771720139,57,145,55,137,61,142,55,148,51,153,8,2777,86
1771720140,81,96,80,78,74,82,77,87,84,83,2,633,21
1771720141,65,110,64,117,35,195,36,179,71,105,5,4655,67
1771720142,60,134,50,137,42,186,43,197,65,134,8,4972,105
1771720143,46,183,42,169,46,149,53,164,37,180,11,3322,126
1771720144,39,172,47,186,58,148,57,146,44,186,12,3183,149
1771720145,59,135,56,132,75,114,76,123,62,148,8,1721,95
1771720146,49,153,56,156,57,127,69,123,50,173,10,2116,120
1771720147,76,73,84,87,51,143,49,153,75,81,2,3340,21
1771720148,49,136,57,152,77,71,86,92,57,132,8,461,108
1771720149,44,172,37,184,40,193,33,177,47,182,11,4652,126
1771720150,33,183,41,183,71,108,60,111,42,201,13,1812,156
1771720151,71,94,67,116,59,114,69,124,79,110,4,1986,64
1771720152,49,146,57,134,72,127,58,128,49,148,8,2083,98
1771720153,58,145,56,136,62,136,56,136,56,127,7,2698,93
1771720154,48,158,51,142,89,73,73,74,51,152,9,575,102
1771720155,63,131,69,130,32,205,38,195,66,133,6,5030,86
1771720156,69,89,79,102,64,118,71,122,82,82,3,2175,45
1771720157,56,134,59,149,38,189,34,188,49,148,8,4439,99
1771720158,42,188,40,179,91,80,80,83,47,183,12,292,144
1771720159,46,161,46,144,44,158,42,159,54,159,9,3818,103
1771720160,83,88,70,84,27,198,24,191,70,100,3,5297,33
1771720161,85,67,80,81,48,170,40,180,83,64,1,4326,10
1771720162,81,78,79,69,71,102,69,120,85,70,1,1527,23
1771720163,50,145,64,140,79,69,86,80,53,149,8,317,107
1771720164,30,202,31,183,36,185,46,177,29,202,13,4691,147
1771720165,34,202,36,196,36,195,39,192,40,197,14,5280,173
1771720166,29,192,39,197,60,126,53,137,43,191,13,2509,159
1771720167,82,98,75,105,84,94,79,87,83,99,3,600,40
1771720168,63,134,51,142,62,118,74,115,53,139,8,1742,97
1771720169,75,92,77,94,61,151,50,152,74,109,4,3171,46
1771720170,57,128,65,144,71,104,72,112,58,131,7,1370,95
1771720171,59,118,68,118,44,183,46,168,72,128,6,4130,84
1771720172,77,74,84,80,50,145,58,128,78,90,2,2783,37
1771720173,60,136,53,144,19,227,27,225,60,123,7,5838,77
1771720174,63,126,67,124,42,187,36,180,57,130,6,4364,76
1771720175,57,138,56,145,56,153,56,145,56,124,7,2894,80
1771720176,40,197,39,199,44,172,39,179,40,192,13,4083,156
1771720177,64,120,62,133,46,171,47,164,63,122,6,3920,80
1771720178,84,79,81,75,43,167,46,182,85,73,2,4143,25
1771720179,45,173,39,182,55,171,43,161,37,171,12,3827,141
1771720180,92,76,92,80,71,120,73,109,85,78,1,1642,26
1771720181,41,174,49,177,69,109,69,94,41,179,11,1371,126
1771720182,73,118,63,107,54,134,63,142,64,124,5,3000,68
1771720183,47,151,45,169,90,89,84,74,47,157,10,492,131
1771720184,45,170,57,173,40,184,44,176,48,160,10,4436,127
1771720185,77,102,70,101,72,87,75,101,71,86,3,1075,44
1771720186,44,182,30,188,77,94,72,97,34,200,13,853,160
1771720187,82,63,84,64,47,182,33,191,91,70,1,4607,23
1771720188,62,148,55,146,39,176,42,193,55,151,8,4483,92
1771720189,42,167,46,160,78,75,82,86,49,182,11,345,133
1771720190,71,103,77,125,31,194,44,187,76,121,5,4776,60
1771720191,74,76,88,91,72,99,81,106,80,92,2,1163,24
1771720192,37,183,43,171,79,78,85,77,37,187,12,360,152
1771720193,83,64,84,70,38,176,45,168,77,68,1,3991,25
1771720194,39,170,38,183,68,114,72,110,36,193,12,1457,132
1771720195,65,120,76,122,82,97,76,82,66,117,5,812,57
1771720196,57,152,55,153,48,158,59,142,46,161,9,3340,101
1771720197,17,227,19,208,55,156,54,136,21,218,16,3082,196
1771720198,66,96,66,95,78,88,74,93,69,109,4,1074,42
1771720199,52,145,53,156,57,130,53,144,56,162,9,2489,111
1771720200,29,202,33,202,36,194,30,201,35,212,15,5279,170
1771720201,74,86,79,83,88,91,81,72,70,95,3,504,45
1771720202,37,191,41,200,47,158,40,168,38,198,13,3815,160
1771720203,56,159,48,153,86,72,84,75,46,162,10,212,126
1771720204,72,94,76,110,79,69,87,74,80,92,4,349,42
1771720205,51,145,51,162,78,90,73,98,45,149,9,923,104
1771720206,66,103,76,124,57,136,64,150,77,112,5,2906,61
1771720207,20,217,28,220,70,120,72,119,19,225,16,1823,182
1771720208,45,180,37,187,61,120,72,119,38,192,12,1757,131
1771720209,50,152,53,167,43,185,42,190,45,154,10,4788,114
1771720210,47,163,39,169,59,141,59,157,46,163,11,3107,133
1771720211,83,82,79,79,37,174,35,191,78,74,1,4612,23
1771720212,54,151,62,143,36,194,37,208,51,149,8,5423,97
1771720213,67,117,65,115,65,107,75,115,73,112,6,1911,81
1771720214,53,173,54,170,68,140,67,127,46,169,10,2377,127
1771720215,70,93,77,96,40,164,41,179,82,97,3,4060,32
1771720216,85,94,80,101,40,174,45,162,70,95,3,4159,34
1771720217,25,209,28,208,31,200,32,182,40,200,14,4862,156
1771720218,36,199,44,187,35,195,35,209,30,198,13,5274,140
1771720219,62,130,54,138,50,162,39,170,68,136,7,3969,82
1771720220,86,80,78,86,39,186,41,203,75,92,2,4942,20
1771720221,87,75,86,83,57,135,64,135,83,85,2,2792,34
1771720222,34,220,22,209,57,136,58,143,29,213,15,2841,185
1771720223,72,92,70,99,70,109,65,126,65,115,4,2010,53
1771720224,66,130,71,125,62,125,69,126,72,129,6,1885,66
1771720225,52,141,52,144,37,182,47,175,50,146,9,4590,108
1771720226,87,76,81,71,69,136,63,126,78,84,1,2506,14
1771720227,84,82,77,87,71,98,73,87,88,73,2,1029,37
1771720228,46,144,46,161,59,161,56,144,55,145,9,3435,97
1771720229,45,145,58,153,67,98,72,100,50,144,9,1367,116
1771720230,71,91,85,87,65,109,63,127,71,85,3,2030,46
1771720231,71,129,66,121,41,196,35,196,60,118,6,4896,75
1771720232,54,135,55,139,39,196,32,195,57,137,8,5397,106
1771720233,59,125,57,119,56,143,59,143,71,113,6,2694,67
1771720234,85,82,83,85,48,176,35,166,88,84,1,4310,14
1771720235,45,143,46,161,82,87,83,85,60,143,9,303,100
1771720236,63,139,58,140,71,103,71,119,67,122,7,1488,86
1771720237,35,203,33,197,58,120,62,130,40,210,14,2175,152
1771720238,69,87,85,94,64,103,66,102,72,92,3,1522,36
1771720239,83,73,85,84,69,97,66,102,76,86,2,1295,36
1771720240,57,129,63,135,33,182,38,201,63,126,7,4852,92
1771720241,69,113,64,113,76,105,80,110,63,127,6,1414,85
1771720242,59,144,66,138,69,114,77,103,67,133,7,1286,93
1771720243,72,108,73,109,64,124,66,119,69,111,5,1929,76
1771720244,52,163,42,162,72,100,87,89,51,165,10,791,124
1771720245,24,231,19,222,51,176,49,173,23,220,16,4193,177
1771720246,65,137,51,151,68,141,67,142,55,138,8,2517,93
1771720247,56,152,43,163,52,125,55,139,56,162,10,2600,115
1771720248,66,111,62,112,75,124,62,104,72,125,5,1750,58
1771720249,58,129,63,117,61,140,54,146,61,116,6,2748,73
1771720250,26,211,29,213,76,115,63,106,18,224,16,1719,189
1771720251,86,76,85,96,74,109,63,123,75,86,2,1711,32
1771720252,36,172,38,175,65,115,67,101,34,186,12,1684,136
1771720253,53,171,42,170,73,102,74,103,47,155,10,1160,119
1771720254,75,90,87,80,64,124,65,122,82,83,2,1752,28
1771720255,49,172,53,166,81,87,83,80,54,160,10,738,122
1771720256,83,64,85,66,67,88,78,99,79,65,1,1179,24
1771720257,57,140,51,147,60,130,65,143,61,134,8,2651,86
1771720258,31,187,44,201,43,159,56,160,42,190,13,3664,161
1771720259,89,74,77,81,56,154,55,161,82,89,2,3351,38
1771720260,83,100,81,95,80,88,88,82,74,91,3,677,33
1771720261,76,105,84,88,47,155,53,168,71,91,3,3604,54
1771720262,88,96,82,85,25,205,37,214,73,96,2,5577,29
1771720263,49,139,65,143,75,98,75,80,62,152,8,719,92
1771720264,51,150,41,153,36,192,47,177,42,155,10,4459,130
1771720265,55,141,54,164,74,79,82,84,57,152,9,733,99
1771720266,37,190,32,201,73,91,77,103,32,180,13,1228,145
1771720267,69,135,69,112,47,168,41,180,71,116,6,4046,78
1771720268,44,166,49,159,31,195,39,198,48,164,10,4775,115
1771720269,85,74,84,84,54,151,44,170,78,91,2,3710,27
1771720270,56,127,66,132,40,191,36,203,60,131,7,4960,81
1771720271,73,113,63,116,34,195,39,210,68,114,5,5353,54
1771720272,46,191,34,181,57,124,68,134,42,192,12,2534,140
1771720273,76,111,75,117,65,108,72,115,72,125,5,1521,72
1771720274,63,119,76,117,56,150,63,134,63,121,5,2810,58
1771720275,25,209,28,213,32,182,42,189,22,210,15,4584,170
1771720276,75,98,69,110,78,106,81,110,75,111,4,1211,56
1771720277,68,101,76,93,42,152,50,160,70,100,4,3720,44
1771720278,45,160,52,142,66,130,59,126,61,146,9,2450,97
1771720279,42,171,49,170,60,135,65,119,49,168,10,2282,126
1771720280,79,101,70,102,47,188,39,179,66,95,4,4561,50
1771720281,32,213,30,202,47,145,50,155,32,210,15,3262,183
1771720282,43,181,37,178,63,121,63,134,39,184,12,2151,131
1771720283,79,91,77,76,56,140,65,124,79,95,2,2353,21
1771720284,74,87,74,90,68,101,75,109,71,91,3,1418,51
1771720285,81,81,76,91,88,79,87,74,73,88,2,246,20
1771720286,53,155,53,150,31,186,36,182,43,162,10,4924,115
1771720287,30,199,32,212,41,155,41,163,27,195,14,3726,167
1771720288,69,119,72,115,50,129,60,129,67,123,6,2839,70
1771720289,75,82,80,95,85,87,85,83,77,94,2,773,20
1771720290,74,84,77,82,76,75,77,73,76,96,2,498,31
1771720291,76,105,83,96,33,205,32,201,80,101,3,4950,46
1771720292,68,119,58,117,78,117,77,114,67,115,6,1474,70
1771720293,61,144,53,154,44,166,42,181,51,142,9,4132,110
1771720294,57,172,50,162,39,184,45,189,55,152,10,4641,126
1771720295,74,110,79,106,59,109,73,112,70,104,4,2003,42
1771720296,88,85,74,94,33,215,28,196,87,92,2,5331,29
1771720297,39,179,48,176,31,199,30,203,39,166,11,4908,120
1771720298,42,200,45,200,61,151,55,151,33,179,13,2923,158
1771720299,19,211,32,208,57,157,44,152,27,215,16,3478,185
1771720300,17,212,32,230,63,114,69,108,18,216,16,1589,180
1771720301,67,120,65,131,77,82,80,69,62,124,6,349,68
1771720302,74,107,79,104,61,131,61,123,67,96,4,2323,58
1771720303,72,89,76,104,42,159,56,162,81,88,3,3715,51
1771720304,42,186,44,190,89,65,91,68,37,176,12,244,152
1771720305,48,181,49,175,48,160,41,155,48,176,11,3734,136
1771720306,66,135,60,121,68,101,67,96,69,122,6,1486,81
1771720307,80,86,81,77,33,185,36,201,79,79,1,4789,17
1771720308,83,77,86,85,74,81,80,95,82,78,1,564,15
1771720309,81,87,84,96,77,105,73,106,73,76,2,970,22
1771720310,41,200,37,199,60,134,58,135,42,199,13,2886,152
1771720311,61,102,77,112,80,88,76,97,77,116,5,628,62
1771720312,43,166,54,153,62,139,54,137,47,160,10,2669,121
1771720313,53,138,63,138,41,193,30,203,56,152,8,4957,90
1771720314,30,196,36,186,51,169,43,163,30,190,13,3498,147
1771720315,81,84,82,86,46,158,58,144,81,74,2,3241,40
1771720316,52,178,51,177,52,173,50,173,45,177,11,3819,127
1771720317,40,173,48,174,47,148,52,140,44,179,12,3155,144
1771720318,48,162,55,160,63,118,70,121,46,147,9,1888,116
1771720319,85,82,84,76,54,135,66,134,81,84,2,2417,33
1771720320,62,111,65,117,42,159,47,156,73,103,5,3820,57
1771720321,77,112,66,122,29,201,27,206,69,108,5,5196,61
1771720322,53,169,38,162,51,152,47,146,43,166,11,3240,127
1771720323,36,192,39,192,46,189,37,191,34,179,13,4391,145
1771720324,44,161,41,171,59,137,57,154,52,167,10,3154,130
1771720325,91,77,90,78,72,114,79,93,84,82,1,1364,25
1771720326,44,184,33,173,74,98,73,97,36,185,12,899,146
1771720327,71,111,71,109,50,141,64,136,79,112,4,2944,49
1771720328,84,98,71,99,67,127,69,111,78,89,3,2058,52
1771720329,80,84,77,86,35,197,29,205,83,64,1,4970,28
1771720330,66,127,63,127,51,153,49,148,69,127,6,2996,76
1771720331,75,100,76,100,65,142,55,139,80,109,4,2453,47
1771720332,60,132,62,126,57,142,57,134,67,125,7,2769,95
1771720333,51,164,48,150,41,186,46,172,44,160,10,4526,114
1771720334,39,186,41,183,67,126,58,142,38,201,13,2558,149
1771720335,41,182,46,173,75,91,72,86,40,174,12,737,129
1771720336,48,170,43,154,81,96,74,102,54,157,10,807,109
1771720337,79,85,85,83,36,174,36,183,80,72,1,4198,12
1771720338,61,134,56,138,63,126,54,133,64,127,7,2633,81
1771720339,39,171,52,175,70,123,75,105,47,178,11,1823,128
1771720340,60,116,57,130,73,124,72,120,70,124,6,2018,77
1771720341,63,107,73,109,47,169,43,160,73,114,5,3534,75
1771720342,83,96,72,85,82,75,87,76,71,106,3,367,53
1771720343,57,144,54,151,57,132,57,137,56,161,9,2917,116
1771720344,68,126,58,133,61,137,66,129,57,139,7,2626,85
1771720345,75,106,80,100,59,138,58,120,80,114,4,2311,47
1771720346,79,100,65,106,65,109,69,104,73,99,4,1814,49
1771720347,41,182,46,179,32,202,32,199,37,177,12,5160,142
1771720348,57,152,56,143,55,147,55,155,53,161,9,3462,105
1771720349,65,109,80,100,40,173,45,185,70,102,4,4269,45
1771720350,50,155,47,156,57,138,55,126,54,144,9,2706,111
1771720351,43,176,49,177,80,76,86,92,48,162,11,403,134
1771720352,88,85,83,77,48,151,48,153,90,73,1,3451,21
1771720353,68,142,59,133,52,130,51,152,55,130,7,2790,84
1771720354,55,160,43,154,45,167,44,177,43,170,10,3954,123
1771720355,72,116,75,125,75,104,71,89,68,104,5,1049,76
1771720356,43,193,30,190,75,114,70,112,38,200,13,1567,146
1771720357,52,165,49,178,61,147,63,156,45,169,11,3102,132
1771720358,42,175,38,174,33,178,33,182,52,166,11,4737,128
1771720359,38,178,39,186,46,195,38,174,45,169,12,4649,137
1771720360,67,114,72,100,90,78,83,67,73,93,4,301,63
1771720361,41,175,41,189,32,187,33,196,41,180,12,4753,150
1771720362,85,75,84,69,60,128,57,135,89,73,1,2525,17
1771720363,57,125,61,134,54,169,53,152,63,124,6,3741,73
1771720364,87,64,91,79,39,170,50,170,89,72,1,3857,15
1771720365,61,154,58,137,69,113,72,97,64,145,8,1460,98
1771720366,33,209,26,219,48,139,62,150,24,208,15,3081,180
1771720367,38,172,47,184,47,162,53,153,39,160,11,3361,121
1771720368,79,86,89,73,30,182,38,198,90,67,1,4797,10
1771720369,37,198,39,190,27,206,20,218,30,196,14,5754,158
1771720370,52,160,46,152,79,77,78,78,48,156,9,505,107
1771720371,74,109,66,119,37,190,34,192,68,106,5,4741,59
1771720372,60,143,56,138,67,113,61,117,61,140,7,1936,91
1771720373,35,182,35,198,70,115,70,101,37,180,13,1717,142
1771720374,91,77,78,79,57,130,65,120,91,77,1,2209,26
1771720375,84,63,88,83,89,82,87,85,91,85,1,498,10
1771720376,92,81,85,67,45,191,40,190,78,69,1,4666,28
1771720377,34,183,37,193,42,175,39,167,41,184,13,4059,152
1771720378,68,113,66,106,85,94,72,91,74,101,4,942,64
1771720379,56,123,61,129,32,199,29,216,55,132,7,5389,97
1771720380,42,167,50,174,61,120,60,118,42,172,11,2306,140
1771720381,52,142,54,151,20,211,20,206,55,149,9,5766,105
1771720382,37,182,33,182,34,188,41,182,40,180,13,4869,151
1771720383,44,183,46,184,49,174,44,172,34,191,12,4222,145
1771720384,68,116,66,128,77,101,79,91,59,132,6,901,64
1771720385,53,160,52,150,61,125,65,118,52,142,9,2343,106
1771720386,79,113,77,92,81,93,76,93,75,105,4,480,47
1771720387,58,137,53,133,72,127,70,119,59,126,7,2095,77
1771720388,84,67,86,83,64,122,66,130,89,86,1,2333,10
1771720389,30,181,38,188,41,161,51,175,34,181,13,3829,147
1771720390,56,152,51,133,49,168,46,161,50,142,8,3514,101
1771720391,88,85,87,81,78,92,79,73,83,75,2,500,20
1771720392,40,175,42,163,38,183,34,198,38,168,11,4903,129
1771720393,47,166,52,163,74,114,63,117,51,156,10,1825,116
1771720394,57,123,66,136,67,92,77,108,68,136,7,1294,94
1771720395,49,145,59,143,73,124,68,125,48,157,9,1943,100
1771720396,26,205,40,195,40,173,43,178,29,193,14,4035,158
1771720397,45,174,34,181,72,115,73,127,49,185,12,1963,143
1771720398,53,167,42,165,85,79,82,83,48,156,10,631,125
1771720399,34,203,34,184,81,78,76,92,36,200,13,715,161
1771720400,78,77,81,91,47,146,50,159,75,84,2,3208,19
1771720401,80,78,86,77,83,88,84,85,83,67,1,990,26
1771720402,56,172,44,163,57,163,53,168,49,151,10,3530,118
1771720403,77,112,76,100,80,79,89,84,79,95,4,277,59
1771720404,33,194,35,191,58,115,58,135,44,183,13,2131,142
1771720405,28,221,22,209,90,83,82,83,24,217,16,202,190
1771720406,82,71,91,84,75,97,82,95,90,72,1,1000,15
1771720407,87,80,80,70,65,128,63,136,92,69,1,2260,22
1771720408,82,80,82,76,34,202,34,198,77,84,1,4859,18
1771720409,64,135,62,112,53,173,46,166,62,121,6,3750,85
1771720410,77,76,78,90,58,168,58,148,89,80,2,3506,22
1771720411,67,112,74,114,74,99,69,100,64,124,5,1019,66
1771720412,74,110,71,115,74,86,72,95,68,107,4,727,52
1771720413,45,189,38,184,52,153,50,166,38,200,13,3796,157
1771720414,30,216,29,209,61,125,66,122,28,232,16,2104,195
1771720415,60,124,67,120,70,104,71,96,70,122,6,1353,81
1771720416,50,147,59,155,72,93,72,94,50,145,8,960,94
1771720417,33,201,41,179,40,170,52,173,35,197,13,4096,151
1771720418,84,67,88,85,45,181,41,181,89,74,1,4116,31
1771720419,49,151,44,163,48,159,49,156,49,164,10,3497,111
1771720420,51,161,49,154,69,101,76,97,50,161,10,1213,117
1771720421,61,133,67,123,72,99,87,82,58,116,6,741,65
1771720422,81,98,70,104,28,210,35,213,80,110,4,5543,54
1771720423,78,81,74,93,40,174,46,185,80,84,2,4237,21
1771720424,54,150,50,142,82,95,82,110,55,140,8,1225,99
1771720425,55,152,65,138,34,183,40,192,63,144,8,4957,90
1771720426,34,197,33,186,40,182,48,184,35,187,13,4454,159
1771720427,86,78,89,76,71,116,64,116,81,68,1,2303,29
1771720428,81,66,79,72,82,94,84,98,78,80,1,916,19
1771720429,61,140,58,133,49,160,52,166,58,125,7,3471,97
1771720430,40,183,44,182,90,77,91,82,39,198,13,232,155
1771720431,31,189,39,189,61,114,66,132,40,187,13,2214,157
1771720432,75,105,61,103,52,138,55,145,65,117,5,3076,58
1771720433,67,102,67,107,70,119,61,116,78,112,4,1971,61
1771720434,76,112,63,118,31,212,32,223,73,114,5,5663,58
1771720435,64,131,65,133,31,200,35,201,58,134,7,4890,76
1771720436,42,160,38,167,26,197,23,220,51,160,11,5549,133
1771720437,51,163,48,152,77,99,74,85,43,171,10,1045,117
1771720438,46,176,36,186,51,150,55,143,38,173,12,3231,149
1771720439,51,157,45,163,55,144,60,142,41,164,10,2854,127
1771720440,41,194,41,184,39,193,36,197,29,185,13,4944,148
1771720441,60,154,49,160,32,187,39,196,61,164,9,4793,103
1771720442,61,110,66,110,38,178,40,176,70,122,5,4176,63
1771720443,49,177,36,182,45,173,45,175,40,182,12,4175,140
1771720444,89,64,83,80,43,190,40,181,79,73,1,4741,23
1771720445,45,164,43,166,59,148,61,155,43,172,11,3133,131
1771720446,31,206,29,201,36,164,43,170,32,202,14,4189,154
1771720447,61,149,62,131,32,172,38,174,50,149,8,4518,101
1771720448,81,78,77,80,75,110,78,104,86,84,2,1615,41
1771720449,43,177,43,178,77,95,77,108,39,182,12,1408,140
1771720450,69,96,71,95,39,175,48,165,77,106,3,4046,30
1771720451,65,128,57,133,41,171,36,167,58,127,7,4339,94
1771720452,49,190,38,177,47,178,50,170,41,178,12,3997,141
1771720453,75,120,63,126,59,115,66,113,76,110,5,2213,53
1771720454,39,174,46,189,67,137,67,135,39,184,12,2535,137
1771720455,40,181,34,190,74,117,66,113,34,192,12,1526,140
1771720456,45,171,43,183,44,167,52,171,36,173,12,3716,136
1771720457,52,183,39,170,83,93,78,93,48,160,11,977,141
1771720458,65,143,54,133,77,104,78,111,57,136,7,1240,76
1771720459,42,168,53,173,70,89,69,91,41,156,10,1157,129
1771720460,65,152,53,140,39,169,41,184,57,140,8,4401,99
1771720461,71,90,69,95,36,173,44,172,81,106,3,4306,47
1771720462,40,192,39,175,54,127,60,124,36,177,12,2626,134
1771720463,87,80,92,70,44,171,50,177,86,83,1,4131,19
1771720464,66,104,75,101,77,107,70,101,66,93,4,1535,42
1771720465,57,145,64,123,57,153,62,148,66,135,7,3016,77
1771720466,82,77,77,90,49,146,54,159,79,76,2,3478,40
1771720467,62,153,53,147,42,190,48,183,57,135,8,4347,95
1771720468,48,190,37,184,21,222,28,213,49,188,12,5691,137
1771720469,50,172,51,166,64,123,64,122,39,167,11,2037,128
1771720470,46,154,50,161,30,184,30,206,54,161,10,5033,129
1771720471,79,92,74,94,53,157,47,162,65,102,4,3847,49
1771720472,49,154,43,159,38,170,39,174,46,171,10,4118,112
1771720473,63,123,72,114,45,168,42,179,71,124,5,4075,55
1771720474,44,162,46,153,40,200,32,179,50,153,10,4804,123
1771720475,77,113,62,117,60,139,58,147,62,125,5,3087,60
1771720476,66,128,59,115,41,171,48,167,70,112,6,4150,75
1771720477,53,161,43,173,46,190,32,183,52,172,10,4721,115
1771720478,67,98,73,107,73,123,68,106,77,116,4,1805,57
1771720479,78,81,84,76,56,141,47,153,81,78,2,3312,33
1771720480,69,109,61,114,67,99,81,104,75,102,5,1176,76
1771720481,70,124,64,124,34,190,32,198,61,116,5,5061,66
1771720482,68,121,65,113,78,111,72,98,60,123,6,1365,66
1771720483,75,105,71,106,71,130,62,127,69,95,4,2058,54
1771720484,56,160,42,158,77,102,72,102,43,163,10,1741,116
1771720485,82,95,81,80,50,167,51,151,75,92,2,3511,35
1771720486,43,195,40,179,19,223,22,221,41,201,13,5918,144
1771720487,60,161,51,145,50,171,58,168,53,154,9,3562,110
1771720488,90,73,78,69,44,187,39,188,93,76,1,4465,10
1771720489,41,183,39,185,43,163,49,170,43,190,12,3538,144
1771720490,41,200,38,197,46,168,49,159,38,189,13,3830,162
1771720491,41,201,30,190,63,129,60,119,40,188,13,1912,143
1771720492,33,184,37,185,66,121,63,129,47,176,12,2006,152
1771720493,67,103,79,94,42,170,49,176,75,92,4,4028,44
1771720494,82,95,69,83,19,227,28,230,71,101,3,5968,44
1771720495,78,92,73,106,25,217,23,207,73,95,3,5634,42
1771720496,51,183,46,161,78,97,78,87,53,177,11,705,130
1771720497,40,184,40,188,65,132,61,123,36,190,13,2189,148
1771720498,69,104,76,109,78,86,82,68,78,100,4,356,60
1771720499,47,181,40,185,58,152,53,143,49,189,12,3163,153
1771720500,79,106,79,99,82,93,71,102,83,88,3,1205,42
1771720501,60,136,68,132,84,72,76,83,67,139,7,504,85
1771720502,86,82,78,84,86,86,72,87,87,87,1,859,30
1771720503,31,190,33,180,68,135,69,121,39,190,13,2362,151
1771720504,51,181,43,167,32,203,33,210,53,179,11,5699,140
1771720505,81,100,80,115,86,97,85,82,79,104,4,883,45
1771720506,26,229,23,212,67,100,76,117,22,214,16,1601,196
1771720507,79,73,87,77,31,221,21,207,79,85,1,5952,30
1771720508,53,134,52,154,55,152,45,162,60,132,8,3629,93
1771720509,38,192,27,212,22,204,35,214,37,198,14,5597,163
1771720510,59,154,58,151,86,82,88,88,52,140,8,406,107
1771720511,29,226,29,232,76,113,65,115,19,221,16,1591,181
1771720512,70,97,69,94,48,164,50,185,68,105,4,4212,49
1771720513,82,90,79,105,50,165,51,170,71,106,3,3569,53
1771720514,69,141,58,132,55,131,64,131,57,134,7,2791,84
1771720515,76,73,84,93,53,155,49,155,82,87,2,3213,25
1771720516,75,86,71,106,64,127,68,129,75,92,3,2262,30
1771720517,55,138,65,138,69,122,67,114,57,140,7,2236,98
1771720518,83,103,81,96,32,190,38,207,78,92,3,5124,50
1771720519,43,188,49,182,62,118,64,102,36,191,12,1761,131
1771720520,46,191,35,192,34,209,33,189,33,190,12,5155,132
1771720521,56,138,50,133,75,117,73,118,62,140,8,1515,107
1771720522,74,115,66,108,88,91,74,86,68,115,4,604,46
1771720523,56,163,60,148,75,82,74,83,49,155,9,713,118
1771720524,69,105,75,122,60,134,57,116,61,104,5,2299,54
1771720525,53,161,42,167,90,90,85,90,41,157,10,411,108
1771720526,80,82,85,65,75,120,74,121,79,76,1,1633,14
1771720527,51,156,52,161,68,91,77,102,54,161,9,1120,111
1771720528,46,173,44,179,57,134,51,145,38,189,12,2942,138
1771720529,69,107,76,106,75,109,74,106,72,115,4,1367,45
1771720530,66,109,73,111,78,69,88,89,72,104,5,431,61
1771720531,40,189,35,170,70,103,81,107,48,188,12,1338,152
1771720532,47,171,49,162,43,193,44,196,46,156,10,4810,129
1771720533,62,130,65,119,70,103,75,116,67,128,6,1472,64
1771720534,83,81,76,96,72,110,70,116,76,78,2,2009,31
1771720535,59,135,64,141,79,93,76,83,50,145,8,721,96
1771720536,72,127,69,111,65,147,65,151,59,128,6,2850,65
1771720537,53,156,60,149,44,182,45,197,55,153,9,4837,119
1771720538,82,65,91,81,60,137,57,145,86,63,1,3158,19
1771720539,40,190,35,191,50,166,40,182,37,191,14,4011,168
1771720540,49,191,33,174,54,155,57,156,42,187,12,3357,146
1771720541,59,136,58,129,85,84,84,82,69,135,7,703,85
1771720542,83,78,82,84,72,102,81,93,88,85,1,1033,13
1771720543,76,111,68,115,28,215,33,206,73,96,4,5430,64
1771720544,46,147,51,157,62,130,62,126,52,150,9,2086,118
1771720545,29,217,31,223,41,184,43,162,25,231,16,4156,177
1771720546,32,200,34,182,83,86,86,70,39,196,13,376,143
1771720547,31,210,28,224,79,66,78,76,31,225,16,308,179
1771720548,40,173,45,171,82,108,81,88,47,193,12,1206,134
1771720549,69,135,57,122,37,193,42,178,53,140,7,4625,91
1771720550,52,158,46,169,20,210,28,210,57,159,10,5840,130
1771720551,72,113,66,113,77,87,85,76,73,102,5,371,71
1771720552,83,75,75,79,74,89,77,107,78,93,2,1161,40
1771720553,44,168,50,171,43,172,38,187,39,169,11,4565,139
1771720554,48,147,52,147,91,89,84,82,46,151,9,322,100
1771720555,57,155,56,143,43,164,53,150,60,151,8,3522,106
1771720556,87,83,83,80,87,93,73,91,75,82,2,617,40
1771720557,81,90,76,89,44,191,30,182,78,73,2,4786,29
1771720558,33,206,39,207,56,140,64,128,27,193,14,2613,153
1771720559,52,150,48,154,34,201,30,210,48,161,9,5454,96
1771720560,86,95,84,87,46,152,45,156,82,88,2,3701,39
1771720561,47,173,54,170,80,75,73,85,47,174,10,660,114
1771720562,68,116,77,111,39,168,37,173,65,112,4,4194,53
1771720563,50,171,52,165,61,138,59,145,55,159,10,2845,121
1771720564,47,175,36,172,83,70,92,78,42,188,12,204,146
1771720565,56,142,57,152,39,171,54,178,50,159,9,3901,105
1771720566,53,157,60,142,34,208,32,216,56,142,9,5803,110
1771720567,63,152,53,135,40,195,33,191,51,142,8,4939,94
1771720568,70,113,70,123,41,162,47,178,70,111,5,4084,75
1771720569,67,127,57,129,56,123,65,137,62,112,6,2483,83
1771720570,55,142,67,140,51,150,61,152,68,127,7,3059,75
1771720571,88,92,83,78,36,179,44,175,79,76,2,4193,25
1771720572,75,89,75,85,49,156,54,157,76,89,2,3238,30
1771720573,84,66,79,64,45,165,48,181,81,71,1,4142,27
1771720574,47,173,46,174,42,198,40,194,51,175,11,4860,131
1771720575,57,139,69,130,35,191,40,182,57,133,7,4919,78
1771720576,41,157,55,155,37,173,43,185,53,155,10,4220,120
1771720577,53,168,43,164,50,158,56,171,44,164,10,3631,119
1771720578,85,83,76,92,63,139,53,138,78,80,2,2654,43
1771720579,65,126,73,123,34,195,31,189,65,103,5,4912,60
1771720580,83,73,79,74,49,161,56,170,74,96,2,3635,32
1771720581,58,163,57,145,26,222,29,223,47,153,9,5952,112
1771720582,85,96,78,91,58,147,56,135,83,87,3,2969,47
1771720583,42,200,42,185,41,198,29,186,30,186,13,4936,152
1771720584,39,194,40,196,39,181,47,169,30,190,13,4328,158
1771720585,30,229,29,221,36,215,22,203,26,229,16,5693,185
1771720586,58,138,50,149,29,212,39,209,50,150,8,5286,90
1771720587,42,171,48,158,42,200,35,184,44,165,10,4980,117
1771720588,47,152,48,142,74,92,80,83,56,158,9,687,102
1771720589,38,189,44,180,55,149,44,163,35,182,13,3613,149
1771720590,37,178,33,174,76,84,78,73,39,170,12,542,142
1771720591,37,170,47,182,71,91,77,99,52,164,11,858,138
1771720592,44,184,48,189,29,185,30,204,42,178,12,5046,134
1771720593,81,75,85,73,68,141,58,133,85,91,2,2566,40
1771720594,78,90,73,92,53,137,56,141,80,106,3,2806,34
1771720595,53,160,59,153,68,113,71,98,52,163,9,1368,98
1771720596,42,182,38,195,63,154,61,137,44,198,13,2976,164
1771720597,57,132,60,136,85,93,81,89,63,153,8,622,98
1771720598,32,209,39,213,64,122,61,115,28,191,14,2160,161
1771720599,30,189,33,197,73,79,73,96,30,200,13,680,162
1771720600,82,94,78,92,54,143,61,143,85,78,2,3110,33
1771720601,74,104,76,96,46,163,54,164,81,106,4,3548,54
1771720602,34,201,34,206,68,121,63,107,29,212,15,1687,181
1771720603,51,143,56,160,74,113,76,99,57,152,9,1543,116
1771720604,67,104,74,120,89,73,87,88,68,114,5,307,61
1771720605,32,187,41,193,52,146,52,141,31,198,13,3168,142
1771720606,26,199,34,212,80,88,76,95,24,221,15,916,166
1771720607,65,111,71,109,55,144,62,143,64,107,5,3091,52
1771720608,52,174,43,171,44,159,46,179,46,163,11,3981,126
1771720609,42,177,47,188,86,91,85,74,35,191,12,635,148
1771720610,37,179,37,184,37,192,36,193,42,182,12,4942,152
1771720611,56,162,61,160,48,136,50,158,48,162,9,3112,112
1771720612,61,117,70,128,84,96,85,92,68,117,6,652,69
1771720613,80,73,83,74,76,70,88,85,79,88,2,314,21
1771720614,39,166,48,167,50,179,44,170,52,166,11,3977,131
1771720615,60,158,57,155,83,98,77,88,61,154,9,737,111
1771720616,79,69,85,80,60,136,61,134,91,74,1,2405,28
1771720617,79,83,84,105,41,199,37,195,84,99,3,5188,42
1771720618,39,197,40,180,40,160,49,166,40,185,13,3850,159
1771720619,44,186,46,171,63,121,73,109,33,183,12,1960,131
1771720620,84,85,86,83,90,74,91,70,86,85,1,422,20
1771720621,61,121,58,134,58,152,49,159,55,124,7,3293,84
1771720622,42,190,34,178,36,184,46,183,35,184,12,4249,148
1771720623,23,224,24,217,57,136,61,143,25,219,16,3112,194
1771720624,63,123,68,126,59,144,50,151,53,136,7,3318,94
1771720625,54,164,55,160,40,184,35,187,48,169,10,4999,126
1771720626,41,190,43,176,72,133,57,126,34,191,12,2196,136
1771720627,39,181,43,181,86,94,79,93,34,175,12,795,129
1771720628,61,122,71,124,60,164,47,160,76,102,5,3288,76
1771720629,33,185,36,185,63,140,50,145,32,192,13,3046,142
1771720630,57,170,52,156,61,134,60,128,47,152,10,2767,116
1771720631,22,205,26,216,39,175,41,173,31,218,15,4172,165
1771720632,49,151,53,141,80,82,88,95,58,146,8,540,107
1771720633,30,210,18,216,68,112,79,99,20,221,16,1468,181
1771720634,67,129,54,141,71,118,63,112,54,122,7,2081,86
1771720635,79,87,81,95,78,117,70,96,73,89,3,1458,34
1771720636,39,192,38,200,78,104,66,104,35,206,14,1359,165
1771720637,55,161,42,163,44,181,48,180,43,165,10,4416,116
1771720638,37,212,40,199,33,171,36,177,40,199,14,4450,155
1771720639,27,201,27,214,45,167,45,167,24,215,15,3850,166
1771720640,34,197,42,199,42,191,36,181,33,180,13,4538,161
1771720641,58,140,55,127,75,94,65,101,54,138,7,1419,76
1771720642,74,91,80,94,88,81,78,88,79,94,3,570,42
1771720643,61,133,61,123,78,96,81,86,60,136,7,1045,94
1771720644,49,142,51,163,64,122,61,120,55,160,9,2160,113
1771720645,39,181,37,202,42,155,45,171,29,181,13,3834,160
1771720646,58,148,58,136,62,129,58,126,60,133,8,2418,94
1771720647,37,181,37,168,58,130,56,128,42,165,11,2281,126
1771720648,28,220,22,226,30,208,28,225,24,214,16,5822,194
1771720649,83,84,78,68,38,191,43,169,86,75,1,4369,15
1771720650,69,122,67,125,74,109,67,100,58,139,7,1482,76
1771720651,50,162,47,160,76,112,77,112,53,178,11,1531,123
1771720652,85,71,93,74,74,131,69,115,80,64,1,1956,31
1771720653,67,135,61,116,57,169,48,168,63,112,6,3697,84
1771720654,48,187,49,175,60,149,61,139,38,170,12,2901,150
1771720655,73,91,81,94,60,152,54,132,89,78,2,2911,37
1771720656,71,125,71,121,51,149,62,141,67,113,5,3093,59
1771720657,78,93,72,84,71,101,76,103,72,87,3,1522,43
1771720658,36,176,39,192,33,215,35,208,46,181,12,5527,141
1771720659,65,112,72,108,64,109,73,127,76,121,5,1817,74
1771720660,56,154,50,154,64,140,55,141,54,158,9,2956,109
1771720661,41,162,41,160,41,192,29,185,45,178,11,4934,126
1771720662,85,85,84,79,72,128,70,121,87,94,2,1944,39
1771720663,39,179,36,170,61,139,65,137,40,173,12,2935,130
1771720664,34,192,34,191,74,116,70,116,39,195,13,2049,147
1771720665,41,182,43,181,51,141,55,143,43,175,11,2818,126
1771720666,30,192,35,202,57,132,60,139,39,202,13,2897,160
1771720667,55,161,51,153,40,182,33,193,47,157,10,4926,130
1771720668,55,154,54,167,29,198,42,184,43,156,10,4827,110
1771720669,77,109,66,106,40,165,52,162,74,111,5,3883,67
1771720670,82,100,84,103,54,130,51,131,80,83,3,2785,40
1771720671,60,135,58,143,42,181,42,171,55,143,8,4129,86
1771720672,33,206,37,212,30,194,38,196,38,205,14,4914,154
1771720673,64,120,60,134,72,123,57,128,68,124,6,2258,68
1771720674,59,146,47,141,88,66,88,81,57,147,9,212,108
1771720675,73,102,76,105,55,117,59,133,81,95,3,2347,33
1771720676,61,135,69,120,76,88,91,71,69,114,6,392,75
1771720677,83,88,71,91,34,184,37,193,84,94,3,5010,33
1771720678,79,78,85,71,83,86,82,72,83,75,1,455,17
1771720679,34,210,40,195,54,175,52,172,28,191,14,3804,151
1771720680,63,124,62,102,62,158,49,151,73,110,5,3065,65
1771720681,49,173,46,157,57,131,61,144,49,164,10,2790,121
1771720682,28,214,27,208,77,95,82,92,31,203,15,850,165
1771720683,51,157,47,149,43,167,52,180,55,152,9,3965,106
1771720684,41,187,34,199,40,180,46,170,45,198,13,4379,146
1771720685,38,189,28,199,61,116,72,133,40,197,14,2144,153
1771720686,85,105,81,95,76,110,64,101,79,83,3,1476,34
1771720687,43,171,53,167,70,121,72,128,51,168,11,2204,126
1771720688,80,93,69,114,75,91,81,102,77,110,4,981,49
1771720689,47,183,33,173,35,226,22,204,35,171,12,5803,135
1771720690,37,198,32,181,55,155,58,152,38,198,13,3284,145
1771720691,39,170,35,170,69,105,77,111,42,177,12,1290,136
1771720692,73,104,82,101,80,103,78,104,73,103,3,942,42
1771720693,73,84,75,102,74,105,70,112,72,106,3,1787,45
1771720694,69,122,58,124,77,85,83,89,62,120,6,817,72
1771720695,32,209,30,221,74,115,78,105,22,205,15,1614,178
1771720696,41,196,37,200,79,75,79,69,41,200,13,368,155
1771720697,65,133,62,151,44,178,49,180,61,142,8,4173,98
1771720698,69,103,72,100,53,156,63,143,84,91,3,2987,34
1771720699,69,144,65,135,36,189,33,181,56,125,7,4705,97
1771720700,42,177,48,162,77,108,69,96,38,176,11,1065,137
1771720701,70,96,71,99,78,92,69,85,76,104,3,1029,43
1771720702,43,151,47,164,29,212,39,213,41,155,10,5253,117
1771720703,50,142,53,138,44,180,45,169,54,150,8,4315,89
1771720704,44,180,33,189,48,187,49,180,29,203,13,4334,145
1771720705,36,190,48,188,88,93,80,96,34,177,12,692,137
1771720706,77,75,87,88,59,122,64,121,80,73,2,2477,27
1771720707,76,96,69,101,58,136,62,126,68,110,4,2604,54
1771720708,62,120,66,117,42,187,42,187,63,116,5,4848,70
1771720709,45,150,56,153,39,186,35,201,44,161,10,4852,127
1771720710,32,199,34,192,77,79,77,76,28,207,14,360,162
1771720711,89,64,83,81,36,215,25,205,90,70,1,5444,25
1771720712,43,162,45,172,31,193,31,184,41,173,10,4875,108
1771720713,74,109,74,116,25,207,23,209,71,111,5,5840,57
1771720714,70,86,76,84,62,108,63,122,83,99,3,1685,49
1771720715,59,140,60,153,78,108,71,105,56,136,8,1442,92
1771720716,52,142,60,151,50,178,42,173,61,151,8,4325,100
1771720717,75,124,75,104,63,114,71,116,66,120,5,1854,76
1771720718,80,78,86,97,50,155,56,158,75,86,2,3544,42
1771720719,65,125,73,132,84,95,80,102,73,122,6,1056,64
1771720720,77,75,80,83,55,143,50,155,84,91,2,3211,23
1771720721,61,146,50,146,68,110,69,102,49,145,9,1224,118
1771720722,44,158,56,165,44,182,39,184,57,151,10,4277,114
1771720723,62,117,69,112,60,113,61,115,71,114,6,2204,74
1771720724,45,189,42,183,52,156,54,156,45,171,12,3043,139
1771720725,25,205,32,207,49,158,46,155,34,219,15,3744,186
1771720726,58,139,60,138,62,134,68,136,53,137,8,2563,101
1771720727,47,176,40,171,90,73,79,81,47,191,12,237,139
1771720728,31,200,29,183,51,186,52,177,35,196,13,4174,142
1771720729,55,144,54,155,76,70,87,86,59,148,8,313,91
1771720730,30,210,25,213,32,205,36,201,20,222,16,5441,193
1771720731,56,132,56,123,65,131,67,123,66,126,7,2143,95
1771720732,66,129,64,131,42,197,43,189,57,143,7,4659,92
1771720733,62,121,74,123,48,174,47,179,68,108,5,3971,73
1771720734,34,203,42,202,41,192,40,206,30,196,13,4991,160
1771720735,52,168,52,153,32,208,30,211,41,150,10,5488,116
1771720736,64,116,60,114,58,140,63,142,63,128,6,2718,80
1771720737,48,164,41,177,40,179,42,166,48,178,11,4069,142
1771720738,35,201,33,190,25,224,24,208,40,201,14,5957,162
1771720739,47,170,55,161,38,187,34,191,50,170,10,4484,122
1771720740,63,121,68,124,23,228,24,217,63,117,5,5865,72
1771720741,58,146,60,142,26,210,29,206,52,131,8,5395,99
1771720742,70,105,81,97,53,151,59,156,80,98,3,3132,42
1771720743,32,184,36,189,64,108,63,117,41,193,13,1730,154
1771720744,71,99,75,103,59,153,57,150,70,102,3,2903,43
1771720745,49,160,57,160,42,156,55,163,60,154,9,3740,103
1771720746,82,80,82,63,54,137,66,131,88,85,1,2678,26
1771720747,67,122,58,132,42,169,46,180,66,135,7,4238,94
1771720748,25,213,29,209,80,81,81,77,19,224,16,617,179
1771720749,67,143,54,123,69,106,76,125,55,124,7,1769,77
1771720750,55,141,65,134,72,119,69,128,66,122,7,1872,96
1771720751,43,170,36,179,63,124,60,138,33,180,12,2270,130
1771720752,66,125,53,128,51,152,53,151,61,128,7,3676,87
1771720753,77,97,73,95,41,189,40,190,67,104,4,4616,62
1771720754,73,126,65,134,85,80,88,83,68,118,6,473,76
1771720755,40,203,38,197,76,104,70,90,40,209,14,1224,172
1771720756,53,175,51,183,60,140,53,151,46,178,11,3192,130
1771720757,74,110,68,112,73,81,72,96,66,106,5,840,68
1771720758,68,134,60,134,41,189,41,171,62,136,7,4483,87
1771720759,72,86,79,106,68,103,66,119,71,103,3,1654,37
1771720760,42,172,47,177,77,98,68,93,49,180,12,1092,143
1771720761,52,131,57,152,90,79,88,79,62,145,8,397,105
1771720762,69,119,77,111,56,142,50,156,68,125,5,3260,68
1771720763,72,100,78,100,72,107,65,128,81,95,3,1917,40
1771720764,27,215,28,211,68,126,69,128,22,200,15,1921,174
1771720765,61,149,59,152,79,74,80,89,47,150,9,588,114
1771720766,77,96,71,89,68,128,73,126,72,98,3,1870,32
1771720767,65,137,65,136,35,209,35,215,56,121,7,5594,88
1771720768,63,130,68,135,32,213,28,206,59,133,6,5405,82
1771720769,84,78,88,72,57,138,61,143,86,77,1,2877,18
1771720770,54,140,50,143,34,195,35,180,58,146,8,4692,93
1771720771,47,150,47,162,69,112,70,111,46,164,9,1586,113
1771720772,35,173,36,186,62,137,60,122,36,184,12,2460,137
1771720773,76,107,67,105,52,166,47,158,69,115,5,3537,72
1771720774,44,160,44,183,48,137,54,145,41,162,11,2975,127
1771720775,89,80,85,77,57,158,53,150,93,67,1,3575,31
1771720776,79,85,83,83,53,161,43,165,84,86,3,4059,53
1771720777,62,143,56,131,77,89,70,100,61,141,7,957,75
1771720778,52,170,42,165,34,208,40,199,57,173,10,5110,113
1771720779,76,97,82,99,74,89,83,98,80,94,3,868,32
1771720780,73,124,70,113,41,181,45,188,73,123,6,4437,78
1771720781,49,155,51,161,57,141,60,138,52,149,9,2531,115
1771720782,73,129,60,124,50,154,57,154,66,115,6,2991,80
1771720783,79,83,80,66,62,111,72,124,85,64,1,2048,20
1771720784,22,202,27,218,53,139,55,156,32,212,15,3119,163
1771720785,41,194,43,181,69,119,76,122,31,182,13,1790,155
1771720786,79,69,89,77,40,181,44,178,92,76,1,4307,26
1771720787,75,101,73,105,31,180,32,194,82,104,3,4685,50
1771720788,39,187,42,180,62,127,71,123,43,178,12,1900,137
1771720789,58,124,64,124,34,175,35,184,57,123,7,4426,76
1771720790,80,78,75,90,59,146,54,141,83,84,2,3038,34
1771720791,72,98,77,90,70,105,72,111,83,86,3,1805,48
1771720792,81,73,80,74,59,142,68,141,78,79,1,2644,26
1771720793,37,180,41,178,68,115,69,108,39,180,12,1683,145
1771720794,67,108,66,97,45,182,43,183,66,93,4,4415,44
1771720795,66,121,73,105,73,126,60,130,70,108,5,2004,73
1771720796,60,141,60,131,89,80,89,85,64,124,7,332,98
1771720797,42,161,39,163,86,86,89,76,51,176,11,240,119
1771720798,46,170,43,174,59,124,63,136,53,168,11,2199,134
1771720799,77,103,68,109,39,184,40,192,67,100,4,4518,42
1771720800,35,202,30,181,57,149,49,158,44,192,13,3224,161
1771720801,71,86,79,95,29,206,28,193,79,95,3,5135,42
1771720802,71,103,68,106,65,111,68,92,63,119,5,1367,52
1771720803,74,95,85,89,70,98,78,114,73,84,3,1406,45
1771720804,90,76,78,74,58,129,69,123,80,71,1,2288,14
1771720805,46,174,49,187,78,100,77,101,47,178,12,1525,148
1771720806,36,182,44,198,24,213,28,205,32,194,13,5834,153
1771720807,83,91,89,84,61,128,66,130,86,80,2,2030,24
1771720808,85,67,91,86,72,115,68,112,93,84,1,2076,31
1771720809,56,132,53,148,68,121,69,116,54,141,8,2130,105
1771720810,86,78,87,82,50,152,62,152,84,84,1,3024,10
1771720811,79,65,93,86,55,155,51,133,79,77,1,2907,22
1771720812,62,125,65,114,49,169,45,170,64,104,5,4089,53
1771720813,70,113,60,124,50,161,55,160,72,124,6,3616,74
1771720814,44,175,36,187,80,82,76,93,36,192,12,566,134
1771720815,66,125,68,133,73,97,65,96,73,113,6,1433,85
1771720816,68,122,62,143,59,149,56,146,57,133,7,2881,89
1771720817,47,190,45,179,53,144,53,155,41,185,12,3039,146
1771720818,61,124,64,132,63,145,53,132,72,116,6,2740,87
1771720819,40,197,43,202,31,210,32,219,44,189,13,5972,154
1771720820,46,152,59,156,70,101,65,122,48,147,9,1633,110
1771720821,62,125,61,123,77,69,88,70,76,123,5,359,58
1771720822,54,135,57,135,70,107,68,111,62,135,7,1832,96
1771720823,45,163,54,171,77,96,84,84,55,168,10,792,108
1771720824,28,194,27,194,26,211,33,215,25,203,14,5588,153
1771720825,78,99,68,106,69,123,73,110,70,115,4,1876,50
1771720826,58,134,60,137,40,189,38,198,66,139,7,4905,79
1771720827,59,120,62,119,61,119,64,118,66,120,6,2208,83
1771720828,56,137,55,123,36,197,28,204,55,140,7,5292,92
1771720829,29,230,21,211,62,122,68,106,30,215,16,1749,183
1771720830,60,138,50,148,71,97,78,102,62,137,8,1114,104
1771720831,51,141,54,151,75,92,75,111,55,153,9,1285,116
1771720832,54,136,50,134,46,166,45,170,64,142,8,3919,99
1771720833,74,92,75,88,60,127,59,131,87,76,2,2540,29
1771720834,84,80,90,71,53,143,63,133,83,65,1,2712,22
1771720835,43,173,48,164,38,174,42,194,47,160,10,4521,118
1771720836,81,86,81,73,59,140,66,148,89,86,1,2833,20
1771720837,29,230,33,218,49,176,48,167,26,213,16,4081,187
1771720838,56,151,61,151,51,139,58,155,63,155,8,3196,93
1771720839,44,177,50,171,27,219,22,225,45,173,11,5875,128
1771720840,56,136,53,126,24,202,21,224,67,124,7,5735,93
1771720841,59,133,71,119,21,211,34,207,73,112,6,5686,67
1771720842,67,116,76,117,48,139,50,137,61,117,5,3084,62
1771720843,75,96,74,90,55,121,67,134,75,102,3,2536,52
1771720844,68,134,70,131,39,178,42,169,72,111,6,3983,81
1771720845,30,188,34,201,55,157,48,140,37,200,13,3108,158
1771720846,40,179,45,163,46,167,50,168,38,162,11,4027,139
1771720847,78,81,75,84,38,184,42,194,83,85,2,4606,23
1771720848,42,186,41,188,78,105,72,107,42,192,12,1420,141
1771720849,66,129,64,127,76,102,77,104,66,117,6,1288,83
1771720850,31,186,30,195,82,109,79,105,42,200,13,1216,156
1771720851,58,121,55,133,31,180,43,199,57,131,7,4816,80
1771720852,77,80,84,75,53,160,49,162,73,89,2,3771,30
1771720853,66,125,54,133,40,178,37,177,65,137,7,4645,96
1771720854,41,177,39,179,62,132,67,132,34,185,12,2141,137
1771720855,57,123,64,135,79,75,84,73,59,124,6,508,70
1771720856,24,215,35,213,73,133,57,116,36,208,15,2111,185
1771720857,72,133,70,121,44,178,38,195,71,118,6,4782,85
1771720858,74,94,79,104,66,113,71,101,71,92,3,1557,44
1771720859,68,131,63,129,37,192,34,201,71,118,6,5365,77
1771720860,88,76,86,96,78,99,85,97,74,75,2,777,23
1771720861,37,190,44,185,53,159,59,159,43,187,12,3404,129
1771720862,56,165,44,150,80,87,75,87,55,169,10,510,121
1771720863,71,123,58,124,61,157,51,148,60,126,6,3175,79
1771720864,43,179,45,194,67,101,74,90,35,200,13,1191,147
1771720865,23,229,21,216,83,100,72,104,31,231,16,888,193
1771720866,85,83,80,63,62,123,72,107,92,75,1,1728,11
1771720867,42,182,42,188,43,151,48,169,38,183,12,3661,153
1771720868,62,124,57,132,74,76,78,90,68,141,7,541,75
1771720869,82,63,91,76,46,155,57,151,83,72,1,3485,13
1771720870,68,114,70,124,63,140,48,137,64,122,5,3035,76
1771720871,65,124,64,130,41,190,34,186,59,113,6,4971,66
1771720872,60,145,48,142,61,156,55,154,61,160,9,2962,112
1771720873,35,181,49,191,87,73,86,75,45,189,12,452,132
1771720874,51,174,50,163,50,178,41,159,38,175,11,3958,139
1771720875,62,136,61,139,49,167,55,166,58,142,7,3391,89
1771720876,24,217,26,212,22,205,23,220,28,202,15,5802,167
1771720877,36,186,41,188,56,142,62,151,30,202,13,2802,157
1771720878,71,99,77,96,81,97,73,83,66,104,4,729,52
1771720879,37,176,45,177,55,164,47,152,46,171,12,3513,153
1771720880,56,161,52,149,63,121,59,132,52,150,9,2435,104
1771720881,81,78,81,75,76,87,73,90,77,96,2,1068,36
1771720882,87,68,80,82,48,175,47,161,91,76,1,3762,20
1771720883,45,190,38,191,68,95,75,95,44,171,12,1295,143
1771720884,47,163,41,179,39,177,41,183,37,179,11,4463,141
1771720885,56,152,48,170,43,167,50,166,50,164,10,3656,120
1771720886,42,184,39,192,74,108,78,114,32,190,13,1603,149
1771720887,43,166,38,182,47,152,59,142,42,180,11,3337,133
1771720888,64,114,64,115,58,162,53,160,67,133,6,3320,82
1771720889,67,121,69,125,75,80,79,99,66,103,5,790,52
1771720890,59,148,64,139,62,123,58,136,52,143,8,2449,103
1771720891,92,84,81,67,31,205,43,186,92,82,1,4934,31
1771720892,32,209,38,193,35,167,45,177,38,209,14,4311,158
1771720893,91,68,88,77,46,161,52,146,87,76,1,3251,28
1771720894,71,111,75,104,83,107,79,100,69,104,4,1091,59
1771720895,56,166,49,164,42,174,37,178,49,174,10,4297,131
1771720896,86,73,88,68,55,151,51,156,81,84,1,3702,16
1771720897,59,135,57,151,76,120,77,114,55,155,8,1734,92
1771720898,64,133,72,132,66,122,73,133,67,129,6,2094,75
1771720899,78,99,78,115,69,127,59,137,68,108,4,2415,45
1771720900,23,204,32,214,57,134,49,135,26,202,15,2994,174
1771720901,43,194,40,182,58,159,51,161,36,194,13,3424,154
1771720902,56,153,55,144,50,180,38,168,61,150,8,3958,104
1771720903,77,116,81,115,51,152,47,152,70,100,4,3637,47
1771720904,71,97,85,92,80,101,77,94,72,102,3,892,36
1771720905,60,153,63,152,75,108,67,110,50,133,8,1530,101
1771720906,80,100,77,100,36,193,36,204,76,101,3,5007,41
1771720907,47,145,47,151,80,88,78,78,58,143,9,651,114
1771720908,41,151,47,154,35,202,40,206,55,161,10,5200,125
1771720909,68,122,61,144,31,207,25,223,67,123,7,5784,94
1771720910,64,128,57,133,76,97,77,109,68,127,6,1374,74
1771720911,47,164,51,155,54,129,59,128,56,157,9,2424,104
1771720912,53,156,46,159,71,99,71,99,51,167,10,1555,128
1771720913,84,66,79,78,33,186,35,185,82,69,1,4577,20
1771720914,54,147,55,151,68,115,71,116,55,153,9,2229,108
1771720915,78,112,66,107,43,200,39,188,65,112,4,5061,61
1771720916,28,212,36,197,50,155,60,147,36,208,14,3368,151
1771720917,53,165,54,152,75,96,77,99,43,172,10,878,130
1771720918,75,117,69,109,75,88,81,76,67,113,5,636,57
1771720919,47,172,45,174,39,185,37,182,45,164,11,4286,141
1771720920,55,139,59,140,49,147,63,148,57,132,7,2956,96
1771720921,80,111,75,108,50,162,55,157,74,95,4,3617,46
1771720922,42,182,36,188,79,105,74,112,32,187,13,1264,152
1771720923,46,155,45,169,41,175,40,181,43,166,10,4062,121
1771720924,79,95,81,116,86,74,76,79,80,112,4,607,61
1771720925,87,84,77,79,49,165,49,177,76,92,2,3879,35
1771720926,64,112,65,114,63,123,69,102,73,104,5,1642,67
1771720927,49,164,49,154,41,199,43,187,57,151,9,4822,103
1771720928,73,102,79,92,61,157,48,149,71,96,3,3162,48
1771720929,77,98,79,90,50,163,42,160,84,97,3,3748,51
1771720930,67,113,76,104,50,134,51,139,71,115,4,2965,44
1771720931,83,91,83,84,66,118,72,138,74,78,2,2248,29
1771720932,49,159,53,146,26,213,32,219,61,154,9,5587,96
1771720933,37,199,32,198,74,108,75,105,41,202,13,1559,159
1771720934,63,134,58,121,56,130,65,136,62,140,7,2257,78
1771720935,80,95,88,82,23,207,33,226,73,76,2,5963,24
1771720936,40,182,35,183,64,113,70,118,43,201,13,1649,148
1771720937,45,173,42,176,41,189,41,179,50,175,11,4450,123
1771720938,38,201,40,189,51,145,55,144,30,179,13,3100,143
1771720939,30,189,32,201,34,203,23,198,42,200,13,5494,142
1771720940,55,151,54,158,40,192,34,173,56,158,10,4464,119
1771720941,43,181,48,176,46,172,48,152,37,186,12,3679,133
1771720942,64,119,65,105,78,104,75,108,70,120,5,1437,55
1771720943,63,143,55,139,61,120,72,123,54,140,7,2042,86
1771720944,62,106,76,114,41,176,37,176,73,110,5,4480,68
1771720945,81,80,85,81,45,190,43,174,90,69,1,4555,16
1771720946,72,97,80,105,89,70,81,84,72,91,3,271,47
1771720947,81,74,87,85,38,200,37,215,75,94,2,5319,36
1771720948,88,80,78,78,76,93,75,89,79,75,1,1064,24
1771720949,88,96,89,76,51,136,55,144,75,76,2,2713,30
1771720950,67,124,72,124,39,173,39,176,63,128,6,4465,71
1771720951,45,165,38,171,68,111,78,120,51,170,11,1550,123
1771720952,69,119,74,122,79,96,70,90,69,117,5,911,68
1771720953,87,76,83,83,58,148,50,147,85,72,1,3390,13
1771720954,84,74,80,95,84,87,88,82,82,73,2,571,29
1771720955,64,122,58,129,68,109,67,106,61,134,7,1778,89
1771720956,30,211,35,212,45,173,40,179,32,211,14,3940,175
1771720957,63,125,66,123,51,160,47,165,68,119,5,3518,67
1771720958,46,147,53,160,47,160,45,144,57,143,9,3354,116
1771720959,59,125,66,122,34,200,32,217,61,133,6,5667,83
1771720960,79,86,83,95,78,107,81,92,72,83,3,1282,53
1771720961,81,100,80,95,76,122,68,123,83,101,3,1855,38
1771720962,57,139,60,132,45,180,39,175,63,136,8,4021,109
1771720963,68,118,72,102,41,174,45,182,75,122,5,4073,58
1771720964,86,69,83,69,25,216,29,199,92,73,1,5530,25
1771720965,87,69,88,80,19,208,34,223,78,65,1,5863,20
1771720966,83,99,76,100,49,144,50,151,72,84,3,3141,32
1771720967,58,140,60,154,77,82,88,82,56,145,8,612,96
1771720968,80,106,71,95,74,101,79,108,71,92,3,1298,51
1771720969,61,128,68,137,74,99,78,112,63,129,7,1461,88
1771720970,33,229,29,222,33,216,29,219,28,223,16,5837,185
1771720971,76,90,83,86,45,188,46,179,71,106,3,4643,39
1771720972,44,185,32,188,46,167,51,167,39,194,13,3527,156
1771720973,51,173,51,153,75,88,77,87,44,154,10,927,122
1771720974,57,171,50,154,70,120,70,116,52,165,10,1774,130
1771720975,83,81,83,96,62,139,55,124,79,78,2,2539,28
1771720976,70,83,79,94,85,92,84,77,78,86,3,452,39
1771720977,77,84,91,73,57,144,48,140,78,66,1,3201,18
1771720978,52,158,47,170,47,167,57,161,42,157,10,3703,118
1771720979,51,153,51,169,75,111,69,127,52,167,10,1926,128
1771720980,69,123,59,112,74,118,70,111,61,120,6,1982,84
1771720981,58,146,45,158,54,159,51,172,45,152,9,3822,112
1771720982,41,177,39,184,72,96,70,96,40,183,12,1058,145
1771720983,43,188,34,182,61,130,64,113,36,187,13,2180,152
1771720984,84,90,75,86,80,97,69,106,79,95,3,1388,35
1771720985,38,180,35,178,48,182,37,183,48,179,12,4396,148
1771720986,59,154,59,157,42,179,40,189,47,143,9,4476,117
1771720987,36,196,29,197,48,175,42,168,37,190,14,4322,156
1771720988,72,95,70,92,31,197,32,192,73,87,3,4677,31
1771720989,70,97,66,107,49,152,52,146,80,102,4,3420,63
1771720990,74,83,75,104,72,89,72,91,73,100,3,896,48
1771720991,80,96,78,91,41,177,51,169,70,91,3,4105,47
1771720992,46,176,52,182,29,197,34,194,47,164,11,4896,122
1771720993,33,194,40,195,80,99,82,101,44,183,13,1180,142
1771720994,84,75,86,70,68,116,70,94,83,80,1,1424,18
1771720995,58,140,61,124,65,129,58,131,65,141,7,2795,93
1771720996,83,90,76,92,66,115,75,115,79,93,3,1566,43
1771720997,34,180,31,184,62,135,57,152,29,191,13,2869,160
1771720998,91,66,85,84,76,72,78,79,85,66,1,462,21
1771720999,48,172,46,173,76,103,78,112,35,179,12,1338,133
1771721000,40,175,49,170,49,176,51,182,48,183,12,4208,147
1771721001,89,90,79,94,33,186,32,203,85,75,2,4859,22
1771721002,76,77,78,94,74,120,61,121,86,96,2,2008,42
1771721003,64,135,58,134,53,151,62,134,72,113,6,2925,65
1771721004,75,111,70,102,66,107,70,121,72,106,5,1743,71
1771721005,49,170,47,162,51,185,38,186,51,175,11,4211,126
1771721006,42,200,35,180,62,132,57,121,37,197,13,2346,145
1771721007,46,161,41,163,33,189,37,188,42,152,10,5031,108
1771721008,36,182,47,179,69,111,69,119,38,178,12,2102,134
1771721009,66,110,73,100,54,151,63,139,77,109,4,2981,48
1771721010,42,166,54,162,79,102,83,81,42,161,10,881,131
1771721011,52,153,51,151,56,164,52,174,57,164,9,3707,112
1771721012,70,115,68,113,86,89,77,80,67,101,4,486,60
1771721013,40,181,42,201,52,154,50,155,38,186,13,3050,158
1771721014,39,179,45,180,41,174,39,179,32,182,13,4314,158
1771721015,44,167,51,176,45,170,45,156,47,169,11,3603,119
1771721016,69,123,63,117,41,175,45,158,73,107,5,3906,54
1771721017,33,215,37,210,61,138,66,131,26,207,15,2621,171
1771721018,84,75,87,77,70,89,81,99,74,91,2,1001,22
1771721019,41,200,41,189,86,78,80,75,32,198,13,693,146
1771721020,78,102,74,107,53,150,55,167,77,105,4,3676,49
1771721021,60,155,59,140,65,117,68,99,53,144,9,1442,119
1771721022,74,73,88,88,39,174,35,185,79,97,2,4404,19
1771721023,66,135,66,136,51,162,44,161,63,138,7,3784,95
1771721024,82,94,87,81,80,78,77,70,86,85,2,275,33
1771721025,92,80,91,86,80,90,80,90,93,77,1,410,29
1771721026,84,86,76,94,35,176,40,180,75,84,2,4634,40
1771721027,65,132,69,131,61,130,61,128,69,118,6,2314,65
1771721028,73,88,84,85,60,123,65,121,81,93,3,2170,47
1771721029,18,214,22,225,39,177,34,189,26,228,16,4622,185
1771721030,49,172,49,170,40,188,40,182,50,171,10,4293,128
1771721031,76,116,76,119,84,86,76,71,71,112,5,518,75
1771721032,45,162,45,173,87,91,74,87,48,164,11,764,141
1771721033,76,87,87,84,59,139,54,140,74,93,2,2735,35
1771721034,71,85,82,102,77,97,75,85,73,105,3,954,40
1771721035,73,89,73,99,68,130,66,123,78,83,3,2430,41
1771721036,57,146,53,132,69,110,72,95,57,135,8,1346,108
1771721037,45,170,47,182,42,179,50,171,43,184,12,4379,152
1771721038,88,95,85,74,52,173,45,170,79,94,2,3745,41
1771721039,23,222,27,222,44,175,37,184,21,219,16,4286,192
1771721040,35,199,34,201,62,119,56,122,33,213,15,2212,167
1771721041,45,177,48,181,65,114,72,110,40,181,12,1920,150
1771721042,59,141,60,133,54,128,68,123,55,133,7,2535,78
1771721043,39,176,47,174,75,94,78,85,44,184,12,938,129
1771721044,55,157,60,158,40,201,32,186,56,148,9,4936,103
1771721045,90,74,79,84,47,178,49,179,80,87,1,4142,31
1771721046,59,153,60,154,85,76,81,86,51,154,8,338,89
1771721047,83,79,79,86,65,131,58,138,88,81,2,2507,41
1771721048,29,211,25,219,64,123,60,130,21,212,16,2017,192
1771721049,69,131,57,144,44,194,40,180,56,124,7,4682,91
1771721050,85,76,80,72,39,167,35,177,87,63,1,4258,15
1771721051,40,193,37,202,67,117,64,118,26,199,14,2276,174
1771721052,85,80,86,70,57,150,46,156,92,74,1,3521,28
1771721053,78,86,83,83,72,113,69,126,92,84,1,1832,24
1771721054,42,196,44,181,71,116,72,120,37,201,13,2096,154
1771721055,46,155,42,154,48,160,43,162,45,166,10,3562,123
1771721056,84,84,78,85,56,138,60,134,70,104,3,2717,41
1771721057,29,198,32,179,52,135,58,133,37,197,13,2870,151
1771721058,27,200,30,204,44,182,44,183,27,222,15,4202,185
1771721059,57,151,58,140,67,119,71,106,65,142,8,1805,99
1771721060,64,116,67,115,75,79,84,69,68,109,5,379,66
1771721061,44,191,43,201,26,198,39,211,44,183,13,5177,151
1771721062,71,103,64,104,49,178,48,164,69,120,5,4131,74
1771721063,80,90,73,95,75,104,64,102,72,102,3,1686,42
1771721064,32,197,37,189,87,79,75,82,33,202,14,594,154
1771721065,55,153,51,149,80,75,79,96,61,140,8,622,94
1771721066,47,190,35,171,48,161,52,167,45,191,12,4034,139
1771721067,78,113,77,107,48,161,49,154,77,114,4,3414,57
1771721068,75,105,76,120,44,173,44,163,71,104,5,4168,71
1771721069,76,125,72,107,54,131,57,124,67,119,5,2604,65
1771721070,75,87,78,105,64,111,66,106,71,98,3,1676,35
1771721071,30,189,30,184,71,115,75,115,39,182,13,1623,158
1771721072,49,141,56,141,66,95,69,111,47,164,9,1458,102
1771721073,41,192,30,192,82,84,89,93,33,190,13,588,163
1771721074,51,166,52,176,76,90,77,97,44,181,11,762,121
1771721075,86,89,77,74,70,102,83,92,81,79,2,1132,41
1771721076,73,100,76,115,69,130,62,134,76,113,4,2365,55
1771721077,82,93,74,96,43,193,37,172,76,103,3,4473,51
1771721078,71,123,61,134,41,174,49,168,59,114,6,3676,76
1771721079,23,210,27,210,87,87,83,76,35,217,15,694,181
1771721080,74,123,71,119,63,143,62,141,71,105,5,2787,55
1771721081,62,116,64,134,55,165,55,174,65,125,6,3811,79
1771721082,54,158,58,159,47,164,52,179,51,157,9,3928,112
1771721083,81,72,90,74,28,205,26,196,92,69,1,5344,10
1771721084,43,189,36,198,44,175,44,156,42,198,13,3770,153
1771721085,41,169,36,174,68,115,61,115,45,181,12,1848,140
1771721086,48,157,46,154,70,96,72,102,53,163,9,1101,112
1771721087,61,161,47,145,47,154,57,163,51,147,9,3543,106
1771721088,80,84,82,103,60,149,56,148,70,101,3,3145,46
1771721089,57,151,51,159,54,165,53,179,45,145,9,3937,111
1771721090,70,104,83,93,84,89,83,85,70,83,3,700,35
1771721091,31,222,24,220,51,135,54,151,22,199,15,3040,170
1771721092,59,150,60,152,69,95,69,93,64,144,8,1221,92
1771721093,26,210,28,201,59,137,58,146,31,202,14,2811,153
1771721094,55,145,61,134,89,72,89,92,66,123,7,453,87
1771721095,35,181,44,173,50,132,50,149,44,193,12,2825,141
1771721096,54,157,44,161,51,159,51,173,41,151,10,3673,126
1771721097,67,107,69,113,57,127,61,121,66,98,4,2324,42
1771721098,54,136,69,123,59,154,51,165,62,130,7,3335,85
1771721099,78,91,86,89,30,181,43,183,85,76,2,4912,28
1771721100,67,108,72,96,59,130,68,125,77,102,4,2276,46
1771721101,54,160,55,170,66,115,74,112,52,171,10,1538,111
1771721102,69,111,76,120,88,89,90,92,62,123,5,506,61
1771721103,41,173,49,161,65,146,54,140,53,167,11,2807,131
1771721104,46,161,56,148,44,170,49,150,49,153,9,3634,106
1771721105,60,142,55,144,82,90,80,98,60,149,9,1115,97
1771721106,43,160,49,163,55,135,60,133,51,176,11,2594,135
1771721107,33,184,39,201,57,139,62,129,44,195,13,2297,151
1771721108,71,107,62,114,65,119,66,131,76,124,5,2410,56
1771721109,74,107,77,116,88,80,81,80,77,110,4,575,58
1771721110,78,93,71,113,27,218,30,196,68,105,4,5495,64
1771721111,69,112,69,103,79,90,75,92,72,110,5,783,76
1771721112,38,186,41,198,74,85,81,94,37,195,13,1031,148
1771721113,63,154,56,131,86,82,83,71,60,147,8,488,103
1771721114,48,176,33,174,64,157,49,150,40,183,12,2989,146
1771721115,71,94,81,107,82,110,77,91,68,107,4,1182,58
1771721116,80,76,93,67,59,145,59,137,82,80,1,2909,22
1771721117,63,153,64,140,30,227,20,220,53,134,8,5913,88
1771721118,40,202,35,190,38,196,33,187,32,207,14,4550,167
1771721119,36,195,26,211,55,142,47,149,34,194,14,3310,163
1771721120,68,104,63,104,47,186,47,176,64,110,5,4382,64
1771721121,78,78,79,95,46,168,40,176,81,88,2,3943,38
1771721122,70,107,62,120,45,199,35,180,70,123,5,4810,68
1771721123,70,118,71,132,76,80,86,79,68,132,6,629,77
1771721124,61,139,67,137,39,190,34,193,60,135,7,5061,80
1771721125,43,177,46,172,32,208,28,222,47,181,12,5957,147
1771721126,26,202,33,207,61,116,60,133,26,206,14,2229,162
1771721127,60,155,57,149,67,116,65,132,59,158,9,2281,120
1771721128,77,125,66,125,60,159,60,156,62,119,5,3108,68
1771721129,31,194,33,190,52,144,61,146,37,196,13,2935,144
1771721130,42,159,45,157,64,134,56,133,42,161,10,2391,117
1771721131,27,203,30,201,59,130,67,123,27,206,14,2401,165
1771721132,36,184,38,188,71,87,76,91,43,196,13,1035,151
1771721133,68,117,65,122,59,147,55,141,71,124,5,2894,65
1771721134,47,170,50,171,87,64,91,76,52,169,10,217,121
1771721135,60,135,62,123,65,132,60,112,66,124,6,2098,84
1771721136,43,198,44,181,48,162,53,156,36,182,13,3578,147
1771721137,34,183,46,186,36,196,32,203,44,176,12,5362,134
1771721138,55,143,65,132,47,172,44,162,66,127,7,3680,77
1771721139,44,187,47,189,72,111,69,102,34,191,12,1259,145
1771721140,34,192,36,180,27,224,23,219,47,179,12,5693,134
1771721141,85,96,86,95,49,169,50,163,85,77,2,3627,38
1771721142,53,147,51,149,72,127,63,109,55,155,9,1917,112
1771721143,56,154,50,155,65,108,69,103,46,160,10,1797,109
1771721144,52,153,58,146,75,110,68,102,50,161,9,1688,117
1771721145,45,177,40,164,62,118,57,117,44,161,11,2214,130
1771721146,56,140,62,149,59,131,62,129,50,135,8,2559,94
1771721147,42,156,55,161,50,145,63,149,48,154,10,3050,117
1771721148,43,174,51,178,43,183,30,192,50,183,11,4861,139
1771721149,67,144,59,141,64,99,71,101,61,130,7,1460,95
1771721150,72,111,62,113,76,82,78,88,68,123,5,864,63
1771721151,61,123,69,103,52,166,53,164,67,122,5,3959,72
1771721152,54,135,60,141,60,161,53,157,53,132,8,3210,99
1771721153,46,183,37,185,54,179,47,159,40,192,12,3955,142
1771721154,39,174,46,184,54,134,52,133,38,176,12,2905,141
1771721155,62,124,68,122,64,146,63,155,73,113,5,2991,54
1771721156,47,187,48,185,29,196,43,201,48,178,12,4950,135
1771721157,82,89,81,85,54,150,54,157,73,89,3,3265,46
1771721158,78,72,86,69,62,101,75,118,92,74,1,1661,29
1771721159,56,144,52,143,49,149,52,143,62,131,8,3031,89
1771721160,60,137,60,143,43,196,41,198,66,121,7,4696,97
1771721161,71,113,59,133,47,175,42,163,63,120,6,3893,87
1771721162,53,147,60,153,62,131,66,139,54,163,9,2793,112
1771721163,52,155,53,157,19,229,22,218,55,163,10,5926,114
1771721164,59,143,54,139,42,163,41,167,52,145,8,4011,85
1771721165,70,105,85,96,41,185,49,180,71,84,3,4372,51
1771721166,47,169,43,180,53,156,47,171,38,160,11,3844,125
1771721167,79,103,84,95,34,216,33,211,80,103,3,5796,35
1771721168,56,165,47,159,55,130,54,149,50,157,10,2820,122
1771721169,69,142,62,122,48,166,39,167,55,126,7,4050,74
1771721170,37,198,38,205,38,184,29,194,29,203,14,4858,173
1771721171,58,127,60,131,63,141,63,154,57,126,7,2882,97
1771721172,33,196,32,192,41,191,37,184,31,188,13,4870,163
1771721173,38,192,47,186,31,201,34,198,45,184,12,5351,132
1771721174,83,101,82,97,63,134,57,139,75,86,3,2518,31
1771721175,34,185,35,185,68,117,75,98,34,192,13,1473,147
1771721176,56,139,54,151,77,116,70,105,62,150,8,1646,85
1771721177,67,102,77,96,60,148,66,131,66,107,4,2673,59
1771721178,30,221,20,223,67,120,62,134,27,216,16,2188,189
1771721179,51,162,47,171,56,141,55,154,48,175,11,2930,136
1771721180,63,120,64,120,36,182,31,193,66,126,5,4956,75
1771721181,26,215,29,228,52,156,55,162,18,218,16,3791,190
1771721182,34,212,27,217,60,137,58,138,26,202,15,2919,180
1771721183,48,162,40,180,81,81,85,75,48,178,11,371,126
1771721184,34,201,30,182,43,162,54,157,43,202,13,3861,151
1771721185,44,183,51,175,39,186,37,177,38,162,11,4262,133
1771721186,66,108,64,108,52,178,40,169,63,113,5,3839,70
1771721187,31,192,34,202,62,133,54,148,43,183,13,2958,159
1771721188,76,94,70,102,41,184,38,189,83,92,3,4886,49
1771721189,31,198,38,193,30,196,30,183,42,185,13,4930,164
1771721190,79,92,73,82,57,118,71,117,69,88,3,2279,31
1771721191,76,103,67,110,60,121,66,124,74,97,4,2040,53
1771721192,51,158,47,153,86,71,89,87,55,163,9,472,100
1771721193,89,79,91,75,71,120,72,114,91,65,1,2078,28
1771721194,74,86,79,91,60,145,60,128,78,90,2,2651,19
1771721195,47,184,42,172,82,82,77,78,39,179,12,274,139
1771721196,60,133,73,128,58,144,55,145,67,118,6,2957,65
1771721197,62,142,62,150,40,184,38,181,57,133,8,4169,108
1771721198,71,115,61,131,32,182,42,191,68,129,6,4859,71
1771721199,29,191,38,194,51,152,48,149,36,184,13,3621,152
1771721200,35,201,38,190,61,158,55,158,29,207,14,3227,171
1771721201,81,75,81,84,48,175,47,173,88,85,2,4497,29
1771721202,35,180,43,179,39,178,44,169,45,191,13,4345,144
1771721203,22,212,37,207,35,171,43,170,32,205,15,4392,163
1771721204,43,184,46,193,88,80,78,92,42,186,12,579,130
1771721205,46,190,36,190,73,105,63,115,36,170,12,1860,133
1771721206,51,149,56,151,65,140,63,149,47,143,9,2903,114
1771721207,86,77,78,76,29,213,30,212,83,79,1,5317,30
1771721208,31,190,44,184,68,116,64,116,43,196,13,1850,151
1771721209,38,187,38,185,73,103,78,102,36,194,13,1197,147
1771721210,81,78,79,93,81,107,73,99,87,85,2,1067,19
1771721211,75,77,80,77,31,190,37,182,87,77,2,4762,25
1771721212,85,93,80,80,33,206,38,203,81,93,2,5281,30
1771721213,72,103,74,115,34,184,39,190,66,97,4,5026,46
1771721214,59,158,55,152,41,181,41,202,46,159,9,4831,110
1771721215,37,169,51,161,49,169,45,178,47,183,11,4092,123
1771721216,45,192,37,179,53,153,54,170,39,188,12,3561,141
1771721217,74,103,74,109,83,88,74,98,80,104,4,1131,52
1771721218,81,103,80,97,45,181,35,191,70,105,4,4483,51
1771721219,92,76,92,78,53,142,63,150,80,67,1,3026,26
1771721220,55,162,50,145,56,159,54,147,46,148,9,3415,101
1771721221,44,185,31,185,35,198,34,192,39,182,13,5066,162
1771721222,54,151,57,143,51,152,59,163,60,142,9,3396,98
1771721223,43,173,51,163,52,145,56,130,53,174,10,2872,127
1771721224,58,114,65,125,80,94,66,103,59,114,6,1308,71
1771721225,54,160,55,157,22,206,23,219,52,151,10,5710,115
1771721226,58,151,61,157,55,141,47,150,48,148,9,3233,104
1771721227,26,207,34,208,43,179,32,192,36,189,14,4696,173
1771721228,34,209,22,210,42,176,39,158,31,217,15,3904,173
1771721229,45,171,42,171,52,127,57,143,51,169,10,2704,119
1771721230,67,105,69,113,72,85,79,100,66,98,4,822,45
1771721231,63,150,54,138,36,189,29,190,51,136,8,4982,101
1771721232,57,133,52,142,42,181,46,190,53,154,8,4542,109
1771721233,79,80,93,70,61,145,66,138,80,83,1,2642,28
1771721234,85,79,73,77,91,80,87,88,81,86,2,262,31
1771721235,65,119,72,114,82,87,74,100,57,130,6,914,86
1771721236,80,76,92,87,64,119,65,121,91,74,1,1941,10
1771721237,34,207,28,212,48,186,34,192,28,212,15,4532,173
1771721238,79,92,67,93,51,177,43,171,68,110,4,4107,46
1771721239,38,170,49,163,52,141,66,133,51,160,11,2634,131
1771721240,45,172,34,186,76,102,69,98,34,175,12,1379,151
1771721241,53,141,55,136,86,80,82,78,55,150,8,616,97
1771721242,60,130,62,117,40,208,28,202,64,128,6,5288,85
1771721243,48,168,38,175,41,170,45,155,52,171,11,3783,120
1771721244,80,115,80,114,57,124,63,132,71,113,4,2296,62
1771721245,72,109,76,117,50,173,46,179,68,110,5,4017,52
1771721246,75,81,73,77,27,223,19,209,78,86,2,5898,19
1771721247,53,172,50,182,25,208,27,218,46,172,11,5779,124
1771721248,54,158,52,146,81,74,76,89,51,155,9,500,112
1771721249,84,83,74,74,72,117,70,106,79,73,2,1696,27
1771721250,72,83,73,97,25,210,32,209,72,105,3,5917,30
1771721251,46,178,35,186,57,125,67,130,49,175,12,2486,150
1771721252,69,103,84,99,39,189,38,184,75,92,3,4439,30
1771721253,64,147,49,134,49,176,54,165,54,143,8,3831,97
1771721254,35,191,46,182,80,82,76,83,45,191,12,606,145
1771721255,56,134,55,139,43,173,48,159,59,132,7,3857,92
1771721256,33,188,30,193,40,213,39,213,42,191,13,5258,144
1771721257,75,102,82,97,67,147,63,134,83,87,3,2668,44
1771721258,56,126,56,128,54,150,48,154,54,139,7,3420,91
1771721259,44,181,51,172,55,139,61,134,49,173,11,2750,142
1771721260,41,187,42,177,23,223,22,221,34,178,12,5837,138
1771721261,80,83,75,104,55,139,63,132,74,106,3,2508,54
1771721262,57,148,58,141,43,194,36,197,47,151,9,4870,118
1771721263,55,134,55,140,64,128,59,124,68,141,7,2000,74
1771721264,78,74,79,64,62,150,61,140,81,79,1,2955,17
1771721265,50,168,51,159,63,123,60,136,44,154,10,2233,121
1771721266,85,82,85,85,43,194,31,202,88,86,1,5021,25
1771721267,79,74,88,63,57,152,49,149,90,65,1,3125,21
1771721268,45,191,35,203,63,107,70,100,39,200,13,1624,152
1771721269,42,151,45,155,73,124,60,115,42,171,10,1895,115
1771721270,58,147,57,152,40,169,37,187,60,155,9,4230,116
1771721271,40,171,38,181,39,185,36,180,45,177,11,4845,130
1771721272,65,124,73,127,53,163,46,163,67,127,6,3625,74
1771721273,52,159,44,152,73,96,88,95,47,170,10,669,120
1771721274,43,193,46,171,80,98,70,108,35,171,12,1106,149
1771721275,74,90,75,90,64,110,64,108,85,84,2,1697,32
1771721276,32,200,31,191,30,187,42,197,35,197,13,4863,153
1771721277,49,170,46,161,30,196,27,204,38,168,11,5393,134
1771721278,57,158,58,150,65,116,78,98,50,148,9,1496,116
1771721279,48,151,54,161,82,83,76,93,53,154,10,649,115
1771721280,71,95,67,116,64,134,66,140,78,105,4,2701,58
1771721281,47,172,40,170,42,185,37,187,51,171,11,4300,133
1771721282,74,94,71,103,65,114,68,119,71,103,4,1736,63
1771721283,54,157,52,165,69,127,74,122,56,153,10,1880,122
1771721284,54,122,56,144,51,154,50,160,59,137,7,3675,84
1771721285,46,162,50,165,73,84,77,89,55,173,10,931,114
1771721286,41,202,28,195,80,74,83,79,34,189,14,527,158
1771721287,58,145,49,135,75,101,68,105,64,140,8,1226,87
1771721288,49,145,55,157,58,142,57,149,60,144,9,2930,116
1771721289,88,66,91,84,49,135,52,147,78,76,1,3026,11
1771721290,52,146,50,150,70,87,78,89,50,136,8,1100,102
1771721291,41,185,44,183,63,127,61,126,32,203,13,2504,153
1771721292,77,90,78,80,58,121,59,117,81,83,2,2063,30
1771721293,50,153,49,160,44,174,37,170,42,158,10,4188,108
1771721294,35,193,36,186,46,154,47,155,36,174,12,3235,151
1771721295,71,121,62,102,72,116,61,114,76,121,5,2175,54
1771721296,85,89,81,94,64,125,67,129,84,97,3,2332,48
1771721297,93,73,92,65,68,99,65,105,90,69,1,1482,30
1771721298,43,185,34,193,86,87,73,91,33,170,12,782,140
1771721299,25,213,37,222,68,121,68,130,31,210,15,2420,180
1771721300,47,158,51,157,24,200,26,204,56,166,10,5543,125
1771721301,59,119,72,128,61,155,58,161,60,130,6,3229,63
1771721302,41,175,46,164,61,134,54,129,52,171,11,2590,121
1771721303,32,203,37,199,63,123,59,109,44,198,13,2014,155
1771721304,51,139,64,137,59,140,57,151,59,149,8,2791,103
1771721305,28,199,34,208,59,133,55,134,25,202,15,2299,178
1771721306,37,207,27,199,42,200,30,184,40,200,14,4890,171
1771721307,43,163,47,181,53,161,41,165,38,181,11,3904,136
1771721308,50,142,51,146,61,125,71,124,61,152,8,1940,98
1771721309,49,158,47,143,33,197,37,192,50,163,9,5301,119
1771721310,60,134,65,114,76,67,86,78,62,132,6,323,67
1771721311,41,202,37,185,31,204,41,191,44,200,13,4962,142
1771721312,41,189,38,196,62,136,54,149,31,190,13,2745,164
1771721313,69,114,67,96,35,196,41,196,76,113,4,5180,54
1771721314,34,203,35,196,41,183,38,164,36,188,13,4140,155
1771721315,48,157,53,165,66,118,72,124,56,173,10,2157,110
1771721316,39,188,32,180,91,78,91,76,34,201,13,268,147
1771721317,45,176,44,173,71,119,69,110,40,187,12,1844,149
1771721318,80,95,80,83,76,107,74,95,73,77,2,1222,30
1771721319,76,82,79,73,52,149,51,150,85,74,2,3065,32
1771721320,39,200,40,202,46,159,49,166,40,206,14,3686,172
1771721321,76,109,79,101,75,119,62,103,76,107,4,1819,46
1771721322,51,151,60,146,54,151,54,151,57,158,9,3179,96
1771721323,24,205,37,201,65,106,78,120,37,219,15,1612,169
1771721324,51,178,51,180,43,166,51,179,49,183,11,3951,137
1771721325,31,184,32,187,55,169,46,161,30,193,13,3565,154
1771721326,67,123,68,129,48,185,40,189,63,115,6,4326,69
1771721327,61,121,68,103,83,104,72,95,74,104,5,1085,55
1771721328,65,123,64,128,34,199,39,201,55,140,7,5146,80
1771721329,85,82,73,73,35,194,34,186,89,81,2,4961,26
1771721330,77,92,85,77,85,77,86,77,75,83,2,725,30
1771721331,40,191,38,187,35,215,26,199,34,177,12,5526,144
1771721332,83,91,82,90,27,202,30,204,72,95,3,5370,39
1771721333,57,126,55,133,67,123,69,118,68,123,7,2303,86
1771721334,37,174,38,185,86,74,90,78,40,192,12,507,134
1771721335,38,180,48,181,80,95,74,92,47,171,12,795,134
1771721336,51,166,44,168,39,194,41,180,42,172,11,4686,124
1771721337,31,189,44,191,45,192,43,189,41,192,13,4462,156
1771721338,46,178,49,190,78,82,73,82,36,183,12,787,145
1771721339,28,225,32,218,59,121,58,133,25,216,16,2191,180
1771721340,80,102,83,84,56,124,69,138,71,99,3,2313,48
1771721341,44,181,48,163,81,93,72,83,52,177,11,1007,121
1771721342,68,128,61,125,55,169,48,156,63,120,6,3838,64
1771721343,49,160,47,154,73,122,65,119,42,156,10,2048,127
1771721344,31,232,30,229,77,75,80,80,23,209,16,272,173
1771721345,39,201,32,193,35,176,37,189,40,180,13,4592,149
1771721346,71,101,71,96,36,205,37,201,80,102,3,5059,33
1771721347,75,77,76,88,65,144,63,133,85,75,2,2825,31
1771721348,46,192,39,187,31,200,33,199,46,192,12,4868,138
1771721349,56,139,62,131,33,194,39,200,55,143,7,4942,86
1771721350,73,95,71,106,73,101,67,96,82,88,3,1283,43
1771721351,62,102,68,123,46,153,45,170,68,117,5,3717,62
1771721352,75,110,72,116,78,74,78,83,76,111,5,459,62
1771721353,22,223,29,231,79,101,74,107,26,220,16,1179,179
1771721354,74,96,77,102,51,150,54,154,66,114,4,2992,61
1771721355,43,176,51,177,56,169,51,172,45,171,11,3621,140
1771721356,93,74,88,70,80,74,77,88,87,71,1,296,29
1771721357,44,163,46,168,43,186,46,185,43,181,11,4488,126
1771721358,76,98,70,115,59,155,62,135,80,96,4,3050,65
1771721359,87,81,80,86,57,145,61,155,92,70,1,2969,27
1771721360,75,93,75,113,61,149,55,153,73,109,4,2890,52
1771721361,87,76,91,78,41,192,41,198,88,77,1,4972,17
1771721362,88,97,78,73,89,82,86,68,83,95,2,364,35
1771721363,53,159,54,171,79,100,77,82,41,172,10,758,115
1771721364,45,177,41,190,63,111,61,125,49,172,12,2031,148
1771721365,86,86,83,78,66,117,61,121,90,78,1,1855,18
1771721366,85,71,79,83,64,112,73,105,86,78,1,1790,15
1771721367,26,218,26,212,57,125,63,131,35,212,15,2306,179
1771721368,78,84,72,91,78,101,78,93,84,99,3,803,31
1771721369,34,183,30,202,62,108,72,130,35,192,13,1977,144
1771721370,83,87,85,76,43,198,38,181,88,93,2,4798,40
1771721371,68,112,69,95,69,124,61,128,74,94,4,1975,55
1771721372,34,197,34,194,66,140,69,118,29,188,13,2330,153
1771721373,67,103,68,98,27,198,27,208,66,107,4,5530,41
1771721374,72,130,62,126,65,127,60,126,69,127,6,2438,71
1771721375,56,138,54,137,38,171,52,173,67,124,7,4090,81
1771721376,60,155,58,151,59,112,65,114,62,143,8,2002,100
1771721377,50,156,41,153,84,91,84,98,48,150,10,878,124
1771721378,29,230,21,210,76,101,83,107,18,209,16,1009,190
1771721379,48,165,42,170,48,161,47,153,48,162,10,3522,109
1771721380,36,183,30,184,64,128,57,136,35,182,13,2210,159
1771721381,42,189,42,186,61,120,59,119,42,192,13,2367,141
1771721382,78,92,84,83,80,113,71,100,75,89,3,1386,45
1771721383,68,119,68,111,74,91,74,100,60,112,6,781,73
1771721384,63,149,62,137,38,191,37,200,57,147,8,5042,100
1771721385,83,96,82,78,44,168,56,169,75,88,2,3531,35
1771721386,48,164,53,163,53,147,50,145,46,171,10,2904,110
1771721387,43,189,40,174,32,193,40,193,37,171,12,5180,134
1771721388,81,105,69,105,38,177,43,180,75,104,4,4257,54
1771721389,77,100,79,102,76,94,84,96,82,99,3,716,45
1771721390,34,196,34,179,87,90,84,73,42,182,13,396,152
1771721391,77,105,75,121,75,99,70,121,62,113,5,1558,71
1771721392,43,179,41,160,37,206,37,211,39,180,11,5259,132
1771721393,58,127,63,142,66,110,79,115,54,128,7,1533,78
1771721394,57,151,55,155,78,104,68,99,50,141,8,1408,103
1771721395,44,194,44,190,54,162,41,163,42,181,13,3720,156
1771721396,33,173,36,193,31,190,46,193,42,171,12,4703,138
1771721397,71,114,79,110,60,118,69,117,72,96,4,2000,61
1771721398,67,123,64,142,37,203,34,187,66,139,7,4896,88
1771721399,74,105,83,101,79,110,70,108,84,103,3,1499,46
1771721400,75,95,78,93,71,113,66,116,84,95,3,1769,52
1771721401,44,176,41,180,52,133,59,137,48,166,11,2680,131
1771721402,42,160,48,182,35,200,30,190,38,176,11,5239,120
1771721403,87,64,92,86,57,131,69,139,85,63,1,2412,10
1771721404,37,221,23,208,82,86,83,97,24,213,15,923,174
1771721405,74,106,71,113,58,143,50,144,65,107,5,3230,57
1771721406,67,99,80,103,37,212,37,203,79,109,4,5557,62
1771721407,64,120,71,135,64,121,60,112,69,126,6,1805,74
1771721408,84,96,88,83,58,140,51,149,82,78,2,2760,31
1771721409,79,79,82,85,51,165,49,166,79,85,1,4023,17
1771721410,47,150,47,171,85,89,79,88,49,159,10,370,126
1771721411,84,101,81,97,57,160,50,138,82,99,3,3118,33
1771721412,68,114,79,108,59,151,49,141,70,94,4,3113,48
1771721413,53,161,55,165,61,149,53,153,52,152,10,2982,116
1771721414,38,174,40,175,74,96,81,107,34,191,12,1171,149
1771721415,73,96,77,87,40,172,36,166,73,89,2,4305,26
1771721416,47,148,52,149,34,201,31,211,48,155,9,5362,96
1771721417,63,135,52,141,87,80,87,86,62,139,8,411,89
1771721418,58,122,60,128,74,104,70,116,59,125,6,1397,72
1771721419,70,119,76,114,75,119,71,123,70,110,5,1747,70
1771721420,39,200,31,202,47,147,52,152,38,194,13,3414,156
1771721421,56,123,63,134,51,179,47,169,57,132,7,4066,87
1771721422,28,211,32,211,22,211,33,211,31,213,16,5614,174
1771721423,49,143,49,156,55,152,57,160,57,155,9,3609,96
1771721424,42,154,42,173,70,101,71,100,46,151,10,1431,125
1771721425,54,162,47,161,23,198,30,197,53,146,9,5510,100
1771721426,80,96,70,114,35,187,48,171,72,98,4,4435,54
1771721427,51,166,45,178,44,167,45,163,37,171,11,3804,125
1771721428,88,93,77,97,72,111,67,101,86,94,2,1509,20
1771721429,41,181,41,196,31,199,33,194,42,199,13,4827,156
1771721430,63,122,61,138,43,172,38,163,63,134,7,3984,92
1771721431,32,200,41,202,80,95,78,89,45,198,13,1040,150
1771721432,82,94,82,93,59,113,71,131,74,80,2,2160,23
1771721433,70,120,66,113,70,97,84,87,62,122,6,916,72
1771721434,25,221,31,215,52,145,62,136,18,217,16,2617,175
1771721435,69,125,62,117,30,204,27,205,57,133,6,5083,66
1771721436,71,108,65,103,55,134,57,128,64,117,5,2767,58
1771721437,48,192,45,180,48,153,44,173,35,190,12,3788,132
1771721438,77,78,79,81,44,171,36,174,86,65,1,4246,25
1771721439,63,135,67,144,58,130,57,135,54,131,7,2498,75
1771721440,23,229,22,229,34,207,35,192,21,215,16,5296,180
1771721441,55,154,52,151,86,81,88,71,47,141,9,410,116
1771721442,50,144,51,138,81,91,81,107,58,142,8,1136,95
1771721443,43,185,48,179,52,138,61,131,36,187,12,2615,149
1771721444,60,151,55,134,66,124,72,114,60,154,8,1905,90
1771721445,61,139,54,149,73,109,79,109,56,135,8,1266,98
1771721446,33,172,46,175,36,188,49,168,39,176,12,4387,150
1771721447,73,104,67,116,59,153,54,143,74,125,5,3144,71
1771721448,65,129,60,114,39,187,40,176,60,125,6,4549,84
1771721449,69,112,74,108,74,123,77,118,62,116,5,1753,67
1771721450,44,179,38,172,45,175,52,171,46,186,12,4016,134
1771721451,65,140,69,132,52,156,50,150,54,135,7,3062,88
1771721452,61,128,54,139,63,148,52,150,56,127,7,2914,93
1771721453,33,170,45,186,43,190,42,189,44,173,12,4916,130
1771721454,61,123,61,115,78,97,73,97,73,112,6,1143,74
1771721455,56,145,51,147,79,87,88,79,51,152,8,335,108
1771721456,56,154,52,154,46,153,53,153,50,156,9,3282,99
1771721457,37,179,34,184,88,70,91,78,45,185,12,234,134
1771721458,80,92,80,92,44,167,42,162,76,78,2,3685,39
1771721459,54,139,57,134,65,126,63,126,60,149,8,2245,103
1771721460,63,122,72,118,77,91,82,92,66,116,5,1144,70
1771721461,72,132,63,120,76,116,66,97,71,120,6,1425,78
1771721462,68,110,67,124,35,201,40,179,69,107,5,4804,55
1771721463,81,86,76,85,25,207,25,204,76,87,2,5622,26
1771721464,70,103,74,95,23,217,31,217,84,95,3,5811,35
1771721465,72,93,70,113,33,216,30,203,77,98,4,5605,54
1771721466,77,71,90,64,50,157,54,144,93,81,1,3244,10
1771721467,75,112,74,112,41,195,36,185,72,104,4,4567,59
1771721468,66,120,67,124,42,156,51,176,69,113,5,3755,68
1771721469,75,88,85,83,41,194,43,189,81,90,2,4874,35
1771721470,28,210,26,229,48,161,39,168,25,229,16,4092,178
1771721471,31,200,44,203,46,193,38,173,40,202,13,4531,153
1771721472,37,178,43,171,68,133,68,129,40,186,12,2211,145
1771721473,81,78,74,94,43,187,43,174,79,92,2,4285,26
1771721474,82,103,81,84,43,166,56,161,83,98,3,3452,34
1771721475,73,102,83,88,50,146,64,143,72,104,3,3018,50
1771721476,44,170,48,164,66,114,67,129,57,158,10,2109,119
1771721477,39,192,37,189,41,166,52,161,29,190,13,3762,157
1771721478,54,143,63,122,74,122,70,121,60,124,7,1929,94
1771721479,56,151,43,171,44,158,54,151,43,170,10,3683,122
1771721480,39,170,38,188,83,78,79,87,46,174,12,417,129
1771721481,26,214,30,221,71,100,70,99,27,208,16,1363,191
1771721482,87,86,75,76,74,100,65,106,76,91,2,1511,25
1771721483,89,77,81,67,33,178,38,188,92,78,1,4470,10
1771721484,55,151,59,136,30,214,34,193,60,148,8,5295,100
1771721485,45,193,41,193,70,90,75,92,39,178,12,1047,145
1771721486,69,110,66,107,68,113,67,107,72,124,5,1361,62
1771721487,78,70,82,75,73,89,73,102,92,73,1,1034,11
1771721488,80,92,80,85,30,200,44,189,81,97,3,4861,38
1771721489,80,79,76,88,57,119,56,131,77,96,2,2358,36
1771721490,37,190,35,186,82,89,72,86,43,188,12,958,136
1771721491,77,83,92,76,65,115,74,109,84,68,1,1622,13
1771721492,92,77,80,79,40,210,27,211,77,86,1,5189,28
1771721493,62,131,63,128,50,147,51,155,59,126,6,3498,82
1771721494,62,107,63,125,54,140,68,139,69,103,5,2584,67
1771721495,74,114,77,124,79,75,76,89,69,111,5,466,53
1771721496,55,148,54,151,66,115,76,109,53,136,8,1668,102
1771721497,74,99,79,102,31,187,40,182,81,97,4,4648,61
1771721498,43,163,41,162,68,99,76,114,49,173,11,1520,141
1771721499,36,194,32,179,58,139,61,150,41,188,13,2744,144
1771721500,65,125,62,104,63,109,75,116,64,123,5,1889,74
1771721501,55,173,55,165,75,96,73,87,50,156,10,618,119
1771721502,48,180,42,164,59,122,68,137,45,165,11,2472,138
1771721503,36,182,39,177,65,133,66,128,36,180,12,2071,143
1771721504,63,138,63,135,57,139,61,154,61,124,7,2994,79
1771721505,39,161,46,183,65,108,66,111,43,179,11,1990,138
1771721506,80,97,75,91,36,185,43,176,79,96,3,4653,46
1771721507,23,215,25,206,62,114,63,125,27,220,15,1794,184
1771721508,42,170,57,158,76,110,76,106,44,165,10,1664,109
1771721509,32,199,29,200,60,135,59,143,26,217,15,3008,173
1771721510,25,226,21,228,79,109,65,102,27,223,16,1414,181
1771721511,17,227,27,228,45,166,56,158,22,232,16,3659,188
1771721512,44,182,39,170,54,148,53,151,44,178,12,3166,147
1771721513,65,117,66,112,49,169,43,162,70,108,5,3943,60
1771721514,78,84,78,78,76,93,77,89,75,73,2,665,23
1771721515,62,106,68,107,30,228,34,227,66,112,5,5922,54
1771721516,69,103,74,98,36,192,31,184,74,98,4,4978,62
1771721517,21,213,22,217,44,168,41,179,35,203,15,4187,175
1771721518,41,160,51,173,87,87,83,75,48,174,11,683,128
1771721519,74,100,73,113,44,161,39,162,66,97,4,4042,42
1771721520,38,173,40,172,78,108,78,118,35,172,12,1596,143
1771721521,70,112,71,107,39,202,25,203,61,114,5,5401,67
1771721522,79,110,76,104,57,163,43,163,76,102,4,3610,45
1771721523,61,133,50,141,60,140,49,152,52,150,8,3062,103
1771721524,88,74,92,72,36,204,38,197,89,79,1,5287,20
1771721525,48,144,54,151,61,153,56,147,58,158,9,2993,120
1771721526,84,64,92,70,59,149,55,153,79,77,1,2938,17
1771721527,22,227,29,231,70,116,71,116,24,220,16,1427,181
1771721528,34,175,41,189,83,74,80,73,41,180,12,224,136
1771721529,37,183,41,183,47,167,44,171,39,172,12,3679,137
1771721530,68,127,61,126,73,107,64,110,55,138,7,1721,75
1771721531,46,174,43,181,45,160,44,176,37,190,12,4067,144
1771721532,62,116,58,134,49,173,47,164,69,115,6,4126,64
1771721533,64,115,77,115,66,136,57,121,75,113,5,2466,63
1771721534,66,117,73,113,53,164,43,159,70,120,5,3867,57
1771721535,60,123,61,143,39,197,40,188,67,136,7,4954,98
1771721536,60,127,60,138,42,198,31,193,66,141,7,5012,80
1771721537,57,122,53,138,35,195,37,206,54,135,7,5152,95
1771721538,65,153,53,147,37,172,38,172,63,136,8,4105,94
1771721539,65,140,67,128,78,102,68,115,59,122,7,1387,90
1771721540,55,141,57,135,49,156,51,178,60,143,7,3888,94
1771721541,45,142,60,145,29,188,34,181,48,159,9,4840,113
1771721542,89,87,88,74,71,114,74,116,75,81,2,1929,29
1771721543,49,155,56,173,36,194,44,193,47,157,10,4864,109
1771721544,78,93,70,110,32,203,34,203,74,102,4,5554,55
1771721545,83,101,81,94,56,133,57,123,83,92,3,2328,34
1771721546,39,196,31,180,27,213,26,209,40,183,13,5820,162
1771721547,37,190,34,179,28,206,27,193,35,179,12,5304,153
1771721548,57,139,63,133,29,191,42,190,58,127,7,5001,84
1771721549,56,164,47,166,67,136,66,129,47,156,10,2422,109
1771721550,61,116,72,129,78,91,82,105,59,129,6,1115,83
1771721551,55,160,47,153,65,117,69,111,48,159,10,1412,108
1771721552,44,189,45,180,48,160,53,156,33,176,12,3664,138
1771721553,50,156,51,161,47,171,46,179,51,153,10,4347,124
1771721554,77,80,82,85,45,167,56,149,74,85,2,3496,24
1771721555,27,212,32,224,30,217,25,223,33,231,16,5757,179
1771721556,59,144,62,133,59,133,61,141,60,139,7,2524,75
1771721557,61,153,50,149,75,104,77,109,64,154,8,1308,96
1771721558,42,184,38,182,34,184,45,183,44,193,12,4720,141
1771721559,40,172,38,190,40,171,42,171,42,189,12,4167,137
1771721560,65,140,55,140,57,143,55,134,62,143,8,2703,98
1771721561,42,170,51,169,41,177,47,166,44,154,10,4034,109
1771721562,43,177,34,170,68,128,69,118,42,186,12,2160,143
1771721563,48,171,48,170,24,212,31,202,48,180,11,5730,136
1771721564,50,148,46,145,36,207,35,209,46,150,9,5643,104
1771721565,91,66,91,76,44,167,49,179,84,73,1,3991,21
1771721566,88,95,87,87,82,92,69,104,81,85,2,1200,35
1771721567,54,142,57,152,82,72,89,77,51,163,9,479,100
1771721568,80,84,81,68,53,166,55,161,90,66,1,3779,20
1771721569,57,153,56,168,48,151,49,151,44,166,10,3325,108
1771721570,65,131,67,115,84,80,78,94,58,133,6,830,65
1771721571,53,148,52,153,56,137,63,121,64,132,8,2295,105
1771721572,23,231,24,221,47,160,45,176,20,228,16,3821,187
1771721573,63,143,62,139,72,110,62,108,56,148,8,1937,86
1771721574,49,159,48,160,33,187,41,200,42,169,10,4738,126
1771721575,87,74,87,73,47,170,43,159,82,96,2,3793,32
1771721576,36,181,44,189,52,168,43,177,39,179,12,4080,146
1771721577,37,161,40,169,36,189,33,190,45,170,11,4906,118
1771721578,48,171,53,168,70,129,60,117,41,168,10,2212,121
1771721579,49,143,55,153,80,78,88,81,53,160,9,653,115
1771721580,87,83,79,81,44,167,36,172,81,79,2,4252,25
1771721581,65,130,57,132,41,177,38,177,63,129,7,4400,92
1771721582,77,90,89,88,54,154,53,157,79,79,2,3068,35
1771721583,84,92,73,90,34,193,39,203,74,103,3,5067,49
1771721584,54,144,53,134,67,115,62,124,61,147,8,1947,90
1771721585,28,229,31,231,23,205,26,219,23,215,16,5841,185
1771721586,38,162,42,182,73,88,87,99,44,177,11,705,131
1771721587,71,123,69,109,79,92,74,97,72,107,5,778,71
1771721588,40,171,39,170,33,192,32,193,40,173,12,4858,140
1771721589,56,156,49,163,76,108,82,104,45,158,10,1105,128
1771721590,72,113,71,103,79,96,72,85,72,98,4,841,48
1771721591,52,152,50,143,70,97,82,94,57,149,9,1009,106
1771721592,40,180,35,176,83,76,79,69,37,175,12,400,148
1771721593,50,171,41,176,85,83,78,82,40,173,11,338,130
1771721594,32,200,32,199,49,160,53,168,44,191,13,3612,145
1771721595,63,123,61,134,58,130,73,115,68,133,6,2088,77
1771721596,45,147,45,147,66,132,64,112,55,152,9,2055,113
1771721597,53,150,50,138,72,105,62,125,58,140,8,1851,101
1771721598,78,76,80,68,49,169,52,160,90,68,1,4042,14
1771721599,63,133,58,112,86,92,79,84,66,115,6,830,66
1771721600,93,75,78,79,35,206,27,194,80,78,1,5310,11
1771721601,36,188,33,192,56,161,54,166,37,184,13,3643,152
1771721602,42,184,47,189,56,153,56,147,37,172,12,3463,150
1771721603,59,135,56,136,63,149,63,136,52,147,8,2772,105
1771721604,79,106,82,85,57,152,51,153,82,100,3,3267,51
1771721605,73,121,70,119,39,180,42,179,74,102,5,4777,54
1771721606,70,115,70,124,27,205,37,206,62,103,5,5079,74
1771721607,37,199,38,195,39,165,45,166,37,190,13,4258,153
1771721608,36,170,36,178,75,106,75,117,38,170,12,1673,146
1771721609,76,94,77,98,40,201,28,194,78,101,4,4996,59
1771721610,76,109,69,94,59,114,58,126,77,103,4,2064,63
1771721611,76,99,78,104,57,136,52,154,79,114,4,2897,42
1771721612,53,154,54,161,79,96,71,104,54,153,9,1054,112
1771721613,39,172,49,171,35,194,42,186,48,181,11,4790,122
1771721614,37,176,43,189,80,98,76,96,43,179,12,1228,130
1771721615,73,88,76,88,56,147,53,147,78,87,2,2962,43
1771721616,48,171,43,171,75,90,75,94,35,176,12,984,131
1771721617,48,160,50,156,61,144,62,133,52,169,10,2693,107
1771721618,32,195,30,186,43,152,52,158,33,194,13,3603,151
1771721619,71,132,69,112,23,204,32,198,71,124,6,5439,72
1771721620,67,103,77,110,82,93,67,90,78,96,4,1232,57
1771721621,67,110,67,107,85,96,81,81,65,116,5,889,74
1771721622,25,230,30,219,21,221,29,212,18,220,16,5943,178
1771721623,77,110,77,109,57,128,57,134,78,114,4,2557,51
1771721624,77,115,71,105,25,206,31,216,81,116,4,5920,57
1771721625,89,68,78,64,75,92,83,88,83,76,1,753,23
1771721626,63,145,58,134,41,187,40,189,61,144,8,4543,89
1771721627,38,172,49,189,83,70,76,89,47,179,12,366,141
1771721628,71,111,71,109,85,78,76,77,67,117,5,610,74
1771721629,63,133,68,134,63,102,67,102,67,133,6,1727,78
1771721630,83,104,73,98,69,108,69,103,77,98,3,1219,53
1771721631,40,204,40,203,44,163,51,167,28,199,14,3474,157
1771721632,44,171,47,169,29,217,28,199,45,156,10,5468,115
1771721633,81,84,80,83,52,162,46,165,85,91,2,3410,39
1771721634,91,84,79,85,85,70,80,87,80,82,1,270,19
1771721635,86,87,78,86,39,179,37,181,78,77,2,4466,35
1771721636,83,98,79,104,43,148,47,150,83,95,3,3548,35
1771721637,71,128,63,133,29,216,24,206,67,118,6,5542,67
1771721638,44,165,50,174,88,89,76,84,51,169,11,668,137
1771721639,46,183,40,177,75,95,81,95,38,176,12,1031,134
1771721640,28,212,35,190,48,188,37,181,40,192,14,4294,153
1771721641,70,123,69,115,54,138,68,123,65,121,6,2469,69
1771721642,25,201,36,199,78,87,80,79,26,193,14,264,172
1771721643,74,87,75,103,22,226,21,215,75,103,3,5916,51
1771721644,88,65,88,73,69,98,66,91,82,66,1,1312,31
1771721645,93,85,88,71,74,99,79,103,90,71,1,984,15
1771721646,53,176,43,174,76,86,78,94,51,164,11,557,121
1771721647,31,195,29,209,49,154,47,163,35,191,14,3425,164
1771721648,79,84,78,99,43,195,37,189,84,97,3,4605,42
1771721649,36,176,47,170,33,178,46,194,33,190,12,4640,134
1771721650,67,118,71,114,31,180,34,189,74,121,5,4779,75
1771721651,55,152,50,159,80,91,76,86,60,155,9,454,109
1771721652,75,87,74,98,70,105,72,128,83,82,3,1830,46
1771721653,50,159,56,162,81,75,75,81,57,153,9,437,109
1771721654,51,168,46,169,75,122,62,124,46,173,10,1987,112
1771721655,86,79,79,84,30,214,25,217,83,88,2,5549,41
1771721656,36,200,35,194,74,118,78,108,31,202,13,1534,161
1771721657,38,198,34,193,64,106,73,119,37,180,13,1710,158
1771721658,75,97,82,98,42,191,30,187,73,84,3,4886,49
1771721659,42,202,35,193,28,213,28,208,34,181,13,5346,144
1771721660,67,108,66,102,36,187,40,204,75,98,4,5054,56
1771721661,40,179,39,160,37,170,38,171,43,175,11,4133,129
1771721662,38,182,39,175,57,164,47,160,44,181,11,3472,128
1771721663,49,171,49,178,76,97,84,98,41,171,11,897,137
1771721664,41,171,44,156,44,169,48,175,50,152,10,4225,122
1771721665,29,209,40,212,78,83,90,75,37,195,14,383,156
1771721666,23,208,32,209,33,193,36,186,31,212,15,4860,185
1771721667,85,72,81,82,81,96,83,96,79,87,1,1092,30
1771721668,32,182,30,202,64,136,57,145,42,195,13,2917,141
1771721669,46,175,43,169,47,148,61,157,46,181,11,3080,129
1771721670,65,132,69,118,80,96,82,83,68,128,6,878,72
1771721671,47,165,55,155,39,202,27,196,55,172,10,5054,125
1771721672,47,165,55,170,29,203,29,199,48,169,10,4963,116
1771721673,46,176,38,168,62,116,76,126,42,167,11,1804,119
1771721674,69,139,57,130,50,166,41,161,60,127,7,3685,97
1771721675,62,128,71,128,58,129,64,137,59,132,6,2202,64
1771721676,38,170,41,182,41,179,39,176,43,177,12,4723,145
1771721677,79,83,78,86,57,146,51,141,92,65,1,3234,17
1771721678,77,94,76,83,66,144,52,146,78,98,3,2765,39
1771721679,44,196,40,188,48,155,50,147,34,194,13,3156,149
1771721680,30,194,42,190,43,191,44,180,33,188,13,4745,162
1771721681,75,99,71,89,28,205,35,201,73,83,3,5473,50
1771721682,52,146,54,148,47,153,53,176,59,145,8,3780,95
1771721683,37,172,34,189,42,175,36,178,36,176,12,4445,144
1771721684,38,182,34,187,49,167,48,158,45,191,12,3742,149
1771721685,36,187,46,179,31,189,44,187,49,174,12,4924,152
1771721686,46,169,48,176,57,145,49,158,52,177,11,3264,129
1771721687,35,193,39,197,29,215,31,207,28,194,14,5540,158
1771721688,41,172,39,174,62,137,57,146,47,170,12,2977,144
1771721689,76,92,69,96,79,95,66,99,73,94,3,1434,43
1771721690,21,220,21,216,67,116,65,96,35,219,15,1446,162
1771721691,64,150,62,145,69,105,73,110,55,147,8,1456,97
1771721692,78,95,65,95,43,167,38,166,68,111,4,3938,62
1771721693,28,193,26,201,38,188,44,192,28,196,14,4735,173
1771721694,37,200,42,194,63,109,64,117,31,188,13,1649,146
1771721695,73,114,65,106,25,218,36,200,72,120,5,5489,57
1771721696,68,104,72,111,61,147,61,154,70,96,4,3224,58
1771721697,77,87,81,97,66,103,79,117,73,105,3,1390,33
1771721698,72,109,67,100,48,165,38,167,78,106,4,4260,63
1771721699,63,112,73,112,82,84,85,67,66,129,6,272,68
1771721700,64,130,65,139,59,150,50,159,67,141,7,3259,97
1771721701,48,162,45,178,83,82,81,93,43,169,11,544,125
1771721702,76,110,70,116,36,181,38,197,72,92,4,4910,55
1771721703,39,171,41,174,74,94,69,91,38,179,11,1034,133
1771721704,34,173,47,190,82,71,87,91,48,174,12,391,130
1771721705,51,164,46,146,47,146,47,160,53,156,9,3181,105
1771721706,35,178,35,173,68,93,67,89,36,173,12,1172,152
1771721707,55,131,57,141,82,90,78,99,68,130,7,1173,76
1771721708,55,145,66,128,34,188,35,181,63,132,7,4768,84
1771721709,66,120,69,117,74,87,71,96,71,113,6,1085,77
1771721710,42,200,45,193,41,171,48,168,35,193,13,4006,157
1771721711,76,75,81,77,52,149,44,147,88,90,2,3396,34
1771721712,69,102,79,93,43,184,36,183,83,85,3,4552,37
1771721713,74,123,68,109,60,123,63,118,61,114,5,2203,72
1771721714,34,192,36,184,47,160,48,146,34,188,13,3393,151
1771721715,84,102,72,83,69,91,70,101,73,105,3,1017,36
1771721716,46,159,48,157,82,72,85,67,45,158,10,365,117
1771721717,46,179,42,175,36,202,30,201,48,176,12,5580,129
1771721718,67,105,63,106,58,117,72,110,70,114,5,2038,70
1771721719,47,161,46,151,28,221,31,206,47,155,10,5799,118
1771721720,23,204,26,205,73,103,71,99,35,208,15,1358,185
1771721721,57,121,57,128,61,130,58,123,56,127,7,2493,96
1771721722,82,106,81,99,30,222,26,228,71,83,3,5850,41
1771721723,45,182,47,188,29,195,32,191,35,175,12,4988,146
1771721724,40,207,29,190,56,159,53,150,35,193,14,3569,162
1771721725,65,135,61,117,31,191,35,210,69,122,6,5186,75
1771721726,41,189,45,182,31,196,37,189,39,185,12,4783,131
1771721727,72,120,77,116,82,86,68,108,74,116,5,1064,61
1771721728,52,174,53,168,56,141,54,147,51,173,11,3035,142
1771721729,67,100,74,110,41,161,43,159,78,98,4,3931,56
1771721730,50,162,53,166,50,156,49,151,46,177,11,3173,133
1771721731,33,177,40,182,75,99,76,106,38,175,12,1367,138
1771721732,88,88,74,90,69,99,76,101,87,90,2,1194,32
1771721733,42,162,44,173,53,148,60,148,46,154,10,2667,110
1771721734,64,127,68,135,83,92,82,98,72,121,6,730,65
1771721735,65,125,64,120,70,123,58,116,69,108,5,2001,72
1771721736,37,192,34,180,65,127,54,134,45,198,13,2432,145
1771721737,80,107,74,110,64,137,57,150,70,103,4,2729,44
1771721738,57,139,67,125,40,199,36,200,59,141,7,5239,76
1771721739,68,133,55,141,68,134,61,114,60,138,7,2191,92
1771721740,80,73,88,88,52,172,54,158,74,85,2,3828,35
1771721741,59,122,68,144,74,107,76,102,64,134,7,1291,77
1771721742,29,194,33,204,31,185,34,180,33,194,14,4790,159
1771721743,45,170,47,173,41,203,30,204,50,162,10,5046,108
1771721744,41,187,43,171,55,172,55,157,42,191,12,3646,140
1771721745,74,108,66,109,51,143,53,160,67,109,4,3238,55
1771721746,41,170,57,154,69,103,80,101,46,169,10,1436,123
1771721747,79,92,78,73,46,159,42,160,89,85,2,3959,35
1771721748,65,103,73,96,33,183,45,176,70,98,4,4447,45
1771721749,92,81,78,76,74,113,63,104,81,82,1,1625,12
1771721750,78,87,75,88,42,180,38,170,80,86,3,3984,53
1771721751,63,148,63,153,33,190,32,190,50,139,8,4791,102
1771721752,31,185,43,192,77,83,75,82,42,181,13,801,153
1771721753,42,174,36,188,74,101,65,113,40,178,12,1401,148
1771721754,45,169,48,156,75,93,79,93,54,152,10,490,113
1771721755,41,171,45,173,35,188,42,182,44,160,11,4457,128
1771721756,81,91,79,89,40,186,32,191,81,94,2,4710,28
1771721757,33,212,30,212,77,89,82,91,26,215,16,484,177
1771721758,71,87,78,98,64,101,72,116,84,84,3,1559,48
1771721759,68,124,65,121,73,107,70,124,73,105,5,1783,64
1771721760,24,212,31,219,57,127,60,135,23,209,15,2457,163
1771721761,74,95,83,93,42,177,40,172,74,99,3,4131,41
1771721762,49,147,59,151,83,96,79,97,54,148,9,599,110
1771721763,93,73,88,80,57,143,53,137,92,74,1,2611,12
1771721764,83,91,77,81,80,92,80,85,73,95,2,928,38
1771721765,84,88,82,101,46,181,39,176,85,97,3,3980,45
1771721766,78,85,75,87,33,197,28,199,71,89,3,5268,51
1771721767,91,74,88,68,83,106,78,100,80,74,1,1033,25
1771721768,67,107,70,105,54,128,51,137,69,104,5,2808,58
1771721769,42,191,42,181,66,119,70,119,38,184,12,2144,151
1771721770,85,88,86,73,45,176,37,195,77,92,2,4687,42
1771721771,79,99,84,85,60,137,56,139,70,86,3,2338,43
1771721772,92,85,82,63,50,173,47,188,81,85,1,4345,29
1771721773,37,183,37,189,37,181,34,193,34,201,13,4837,156
1771721774,62,107,75,106,49,167,55,161,67,124,5,3807,58
1771721775,46,160,53,171,50,163,52,167,51,165,10,4020,113
1771721776,66,114,77,111,41,186,36,181,64,104,5,4660,72
1771721777,26,204,26,199,52,158,42,175,30,212,14,3810,169
1771721778,84,78,79,80,57,132,52,124,79,81,2,2600,30
1771721779,55,122,57,135,59,158,50,154,65,145,7,3262,78
1771721780,79,86,86,83,59,122,66,120,79,64,1,2251,17
1771721781,62,146,61,141,49,173,42,167,57,152,8,3817,107
1771721782,63,146,59,134,74,79,82,82,58,144,8,838,99
1771721783,53,131,56,130,44,159,53,165,65,129,7,3820,81
1771721784,62,153,62,146,83,107,73,90,59,135,8,1002,109
1771721785,37,184,39,200,45,177,47,180,37,197,13,4490,146
1771721786,38,166,44,170,30,207,41,190,47,162,11,5123,141
1771721787,71,106,70,125,77,101,68,113,65,105,5,1282,60
1771721788,41,176,47,172,36,180,40,164,42,174,12,4217,141
1771721789,41,173,53,166,60,126,53,121,52,151,10,2499,114
1771721790,62,121,58,123,50,152,47,156,60,123,6,3554,85
1771721791,33,177,39,181,64,135,63,132,38,185,12,2168,150
1771721792,53,136,49,142,74,89,68,94,56,154,8,1132,85
1771721793,41,181,39,174,57,151,53,144,35,180,12,3197,130
1771721794,81,109,66,95,53,173,51,157,71,114,4,3821,42
1771721795,61,128,72,134,63,131,67,111,58,131,6,2031,71
1771721796,42,160,42,156,44,148,52,150,48,173,10,3492,113
1771721797,80,80,80,63,71,106,74,109,87,85,1,1202,19
1771721798,75,109,61,103,73,116,73,107,64,118,5,1715,58
1771721799,70,103,76,111,50,163,53,160,75,110,4,3250,63
1771721800,76,121,73,104,39,208,37,196,62,119,5,5138,72
1771721801,71,99,77,114,59,151,52,162,79,93,4,3440,45
1771721802,76,126,66,116,20,220,26,218,76,103,5,5680,74
1771721803,72,100,72,115,48,157,48,156,71,98,4,3030,47
1771721804,80,85,78,76,44,164,54,155,84,91,2,3875,39
1771721805,58,124,72,130,83,86,78,87,58,127,6,783,67
1771721806,48,156,47,145,47,175,46,171,46,157,9,4129,100
1771721807,44,159,41,157,49,150,54,154,47,153,10,3135,119
1771721808,89,83,83,66,71,99,75,90,88,85,1,1126,20
1771721809,42,173,57,157,68,129,58,128,55,166,10,2374,116
1771721810,24,232,26,227,79,74,82,72,17,217,16,538,190
1771721811,43,181,45,183,69,122,73,118,40,193,12,2132,140
1771721812,47,164,41,168,83,72,79,72,38,175,11,404,134
1771721813,48,184,41,191,40,189,29,199,45,189,12,5201,146
1771721814,65,135,59,116,63,143,61,146,72,126,6,2665,79
1771721815,71,96,79,116,56,157,45,158,78,102,4,3264,62
1771721816,64,106,71,113,68,142,58,141,62,124,5,2537,55
1771721817,75,99,70,106,78,90,80,93,73,111,4,896,41
1771721818,82,96,71,96,44,195,40,190,76,106,3,4899,38
1771721819,35,192,40,195,27,200,29,215,43,194,13,5608,153
1771721820,34,179,37,175,65,110,70,117,36,193,12,1513,130
1771721821,53,174,47,167,53,148,67,144,43,165,11,2666,118
1771721822,58,152,47,163,85,84,90,88,56,154,9,248,102
1771721823,58,132,51,136,53,169,50,169,62,151,8,3795,87
1771721824,75,89,77,97,79,93,79,105,72,91,3,1249,46
1771721825,54,174,49,172,39,185,43,180,46,158,10,4657,110
1771721826,70,98,78,104,31,213,25,203,65,97,4,5492,55
1771721827,30,213,36,189,40,170,41,184,29,196,14,4266,174
1771721828,24,208,27,207,59,114,64,122,36,203,15,2162,162
1771721829,36,197,32,190,42,180,43,188,30,199,13,4806,154
1771721830,38,199,40,212,27,205,25,220,36,195,14,5698,171
1771721831,79,92,76,92,31,203,33,219,83,96,2,5709,22
1771721832,59,151,52,144,55,153,55,156,48,153,9,3073,115
1771721833,41,186,33,192,78,111,68,120,37,180,13,1542,147
1771721834,55,155,55,149,43,161,52,153,49,163,9,3770,102
1771721835,61,135,56,143,69,99,77,90,55,135,8,1162,106
1771721836,52,162,46,159,34,186,40,203,48,151,10,5035,125
1771721837,78,92,78,86,66,122,71,108,73,75,2,1629,35
1771721838,82,84,80,83,73,88,83,93,78,83,2,671,31
1771721839,36,195,33,208,80,79,86,83,35,191,14,541,173
1771721840,75,92,72,87,88,85,80,82,82,94,3,523,39
1771721841,64,152,49,147,43,187,42,184,54,148,8,4614,87
1771721842,52,155,54,170,34,194,37,180,56,157,10,4496,118
1771721843,31,179,43,189,75,98,76,82,45,181,13,937,164
1771721844,50,151,50,148,53,144,57,133,51,140,8,2982,88
1771721845,32,215,24,206,63,137,62,128,23,220,15,2653,168
1771721846,63,120,66,122,34,174,35,181,64,112,5,4578,69
1771721847,49,149,46,149,67,102,75,108,48,149,9,1416,97
1771721848,54,173,48,158,41,172,52,168,52,166,10,4086,119
1771721849,29,193,42,185,47,163,47,173,44,200,13,3987,148
1771721850,74,96,70,105,86,91,84,96,76,86,3,808,47
1771721851,59,145,56,160,35,201,26,219,54,150,9,5632,102
1771721852,31,180,36,196,41,172,41,173,32,189,13,3706,148
1771721853,37,173,37,175,57,147,60,153,49,187,12,3027,135
1771721854,44,167,52,175,77,88,75,97,44,165,11,904,130
1771721855,28,198,40,199,32,199,28,188,32,202,14,5078,165
1771721856,43,195,45,188,80,110,67,99,36,189,13,1301,151
1771721857,51,145,52,147,44,174,48,174,59,155,9,4302,106
1771721858,82,74,83,70,40,157,54,155,92,79,1,3822,16
1771721859,66,132,62,138,77,84,79,90,59,135,7,623,88
1771721860,63,135,58,143,72,114,59,118,57,131,8,1998,96
1771721861,90,79,84,72,39,191,39,201,83,80,1,5096,11
1771721862,64,117,77,115,87,86,74,87,73,102,5,640,69
1771721863,78,93,75,87,57,149,57,159,82,98,3,3219,34
1771721864,46,162,57,165,52,148,66,152,49,161,10,2845,111
1771721865,57,147,49,135,65,123,74,127,58,140,8,1951,107
1771721866,78,92,74,80,67,122,70,116,75,76,2,2250,20
1771721867,91,83,88,75,58,130,64,140,81,65,1,2369,31
1771721868,37,183,44,188,59,149,48,159,30,196,13,3378,151
1771721869,80,86,90,81,40,166,48,159,78,80,1,3761,21
1771721870,44,163,46,172,81,83,78,84,42,161,10,727,110
1771721871,73,115,70,93,82,98,73,101,79,110,4,1189,61
1771721872,55,137,55,125,41,189,41,187,56,139,7,4678,84
1771721873,48,163,40,183,71,93,74,89,51,181,11,896,127
1771721874,81,103,80,103,60,122,55,138,75,84,3,2512,48
1771721875,33,205,36,199,52,132,64,138,26,209,14,2716,164
1771721876,51,143,53,149,62,145,56,131,49,147,9,2711,116
1771721877,82,86,87,87,77,74,88,79,85,74,2,650,22
1771721878,62,147,59,137,65,125,54,143,49,140,8,2549,104
1771721879,75,96,79,80,86,76,86,98,79,86,2,637,29
1771721880,76,86,79,82,58,119,71,131,89,84,2,2123,22
1771721881,54,160,46,152,63,113,68,120,43,153,10,2000,108
1771721882,72,133,69,133,40,178,47,174,58,132,6,4278,80
1771721883,71,132,72,112,83,94,73,93,67,132,6,963,67
1771721884,53,135,62,134,35,209,38,200,56,136,8,5209,105
1771721885,47,164,49,178,57,129,55,133,52,165,11,2637,126
1771721886,44,172,54,155,43,177,46,174,57,167,10,4449,123
1771721887,73,93,82,85,31,185,28,198,82,88,3,5058,44
1771721888,61,122,58,122,82,80,78,80,68,139,7,686,84
1771721889,44,190,33,175,75,112,66,95,45,172,12,1305,134
1771721890,81,84,82,75,40,198,30,198,86,90,2,5220,28
1771721891,54,172,44,160,81,93,76,88,49,171,10,782,127
1771721892,63,137,57,132,83,100,84,96,65,142,7,792,84
1771721893,81,86,81,68,27,208,30,213,86,80,1,5426,22
1771721894,80,104,71,97,26,192,38,204,66,95,4,5101,45
1771721895,64,119,68,119,81,90,84,100,61,103,5,725,75
1771721896,88,67,84,63,34,188,46,184,91,75,1,4661,30
1771721897,83,89,75,97,78,100,76,97,79,92,3,853,43
1771721898,75,108,68,111,85,90,70,95,68,114,4,897,58
1771721899,79,105,68,113,71,99,66,102,76,113,4,1300,57
1771721900,80,78,75,80,36,186,48,188,88,82,2,4519,28
1771721901,29,200,25,211,64,99,78,106,37,221,15,1573,172
1771721902,35,169,49,190,39,165,48,164,33,185,12,3955,141
1771721903,76,76,78,77,41,180,34,188,77,83,2,4465,21
1771721904,32,223,26,216,54,145,60,143,32,222,16,3019,194
1771721905,60,130,71,130,47,183,37,163,71,135,6,4052,72
1771721906,34,184,37,184,56,152,45,154,37,187,13,3512,160
1771721907,51,155,55,149,33,174,45,187,58,155,8,4575,100
1771721908,51,143,59,149,38,181,39,175,57,140,8,4628,107
1771721909,50,161,48,154,69,105,77,97,46,146,9,1068,97
1771721910,34,217,31,221,57,165,55,167,26,211,15,3712,168
1771721911,66,130,59,126,58,128,70,123,59,124,6,2260,83
1771721912,81,97,73,92,67,132,61,140,81,92,3,2455,35
1771721913,49,160,55,173,33,182,32,181,57,154,10,4753,112
1771721914,38,200,27,199,35,197,24,209,32,200,14,5543,162
1771721915,75,106,74,99,81,93,73,98,70,101,3,854,50
1771721916,43,188,38,184,36,198,31,186,34,186,13,4814,143
1771721917,46,193,46,179,67,106,79,115,35,173,12,1405,146
1771721918,86,79,79,77,71,85,75,93,85,93,2,954,27
1771721919,41,202,45,190,54,127,53,131,39,184,13,2559,148
1771721920,23,215,27,215,44,170,42,187,24,219,16,4243,196
1771721921,77,82,86,86,47,166,45,167,85,69,1,3711,31
1771721922,29,206,29,191,54,155,58,156,29,196,14,3470,160
1771721923,52,173,42,157,69,100,70,108,55,160,10,1525,121
1771721924,48,175,53,171,66,120,67,128,38,163,11,2302,125
1771721925,49,178,48,176,66,131,71,114,38,180,12,2013,137
1771721926,85,72,92,68,75,119,70,123,84,76,1,1739,19
1771721927,45,174,43,173,83,102,76,96,45,188,12,1062,153
1771721928,39,163,51,180,42,181,42,168,51,181,11,4274,138
1771721929,48,171,48,167,38,170,40,161,48,168,10,4061,122
1771721930,43,173,47,178,78,87,86,93,48,177,12,690,142
1771721931,36,180,43,170,34,193,39,190,36,172,12,5056,144
1771721932,21,218,35,218,51,156,53,156,23,209,15,3413,178
1771721933,79,114,72,99,25,205,26,227,79,94,4,5854,50
1771721934,72,94,72,115,48,141,58,138,71,96,4,3075,58
1771721935,43,193,29,180,27,215,24,217,43,197,13,5462,150
1771721936,68,134,58,130,33,205,34,194,62,121,6,5247,81
1771721937,39,179,32,180,46,174,45,184,42,193,13,4181,149
1771721938,39,163,46,170,62,132,63,151,46,169,11,2744,138
1771721939,47,150,48,164,63,151,60,138,49,148,9,2808,120
1771721940,74,110,63,117,60,146,64,140,66,118,5,2768,74
1771721941,51,169,47,171,39,184,35,194,46,166,11,4771,131
1771721942,68,137,56,138,58,153,58,131,56,140,7,2916,85
1771721943,34,185,38,188,54,148,54,155,45,201,13,3248,158
1771721944,44,186,36,190,59,133,52,150,35,188,13,2900,153
1771721945,49,141,48,153,68,129,66,132,56,149,9,2242,108
1771721946,85,93,79,93,41,204,35,193,82,83,2,4918,27
1771721947,70,126,72,131,80,99,72,84,72,127,6,918,86
1771721948,64,140,50,153,65,104,63,111,62,137,8,1826,103
1771721949,41,191,47,189,55,172,47,172,37,170,12,3720,144
1771721950,42,184,45,188,57,158,50,150,35,189,12,3297,139
1771721951,47,149,57,158,60,142,47,151,59,160,9,3140,101
1771721952,44,183,44,183,63,149,57,139,43,168,11,2702,126
1771721953,79,102,68,105,69,119,70,112,65,113,4,1652,47
1771721954,22,215,21,227,42,186,35,190,18,209,16,4523,181
1771721955,42,192,41,173,43,188,36,181,36,185,12,4506,143
1771721956,51,158,47,160,79,96,79,97,53,143,9,1014,113
1771721957,48,148,52,162,66,112,68,115,50,148,9,1930,98
1771721958,78,103,83,97,40,163,39,164,83,99,3,3986,37
1771721959,47,179,43,170,36,196,34,201,37,190,12,4803,146
1771721960,81,85,81,63,39,198,29,199,80,85,1,4953,19
1771721961,45,171,52,169,58,135,59,141,46,168,10,2682,123
1771721962,70,114,65,118,77,104,76,113,70,127,6,1390,70
1771721963,82,83,75,97,75,106,68,104,77,85,3,1208,33
1771721964,64,125,72,110,76,98,76,99,72,107,5,1003,71
1771721965,44,198,37,185,52,125,64,125,37,189,13,2635,150
1771721966,42,190,31,182,46,167,41,167,31,200,13,4094,161
1771721967,32,199,39,191,48,171,41,175,38,187,13,4190,159
1771721968,52,161,61,145,69,113,68,96,59,146,9,1368,102
1771721969,41,152,51,164,87,80,87,79,44,161,10,238,125
1771721970,66,102,76,107,77,95,66,108,80,107,4,1228,60
1771721971,48,187,39,172,58,146,59,150,48,174,12,3062,153
1771721972,30,190,33,195,83,82,91,81,42,187,13,228,159
1771721973,81,87,79,105,80,78,91,70,74,100,3,300,44
1771721974,83,76,87,77,66,101,73,110,77,89,2,1722,29
1771721975,39,185,30,202,34,188,29,194,30,198,13,4889,159
1771721976,34,196,41,179,39,194,41,194,30,195,13,4543,157
1771721977,32,197,44,192,38,173,51,179,29,194,13,3992,148
1771721978,73,123,77,109,79,75,78,76,70,106,5,497,67
1771721979,39,183,49,178,61,134,60,135,36,189,12,2951,150
1771721980,68,117,67,106,31,214,27,211,75,121,5,5921,58
1771721981,61,138,54,126,55,159,49,151,54,126,7,3494,89
1771721982,60,128,55,144,37,175,35,185,55,138,7,4409,80
1771721983,86,81,88,74,85,81,84,98,81,91,2,788,29
1771721984,77,121,65,116,34,221,28,203,72,121,5,5779,59
1771721985,43,178,46,181,84,93,85,79,47,169,11,580,140
1771721986,67,124,60,131,52,164,40,165,59,118,6,4160,83
1771721987,78,84,79,102,93,68,86,64,78,87,3,206,40
1771721988,83,89,73,103,79,94,82,100,83,96,3,1056,38
1771721989,35,171,43,184,32,202,38,194,48,170,12,4907,143
1771721990,79,87,83,84,73,101,76,119,91,70,1,1557,10
1771721991,71,116,70,112,79,103,77,88,68,123,5,895,62
1771721992,56,141,56,138,32,197,31,196,58,128,7,4820,77
1771721993,89,84,80,85,88,77,82,87,78,86,1,276,11
1771721994,41,173,43,193,39,185,34,175,48,175,12,4662,130
1771721995,46,161,44,155,42,182,43,178,51,159,10,4116,116
1771721996,63,151,64,152,61,116,62,118,51,148,8,1795,100
1771721997,29,230,26,220,57,157,45,171,32,216,16,3605,191
1771721998,51,161,43,171,77,118,71,100,45,172,11,1542,139
1771721999,57,156,48,147,60,154,52,163,51,162,9,3379,115
1771722000,85,66,86,68,77,79,79,71,90,82,1,447,11
1771722001,58,127,61,115,41,209,35,202,70,113,6,5111,76
1771722002,59,145,56,143,92,66,77,88,51,148,8,232,91
1771722003,26,228,30,213,49,159,55,162,25,229,16,3555,188
1771722004,47,170,42,174,57,132,60,117,43,185,12,2205,149
1771722005,32,231,18,209,63,113,66,127,30,227,16,2126,180
1771722006,67,126,63,125,78,97,75,87,70,116,6,1069,64
1771722007,57,144,46,148,37,184,43,190,60,153,9,4934,111
1771722008,81,95,85,94,59,148,57,140,78,86,2,3034,32
1771722009,77,89,77,96,36,206,35,193,83,75,2,5000,29
1771722010,34,173,46,179,42,183,50,170,39,180,12,4121,140
1771722011,57,123,59,118,45,170,35,182,69,127,6,4398,79
1771722012,64,144,51,145,28,209,23,215,63,133,8,5660,102
1771722013,79,89,87,90,45,176,55,162,76,96,2,3767,34
1771722014,39,186,49,178,42,186,32,193,42,171,12,4878,145
1771722015,30,223,22,230,48,175,49,180,30,228,16,4328,174
1771722016,70,86,69,104,46,183,36,173,79,90,3,4260,45
1771722017,39,176,37,172,83,86,72,107,44,193,12,1058,147
1771722018,55,149,56,164,73,83,76,89,47,164,9,894,102
1771722019,42,185,34,171,62,103,63,126,37,190,12,1790,145
1771722020,61,164,61,148,33,190,46,183,55,152,9,4701,104
1771722021,67,139,58,127,38,180,36,188,57,137,7,4846,93
1771722022,79,102,74,85,51,148,53,159,81,86,3,3408,49
1771722023,37,172,42,176,59,152,62,142,41,185,12,3149,132
1771722024,58,135,58,142,26,205,24,199,53,143,7,5550,89
1771722025,55,144,48,159,75,86,77,83,48,147,9,581,118
1771722026,28,224,22,220,69,129,63,117,17,221,16,1966,181
1771722027,67,126,68,132,45,182,35,187,63,131,7,4669,80
1771722028,22,214,30,224,63,135,69,141,24,219,16,2502,177
1771722029,53,163,52,149,28,185,35,194,48,151,9,4987,118
1771722030,42,169,42,176,53,146,49,153,47,177,11,3431,126
1771722031,31,204,39,203,39,198,39,207,26,206,14,5124,155
1771722032,34,206,26,200,32,220,27,222,31,207,15,5991,168
1771722033,63,132,52,152,27,194,38,198,55,141,8,5388,105
1771722034,87,75,87,84,37,178,49,163,82,87,2,4122,32
1771722035,38,170,52,177,37,163,42,170,40,160,11,4057,137
1771722036,59,143,61,132,68,119,66,102,65,145,7,1678,91
1771722037,58,159,48,147,51,146,59,151,48,146,9,2799,114
1771722038,38,201,40,189,26,216,24,196,37,180,13,5369,159
1771722039,35,201,37,193,34,190,41,183,31,193,14,4983,158
1771722040,66,120,70,122,25,213,31,217,71,134,6,5891,75
1771722041,47,180,45,160,36,196,32,194,47,166,11,5405,139
1771722042,85,93,80,85,38,201,33,199,84,80,2,4960,30
1771722043,73,102,84,103,36,202,37,194,84,94,3,5319,38
1771722044,72,95,66,110,41,168,41,160,73,110,4,3770,47
1771722045,40,184,42,185,35,191,41,198,29,193,13,4799,158
1771722046,22,214,18,232,54,148,48,164,25,212,16,3523,187
1771722047,46,154,46,162,73,109,76,106,52,141,9,1212,97
1771722048,63,114,59,127,50,148,47,154,59,117,6,3231,86
1771722049,41,197,44,200,43,188,33,183,40,203,13,4507,159
1771722050,89,78,82,79,80,81,80,79,86,84,2,445,21
1771722051,44,163,37,178,76,82,81,75,44,179,11,451,140
1771722052,79,109,78,115,52,169,44,162,65,95,4,4124,52
1771722053,44,162,50,173,37,197,35,201,51,164,10,5134,110
1771722054,79,108,79,105,76,116,65,108,77,113,4,1420,46
1771722055,26,227,29,224,60,126,57,138,21,220,16,2428,175
1771722056,80,103,73,84,59,145,57,153,71,98,3,3365,51
1771722057,68,142,63,130,39,202,30,210,55,144,7,5385,89
1771722058,68,92,69,116,38,198,39,193,65,105,4,4854,60
1771722059,61,134,57,152,66,130,71,125,59,149,8,2029,89
1771722060,35,190,35,185,77,76,92,78,40,187,12,315,147
1771722061,45,162,53,154,73,116,72,121,54,159,10,2109,125
1771722062,91,73,91,79,42,169,51,161,89,64,1,4026,10
1771722063,54,145,66,140,62,125,55,135,58,143,7,2446,90
1771722064,51,174,44,162,29,195,39,194,41,179,11,4826,123
1771722065,60,146,49,146,46,176,43,169,47,156,9,4113,104
1771722066,59,138,65,142,47,166,40,182,65,142,7,4116,90
1771722067,43,157,46,165,87,85,88,84,45,151,10,258,114
1771722068,77,105,75,97,72,91,85,92,77,94,4,724,60
1771722069,43,165,52,165,78,99,77,105,50,165,10,1152,108
1771722070,47,155,54,154,31,206,29,203,50,151,10,5065,124
1771722071,39,174,36,185,48,172,40,179,33,178,12,4354,138
1771722072,33,189,34,181,64,122,60,140,30,190,13,2512,159
1771722073,63,124,76,112,58,136,64,154,71,113,5,2870,64
1771722074,79,86,78,76,37,205,31,198,86,93,2,5104,35
1771722075,71,109,67,113,78,94,71,97,74,96,4,969,43
1771722076,22,212,33,220,61,150,56,150,23,200,15,3111,177
1771722077,53,133,57,134,75,119,76,120,65,135,8,1814,89
1771722078,52,146,51,152,51,147,57,162,57,159,9,3326,114
1771722079,38,187,32,182,73,97,72,97,42,203,13,1000,146
1771722080,61,121,71,121,61,129,63,128,58,132,6,1920,67
1771722081,26,210,29,208,56,149,46,156,30,212,16,3379,190
1771722082,42,191,33,200,44,204,39,183,42,184,13,4881,144
1771722083,51,179,42,161,82,96,81,102,45,179,11,958,128
1771722084,26,218,22,217,53,135,63,129,29,219,15,2677,167
1771722085,67,135,72,121,69,91,77,102,67,114,6,1143,84
1771722086,52,160,50,173,89,86,76,89,48,165,10,494,126
1771722087,38,202,30,202,43,179,43,168,41,192,13,4262,159
1771722088,63,115,60,122,66,127,60,130,62,118,6,2007,79
1771722089,75,93,88,87,28,195,26,193,73,89,2,5108,23
1771722090,54,154,47,152,50,144,53,144,45,163,9,3069,114
1771722091,79,85,83,88,47,166,50,184,77,87,3,4239,35
1771722092,81,82,83,92,36,223,30,220,89,90,2,5642,39
1771722093,45,189,38,178,30,228,34,208,49,184,12,5844,138
1771722094,44,179,33,180,62,132,64,127,42,196,13,2084,147
1771722095,74,111,68,102,58,137,61,130,77,111,4,2877,47
1771722096,54,151,58,152,31,200,40,204,50,131,8,5058,106
1771722097,78,83,84,84,68,111,79,104,75,85,2,1248,24
1771722098,38,178,47,184,57,172,52,160,40,190,12,3644,143
1771722099,37,177,36,173,70,94,79,94,49,183,12,1056,143
1771722100,43,172,39,162,62,126,65,126,44,183,11,2293,132
1771722101,72,133,59,125,75,91,82,93,62,122,6,794,73
1771722102,58,118,59,112,34,194,29,210,64,121,6,5249,82
1771722103,77,101,68,104,73,90,80,88,73,92,4,894,43
1771722104,69,103,71,95,70,135,66,130,70,105,4,2377,58
1771722105,53,137,64,137,76,77,82,99,61,139,8,748,89
1771722106,65,94,77,109,82,96,74,94,74,114,4,596,54
1771722107,74,95,84,97,33,215,32,203,77,102,3,5533,34
1771722108,42,183,29,195,48,169,40,163,30,183,13,3762,160
1771722109,31,187,38,186,42,154,42,171,36,187,13,3782,150
1771722110,75,114,77,109,83,74,78,92,71,92,4,467,58
1771722111,73,74,89,78,32,197,38,190,89,92,2,4787,33
1771722112,59,125,55,128,76,112,78,99,65,130,7,1233,91
1771722113,71,114,57,129,84,90,75,77,61,122,6,572,64
1771722114,35,190,39,171,60,158,61,151,34,174,12,3121,138
1771722115,50,135,54,140,62,129,63,140,61,151,8,2398,100
1771722116,70,121,61,131,65,100,72,98,58,115,6,1548,87
1771722117,79,93,81,101,68,115,64,114,80,101,3,1860,54
1771722118,46,170,49,169,68,102,70,112,44,168,11,1426,123
1771722119,90,71,89,82,75,114,69,119,90,75,1,1768,31
1771722120,69,115,73,121,23,212,35,211,72,117,6,5536,66
1771722121,58,155,54,145,62,137,63,132,59,159,9,2778,97
1771722122,43,174,46,162,34,195,37,210,49,164,11,5272,137
1771722123,58,130,63,129,84,92,87,84,66,134,7,675,93
1771722124,33,198,31,196,40,187,46,177,33,188,13,4522,142
1771722125,69,127,61,132,66,134,58,135,72,119,6,2643,84
1771722126,49,164,50,173,49,155,53,137,46,169,11,3101,120
1771722127,62,132,54,152,33,178,40,197,57,143,8,4738,96
1771722128,69,109,63,123,91,76,84,82,66,114,5,246,66
1771722129,63,121,64,124,38,195,45,187,58,118,6,4602,85
1771722130,33,195,39,202,66,95,66,102,44,199,13,1435,145
1771722131,73,94,68,110,60,143,60,163,73,113,4,3361,43
1771722132,59,148,53,147,47,190,39,177,56,149,9,4389,111
1771722133,48,181,51,168,85,76,90,71,52,165,11,226,134
1771722134,54,133,66,144,66,119,65,115,61,143,7,2109,79
1771722135,62,132,71,120,47,160,47,176,64,121,6,3984,74
1771722136,58,117,71,128,54,135,64,124,60,115,6,2499,86
1771722137,72,112,73,115,81,84,74,92,72,114,4,573,51
1771722138,76,95,66,108,41,185,35,191,73,103,4,4889,55
1771722139,56,156,54,151,73,107,68,117,51,157,9,1840,112
1771722140,81,84,88,83,47,165,42,152,88,74,1,3740,23
1771722141,74,111,66,104,68,139,63,132,62,113,5,2443,57
1771722142,25,226,23,211,48,140,47,155,25,227,16,3160,189
1771722143,46,175,46,166,63,108,73,99,43,160,11,1551,136
1771722144,63,134,58,126,39,166,46,166,62,123,6,4175,68
1771722145,64,135,60,139,44,184,37,177,65,141,7,4144,97
1771722146,58,161,57,162,68,128,60,130,47,146,9,1944,100
1771722147,33,201,42,189,39,173,51,158,30,186,13,3966,163
1771722148,38,169,45,163,45,177,54,178,43,175,11,3970,129
1771722149,40,198,38,201,80,87,92,73,31,183,13,256,153
1771722150,42,200,32,202,55,128,62,121,38,189,13,2410,145
1771722151,38,198,41,187,88,85,85,90,41,180,13,501,158
1771722152,43,180,42,196,74,93,75,89,42,190,13,614,158
1771722153,75,97,81,89,34,188,40,188,84,73,2,4662,35
1771722154,34,183,30,203,36,167,51,164,45,191,13,4150,164
1771722155,55,146,47,141,80,107,74,109,59,150,9,1337,108
1771722156,39,176,38,189,59,119,57,125,42,180,12,2209,137
1771722157,83,92,88,76,43,175,42,173,76,87,2,4572,27
1771722158,63,112,74,111,77,101,84,86,64,108,5,1087,69
1771722159,58,160,52,157,71,89,74,93,50,156,9,954,104
1771722160,88,80,87,69,66,121,69,136,90,77,1,2299,19
1771722161,75,83,83,74,75,120,67,105,82,90,2,1617,31
1771722162,40,163,45,161,41,177,50,178,38,180,11,4160,123
1771722163,49,173,51,170,42,203,40,180,48,179,11,4865,130
1771722164,75,111,63,116,42,175,46,176,70,107,5,4148,58
1771722165,87,73,84,68,47,183,46,182,83,84,1,4069,30
1771722166,57,135,66,125,33,207,38,207,63,138,7,5273,91
1771722167,72,111,64,110,52,158,52,144,65,111,5,3211,64
1771722168,49,156,51,169,74,98,85,92,45,171,10,901,129
1771722169,70,112,74,117,46,164,57,153,74,111,5,3646,71
1771722170,40,176,53,165,63,110,72,123,41,160,11,1857,120
1771722171,31,201,44,182,67,123,61,119,37,184,13,2105,141
1771722172,38,212,36,201,51,167,46,173,30,208,14,3914,161
1771722173,33,182,45,186,38,174,38,192,45,179,13,4592,155
1771722174,71,98,72,107,81,83,85,69,80,109,4,363,63
1771722175,85,67,82,65,65,112,66,101,83,77,1,1386,26
1771722176,79,97,67,115,52,146,58,164,70,97,4,3421,45
1771722177,72,103,73,89,65,128,59,131,76,84,3,1969,43
1771722178,57,152,47,143,39,184,34,198,53,155,9,4936,116
1771722179,87,79,76,82,37,177,33,179,75,90,2,4650,28
1771722180,48,183,40,170,56,122,58,116,45,177,11,2314,129
1771722181,54,161,48,142,85,83,83,91,56,160,9,973,120
1771722182,87,81,79,81,66,132,56,126,86,78,2,2341,24
1771722183,33,192,44,171,73,97,82,105,40,174,12,1093,146
1771722184,30,200,34,203,66,92,67,106,34,194,13,1271,163
1771722185,71,118,70,122,40,177,41,186,72,125,5,4604,52
1771722186,53,149,60,142,81,96,83,80,63,135,8,651,108
1771722187,70,116,66,93,78,93,79,95,79,112,4,571,45
1771722188,83,85,92,63,42,186,33,189,82,81,1,4696,20
1771722189,33,173,46,173,48,187,46,167,44,185,12,4231,142
1771722190,52,160,48,171,32,213,28,215,55,168,10,5724,127
1771722191,60,162,51,147,45,182,42,164,59,149,9,4051,98
1771722192,40,202,30,190,82,105,80,88,30,184,13,919,160
1771722193,37,186,36,183,82,84,74,93,40,194,13,903,153
1771722194,81,94,73,105,86,97,75,77,73,94,3,657,50
1771722195,43,183,40,168,47,177,51,162,53,178,11,3987,131
1771722196,39,183,35,180,24,212,36,202,38,180,12,5373,138
1771722197,42,165,43,163,42,157,45,170,44,163,11,3687,128
1771722198,59,140,64,139,39,187,34,182,55,127,7,4760,85
1771722199,46,190,37,192,63,139,58,137,48,179,12,2334,146
1771722200,33,180,40,176,76,111,76,112,35,171,12,1708,133
1771722201,69,122,60,132,48,166,40,175,70,127,6,4213,73
1771722202,47,175,50,176,83,85,80,89,50,177,11,789,127
1771722203,45,172,45,154,46,189,34,176,47,171,10,4418,120
1771722204,87,74,88,80,61,146,63,142,82,72,1,2994,18
1771722205,71,98,74,113,78,117,67,107,66,110,4,1458,46
1771722206,28,192,35,208,40,182,41,192,36,192,14,4725,156
1771722207,93,82,85,77,77,112,70,106,79,67,1,1246,10
1771722208,34,181,35,199,52,153,54,157,44,189,13,3187,148
1771722209,68,114,80,93,66,130,62,120,73,111,4,2296,41
1771722210,71,116,65,112,56,118,57,131,71,134,6,2238,86
1771722211,23,212,26,218,53,151,54,154,28,226,16,3597,179
1771722212,62,137,62,137,38,171,52,164,59,135,8,4102,102
1771722213,64,149,54,136,63,133,57,131,55,134,8,2164,108
1771722214,56,123,62,137,57,144,53,141,57,134,7,2699,89
1771722215,90,78,86,67,33,197,28,219,86,73,1,5485,12
1771722216,57,159,56,150,60,129,68,123,61,150,9,2565,104
1771722217,52,151,55,141,30,194,34,200,53,146,9,5192,101
1771722218,36,175,35,177,37,179,44,178,44,187,12,4505,135
1771722219,45,201,42,182,62,132,67,142,43,195,13,2481,141
1771722220,41,180,41,177,62,129,66,141,47,178,11,2698,132
1771722221,83,80,85,78,46,182,45,162,83,67,1,4028,28
1771722222,54,155,47,143,50,160,51,147,56,155,9,3468,111
1771722223,82,100,72,101,43,186,36,193,71,83,3,4836,38
1771722224,65,136,52,136,39,194,40,195,58,134,8,4613,104
1771722225,69,94,78,104,45,155,49,154,73,101,4,3796,57
1771722226,63,105,74,108,67,94,67,114,76,108,5,1294,64
1771722227,58,150,53,150,88,76,81,70,57,158,9,373,102
1771722228,41,174,44,181,44,160,39,176,51,178,11,4065,127
1771722229,45,196,45,191,65,113,64,112,41,198,13,1985,148
1771722230,66,130,68,122,39,181,39,197,60,131,6,4834,68
1771722231,54,126,63,123,89,67,83,75,58,141,7,290,90
1771722232,49,142,46,146,34,198,43,188,59,151,9,4997,106
1771722233,84,86,88,91,40,183,40,183,86,86,2,4693,40
1771722234,69,125,67,122,59,142,54,133,69,125,6,2718,70
1771722235,54,161,52,170,50,171,44,173,47,169,10,4160,113
1771722236,34,213,35,202,88,87,76,78,35,195,14,393,160
1771722237,86,75,87,76,78,87,76,89,89,76,2,1116,41
1771722238,62,142,50,134,46,190,35,196,59,152,8,4651,97
1771722239,76,109,76,101,49,186,43,190,67,105,4,4373,48
1771722240,36,214,30,208,46,166,51,172,25,208,15,3668,168
1771722241,35,179,41,170,49,180,47,164,46,181,12,4085,146
1771722242,34,199,38,183,65,146,66,128,41,179,13,2805,146
1771722243,60,127,62,136,72,99,78,102,63,136,7,1413,87
1771722244,56,140,58,135,70,118,60,131,67,143,7,2189,81
1771722245,37,189,44,173,49,165,47,150,42,189,12,3537,148
1771722246,56,170,56,151,33,198,41,197,53,174,10,4811,107
1771722247,49,160,53,174,83,101,82,85,46,151,10,869,108
1771722248,48,165,51,163,66,119,71,101,44,173,11,1556,137
1771722249,41,180,33,176,41,192,32,197,44,180,12,4901,150
1771722250,61,141,56,130,54,140,64,125,59,129,7,2519,92
1771722251,69,114,68,105,50,156,62,140,67,119,5,3108,68
1771722252,74,99,84,87,77,101,77,101,78,89,3,1044,42
1771722253,44,176,47,176,29,195,40,195,38,193,12,4949,142
1771722254,82,100,84,105,45,184,33,187,73,103,3,4692,50
1771722255,36,173,37,184,25,210,21,211,35,179,12,5984,148
1771722256,28,213,22,231,47,180,34,181,27,216,16,4371,183
1771722257,66,124,67,120,55,162,53,158,62,112,5,3665,70
1771722258,57,133,51,138,62,112,64,114,64,147,8,1947,103
1771722259,60,129,63,115,80,102,70,104,58,123,6,1163,82
1771722260,85,76,87,93,59,134,51,147,81,89,2,3018,42
1771722261,73,112,63,123,28,196,37,182,72,110,5,4901,61
1771722262,63,121,72,128,50,146,48,139,60,112,6,3165,63
1771722263,40,166,46,178,47,185,47,183,52,165,11,4222,121
1771722264,39,165,47,178,61,119,62,119,38,177,11,1784,126
1771722265,38,183,42,198,33,199,30,185,42,202,13,4912,164
1771722266,44,189,41,195,68,120,66,107,31,199,13,1652,156
1771722267,81,83,83,103,66,134,64,131,85,96,3,2764,54
1771722268,67,142,55,125,77,81,86,78,63,138,7,651,97
1771722269,88,71,86,79,90,85,82,87,85,80,1,346,27
1771722270,73,84,69,104,29,187,42,201,77,95,3,4960,34
1771722271,75,120,62,111,50,167,47,176,66,102,5,3884,52
1771722272,80,109,76,99,64,126,70,106,73,115,4,1790,46
1771722273,69,112,66,93,58,127,59,139,69,115,4,2349,46
1771722274,76,99,71,94,73,86,86,89,74,111,4,798,53
1771722275,34,198,35,187,44,167,51,176,35,189,13,4220,140
1771722276,56,123,56,140,65,128,60,112,58,139,7,2070,75
1771722277,48,174,44,183,79,100,80,97,47,178,11,1005,136
1771722278,24,223,32,218,41,185,44,179,23,209,16,4182,188
1771722279,69,92,80,87,52,143,50,152,72,87,3,2977,50
1771722280,86,71,91,75,61,136,60,123,92,85,1,2189,22
1771722281,20,212,20,214,73,87,74,99,31,217,16,776,189
1771722282,45,193,37,191,29,199,24,219,41,182,12,5607,131
1771722283,39,202,36,189,42,189,38,187,44,194,13,4310,149
1771722284,64,135,55,137,71,98,75,109,54,142,7,1392,96
1771722285,42,199,31,180,74,122,73,123,33,182,13,1970,151
1771722286,57,150,45,142,51,136,58,126,58,147,9,2714,102
1771722287,80,98,79,108,51,163,55,152,69,110,4,3319,49
1771722288,58,132,69,122,77,108,62,118,73,120,6,1693,85
1771722289,22,204,23,210,70,135,58,120,22,203,15,2302,163
1771722290,47,162,43,173,37,213,23,219,39,183,11,5507,133
1771722291,42,196,36,198,65,134,61,135,42,191,13,2591,155
1771722292,50,177,49,177,38,186,34,173,41,180,11,4456,125
1771722293,55,140,56,146,33,197,30,189,57,132,8,4921,97
1771722294,58,138,63,132,68,118,72,118,67,131,7,1900,89
1771722295,57,127,72,134,36,167,43,164,61,126,6,4198,76
1771722296,63,128,68,131,72,122,78,104,64,141,7,1649,84
1771722297,77,73,76,75,53,177,49,176,76,73,2,3858,31
1771722298,59,121,70,126,60,120,62,133,61,113,6,2067,68
1771722299,43,196,31,185,87,83,88,79,40,185,13,622,145
1771722300,87,73,83,65,67,101,77,98,84,87,1,1491,18
1771722301,67,117,69,131,62,141,57,136,69,127,6,2809,83
1771722302,93,83,88,75,53,144,64,147,89,75,1,2979,10
1771722303,45,175,41,172,34,187,35,192,44,171,11,4898,138
1771722304,70,114,66,121,85,90,79,79,71,125,6,490,85
1771722305,51,154,55,146,69,116,69,124,52,162,9,2224,118
1771722306,58,127,64,125,64,125,57,142,60,142,7,2588,90
1771722307,76,122,64,109,72,99,73,94,71,125,5,922,66
1771722308,84,87,77,75,59,137,55,151,79,95,2,3022,22
1771722309,40,187,44,180,87,74,88,70,38,170,12,356,147
1771722310,70,93,74,95,76,98,79,92,77,99,3,1272,49
1771722311,54,157,44,150,49,148,59,156,55,168,10,3457,118
1771722312,41,183,50,171,45,170,48,188,46,169,11,4310,126
1771722313,40,172,44,173,37,208,31,203,42,171,11,5325,135
1771722314,84,95,80,83,58,155,56,169,76,75,2,3582,32
1771722315,66,113,69,108,55,144,52,144,74,110,5,2680,75
1771722316,46,179,34,175,32,212,27,214,35,178,12,5768,131
1771722317,80,98,74,92,79,113,69,100,74,113,4,1287,44
1771722318,72,125,71,119,77,101,74,99,62,117,6,1240,65
1771722319,36,182,44,182,28,208,27,208,35,188,13,5946,144
1771722320,43,156,53,169,47,173,42,177,45,159,10,4513,112
1771722321,53,137,65,152,63,153,56,142,51,135,8,2888,92
1771722322,79,85,80,68,79,96,76,89,92,72,1,909,30
1771722323,48,162,61,153,73,82,79,86,50,159,9,933,101
1771722324,58,135,59,129,75,81,86,94,54,122,7,470,92
1771722325,68,109,72,113,68,105,64,107,71,110,4,1634,48
1771722326,81,86,74,87,46,168,44,185,84,73,2,4209,41
1771722327,58,135,51,138,65,118,68,120,57,151,8,1711,87
1771722328,48,167,48,161,81,98,83,110,43,159,10,1148,118
1771722329,78,102,84,94,25,224,21,217,78,90,3,5704,31
1771722330,49,172,49,163,42,173,45,171,43,162,10,3682,111
1771722331,55,152,49,155,73,110,69,128,46,158,10,1861,119
1771722332,38,164,41,181,67,137,64,116,38,169,11,2248,139
1771722333,66,92,76,113,59,125,63,128,72,95,4,1959,53
1771722334,83,63,86,66,67,103,74,116,88,66,1,1807,25
1771722335,39,182,40,180,46,190,35,182,39,191,12,4737,147
1771722336,36,200,33,184,74,96,68,101,36,195,13,1326,153
1771722337,79,90,73,90,64,142,59,132,78,88,2,2501,35
1771722338,54,141,60,154,49,166,51,175,62,144,8,4070,93
1771722339,36,203,39,188,70,118,70,118,33,189,13,1983,147
1771722340,37,181,44,183,58,142,53,141,36,188,13,2965,144
1771722341,63,125,68,129,73,89,71,106,67,117,6,1113,80
1771722342,43,153,54,156,80,88,81,98,56,153,10,831,124
1771722343,70,100,71,103,42,201,42,198,81,99,3,4835,34
1771722344,69,112,75,104,42,175,47,157,77,114,4,3760,58
1771722345,58,131,63,135,67,130,64,121,65,152,8,2131,94
1771722346,29,225,24,212,30,197,34,195,21,212,16,5057,196
1771722347,42,162,42,154,47,180,42,191,47,158,10,4426,116
1771722348,83,77,80,74,67,142,63,135,79,84,2,2582,33
1771722349,88,95,89,83,76,117,77,104,83,95,2,1708,23
1771722350,33,191,38,202,62,128,65,114,40,200,14,2068,166
1771722351,59,162,50,146,59,156,49,153,45,159,9,3000,110
1771722352,76,97,69,101,70,110,81,107,70,102,4,1174,45
1771722353,34,198,29,197,65,134,65,127,25,200,14,2212,152
1771722354,50,168,42,152,63,142,63,147,44,162,10,2786,108
1771722355,65,110,69,124,77,84,90,83,62,110,5,356,55
1771722356,20,220,19,226,82,94,75,82,33,230,16,498,195
1771722357,63,111,64,119,64,140,60,146,61,115,5,2934,56
1771722358,47,191,47,171,49,147,50,156,46,184,12,3227,133
1771722359,55,128,62,142,33,206,30,192,56,142,7,5297,76
1771722360,75,82,78,90,54,172,48,166,83,85,2,3870,37
1771722361,65,128,68,117,82,75,78,76,73,118,6,274,87
1771722362,57,144,55,139,66,112,67,109,60,124,7,1456,76
1771722363,48,191,48,186,30,190,40,191,45,191,12,4704,132
1771722364,64,135,58,123,24,212,34,203,62,140,7,5654,98
1771722365,82,64,85,65,72,106,84,93,82,75,1,1004,12
1771722366,83,88,81,74,43,167,42,181,76,89,2,3969,26
1771722367,69,124,61,108,50,138,65,143,73,104,5,2833,73
1771722368,77,108,69,110,48,175,41,183,70,116,4,4457,52
1771722369,79,81,84,78,38,196,35,180,74,92,2,4798,30
1771722370,75,106,84,93,58,157,47,159,76,84,3,3371,36
1771722371,34,170,37,189,76,91,75,104,41,192,12,1237,149
1771722372,67,133,57,116,77,74,78,74,59,125,6,311,86
1771722373,66,124,61,129,40,187,35,189,56,134,7,4999,91
1771722374,64,125,76,125,41,188,32,184,68,110,5,4731,74
1771722375,36,170,36,172,23,198,23,194,48,174,12,5419,147
1771722376,57,158,55,160,74,95,82,82,57,160,9,702,114
1771722377,63,126,71,124,77,90,77,90,65,123,6,575,76
1771722378,48,161,51,172,35,190,39,191,47,164,10,4853,109
1771722379,36,196,30,210,78,76,88,93,31,210,14,645,169
1771722380,34,198,38,186,40,166,40,169,43,187,13,4016,144
1771722381,52,148,51,145,87,87,77,93,58,146,8,729,109
1771722382,73,106,78,102,42,148,44,161,71,93,4,3580,63
1771722383,29,191,42,184,63,131,57,117,40,190,13,2167,160
1771722384,56,152,55,144,78,103,83,86,62,131,8,945,90
1771722385,62,125,63,132,81,94,82,92,66,127,7,614,84
1771722386,55,162,42,155,61,116,67,123,44,154,10,1817,110
1771722387,55,135,63,152,78,71,86,81,56,150,8,270,89
1771722388,18,224,18,220,83,93,83,88,29,210,16,956,181
1771722389,63,131,54,143,83,74,91,85,65,124,7,312,89
1771722390,31,186,31,179,77,105,70,93,30,183,13,1260,162
1771722391,80,104,73,97,76,78,86,75,67,101,4,381,51
1771722392,75,90,82,85,53,141,52,141,78,86,3,2882,33
1771722393,70,133,67,118,54,145,59,139,70,116,6,3077,65
1771722394,68,129,64,143,78,111,65,110,55,134,7,1395,83
1771722395,41,180,41,190,60,131,67,137,33,197,13,2595,147
1771722396,79,106,71,111,72,80,86,78,74,96,4,749,63
1771722397,25,208,37,216,59,145,54,140,33,214,15,2728,183
1771722398,41,163,51,167,43,202,29,205,43,166,10,4958,119
1771722399,87,75,89,75,26,205,31,207,82,80,1,5158,21
1771722400,46,164,40,165,58,137,63,151,44,166,11,2999,126
1771722401,41,172,35,174,50,169,51,164,41,172,12,3832,151
1771722402,22,213,18,225,87,73,87,89,32,223,16,404,187
1771722403,30,209,40,202,60,123,59,131,35,201,14,2299,172
1771722404,48,175,40,178,46,164,43,172,43,182,12,3582,143
1771722405,91,86,86,75,57,138,65,126,93,68,1,2591,10
1771722406,84,89,70,104,29,216,29,214,80,101,3,5994,47
1771722407,73,103,75,99,25,212,28,227,76,91,3,5917,41
1771722408,77,84,85,87,53,143,54,155,76,80,2,3169,29
1771722409,60,148,53,144,37,173,43,166,49,163,9,4262,109
1771722410,20,212,21,210,68,132,61,123,25,216,16,2075,185
1771722411,47,183,42,192,48,152,54,166,48,193,12,3758,152
1771722412,57,134,58,145,84,66,86,66,53,152,8,271,105
1771722413,43,198,36,183,77,92,77,95,33,202,13,826,150
1771722414,48,170,46,155,75,72,86,93,44,153,10,437,117
1771722415,90,76,77,81,54,130,56,145,81,78,1,2741,25
1771722416,45,169,42,163,27,204,39,195,56,157,10,5311,127
1771722417,32,197,32,187,54,140,53,142,35,197,13,2578,145
1771722418,43,191,39,188,35,178,46,179,30,184,13,4664,149
1771722419,41,178,48,184,79,93,85,98,34,185,12,695,152
1771722420,39,185,31,192,58,139,65,143,36,201,13,2870,161
1771722421,87,83,76,91,45,155,54,157,77,73,2,3431,34
1771722422,30,212,29,212,74,101,83,86,36,204,15,911,170
1771722423,43,174,48,173,37,215,26,194,45,185,12,5348,151
1771722424,78,95,81,107,53,137,55,136,81,99,4,2512,48
1771722425,59,123,66,121,64,99,73,105,57,131,7,1539,84
1771722426,52,147,53,151,42,181,38,180,55,155,9,4184,98
1771722427,75,104,79,114,77,72,76,69,76,105,4,427,65
1771722428,57,148,59,146,77,103,82,110,51,148,9,1204,115
1771722429,66,102,70,107,24,206,19,209,66,101,4,5896,65
1771722430,74,106,75,118,79,66,79,67,75,104,5,210,52
1771722431,79,83,81,79,45,172,49,175,79,85,2,3746,33
1771722432,83,98,76,94,44,185,42,172,80,97,3,4129,43
1771722433,37,201,43,183,22,227,26,211,37,189,13,5877,164
1771722434,47,191,36,185,32,221,24,220,45,177,12,5983,146
1771722435,27,191,34,189,33,203,38,187,26,194,14,5123,159
1771722436,56,157,60,160,68,111,73,118,46,151,9,2120,109
1771722437,72,110,75,102,47,144,51,161,70,122,5,3377,66
1771722438,67,125,61,126,45,181,44,176,67,139,7,4641,95
1771722439,64,107,65,114,50,149,47,158,76,108,5,3186,67
1771722440,77,85,78,85,45,165,52,166,80,77,2,3553,23
1771722441,74,116,72,115,54,148,53,131,68,116,5,2686,57
1771722442,67,105,72,116,54,141,60,147,66,116,5,3070,55
1771722443,77,86,74,83,77,93,70,105,79,86,2,973,21
1771722444,58,130,68,132,70,129,62,118,61,132,6,2322,68
1771722445,78,113,71,112,62,135,67,129,76,96,4,2269,63
1771722446,22,210,30,211,49,155,42,170,36,201,15,3610,169
1771722447,29,189,31,195,43,147,54,147,38,199,13,3544,142
1771722448,30,200,35,197,44,156,55,166,39,193,13,3714,145
1771722449,60,119,58,114,43,171,55,172,72,117,6,3663,71
1771722450,75,93,75,93,42,175,52,178,72,99,4,4073,45
1771722451,87,64,91,63,88,89,75,88,90,75,1,420,17
1771722452,53,158,49,167,28,230,22,219,44,154,10,5926,110
1771722453,52,160,49,166,65,142,67,144,39,182,11,2532,136
1771722454,86,96,80,84,82,86,81,94,76,95,2,662,26
1771722455,69,102,68,110,72,97,72,96,78,104,4,963,50
1771722456,81,72,83,87,56,126,56,123,83,75,1,2291,20
1771722457,32,191,33,200,41,184,34,188,37,198,14,4857,170
1771722458,59,124,56,141,67,105,74,115,67,133,7,1761,75
1771722459,38,162,51,171,66,99,70,102,41,168,11,1518,118
1771722460,76,89,79,84,81,104,75,107,85,90,2,1163,29
1771722461,63,133,62,121,53,151,56,168,60,124,6,3599,86
1771722462,39,180,46,184,60,153,47,161,43,178,12,3178,134
1771722463,88,70,88,81,40,168,46,176,80,87,1,4326,21
1771722464,51,145,57,132,25,208,29,198,50,142,8,5420,92
1771722465,81,93,66,105,81,102,76,86,65,115,4,894,43
1771722466,69,115,60,125,28,203,27,196,71,121,6,5209,83
1771722467,58,120,64,116,33,213,27,202,65,133,6,5333,81
1771722468,45,189,46,186,66,125,71,115,48,173,12,2218,135
1771722469,75,88,79,88,79,79,75,75,70,106,3,468,43
1771722470,54,155,59,146,58,128,55,149,61,132,8,2764,107
1771722471,57,132,64,139,55,157,49,153,55,140,7,3275,95
1771722472,41,150,41,150,54,153,52,152,48,160,10,3135,119
1771722473,60,132,59,128,79,76,75,90,54,138,7,611,95
1771722474,52,158,56,161,83,98,75,80,51,167,10,733,113
1771722475,49,148,60,153,45,165,50,158,49,155,9,3934,111
1771722476,32,192,30,194,37,196,30,185,27,207,14,4957,152
1771722477,36,180,44,197,53,144,48,149,37,195,13,3407,154
1771722478,48,179,39,187,53,149,58,151,33,175,12,3127,145
1771722479,41,195,35,197,49,146,58,151,30,192,13,2965,141
1771722480,51,157,53,160,42,189,45,184,51,163,9,4355,111
1771722481,62,142,64,126,66,98,71,113,65,136,7,1287,78
1771722482,32,190,42,196,79,93,70,97,40,202,13,1383,156
1771722483,74,121,77,120,85,83,71,98,66,113,5,986,75
1771722484,58,129,62,127,45,192,44,183,67,111,6,4652,65
1771722485,48,193,48,178,89,83,78,70,42,178,12,388,139
1771722486,61,143,53,139,81,99,72,83,62,133,8,931,94
1771722487,87,64,87,83,32,215,28,230,81,74,1,5927,31
1771722488,58,153,60,151,37,165,38,181,61,145,8,4027,89
1771722489,32,196,31,190,43,193,41,176,43,198,13,4666,143
1771722490,91,76,88,65,48,164,53,163,82,76,1,3367,22
1771722491,79,83,89,66,40,195,31,194,84,76,1,4891,10
1771722492,68,93,73,108,52,156,46,164,71,112,4,3527,59
1771722493,50,150,58,147,31,198,42,197,52,153,8,4890,101
1771722494,30,191,32,196,63,109,64,126,38,200,13,1891,141
1771722495,73,98,72,107,65,140,65,139,72,97,4,2704,44
1771722496,62,149,63,144,74,119,65,107,62,138,8,1777,104
1771722497,78,87,83,84,59,130,61,108,69,92,3,1960,31
1771722498,65,118,64,117,28,220,35,217,73,117,6,5635,75
1771722499,56,122,60,142,67,128,58,120,59,140,7,2194,88
1771722500,46,173,34,184,66,118,64,111,49,187,12,1972,135
1771722501,72,94,71,93,74,106,76,107,80,97,4,1589,57
1771722502,56,154,47,154,63,142,63,139,45,140,9,2812,112
1771722503,56,152,63,144,76,77,75,74,57,147,8,601,97
1771722504,66,113,76,108,62,145,53,148,72,115,4,3134,48
1771722505,72,104,73,93,32,209,27,209,80,84,3,5669,50
1771722506,43,182,30,189,73,122,72,118,31,187,13,1752,147
1771722507,52,175,49,175,72,100,80,106,40,179,11,1370,121
1771722508,79,94,86,96,80,91,69,89,79,80,2,1086,24
1771722509,40,196,44,191,64,121,77,117,38,194,13,1549,141
1771722510,44,181,43,180,45,171,50,163,33,192,13,3941,146
1771722511,69,95,72,105,60,112,67,128,72,88,3,1891,48
1771722512,50,156,48,169,26,215,29,210,45,164,10,5842,122
1771722513,35,193,39,171,60,124,56,135,49,189,12,2328,138
1771722514,58,159,47,154,48,187,44,179,58,162,9,4375,106
1771722515,46,161,49,170,37,194,40,196,37,162,11,5248,133
1771722516,74,98,69,84,74,83,71,79,69,91,3,768,33
1771722517,69,105,83,86,47,189,34,188,71,97,3,4345,34
1771722518,57,139,62,122,62,122,55,143,56,135,7,2464,86
1771722519,91,79,79,71,67,106,71,92,83,68,1,1259,14
1771722520,58,145,46,141,47,197,40,190,58,146,9,4648,97
1771722521,65,97,76,102,40,181,47,168,80,102,4,3966,61
1771722522,73,113,75,105,44,194,39,183,67,109,4,4702,57
1771722523,62,126,67,114,44,188,35,187,65,122,6,4524,74
1771722524,87,89,79,76,39,190,37,172,75,97,2,4500,23
1771722525,60,133,64,132,36,188,45,186,49,142,8,4509,109
1771722526,70,91,84,94,61,112,63,118,84,95,3,2024,38
1771722527,63,115,67,114,22,217,22,222,71,131,6,5777,79
1771722528,87,67,78,69,42,176,42,179,87,78,1,3921,12
1771722529,65,108,67,105,44,159,50,157,70,111,5,3554,67
1771722530,62,125,57,123,45,176,36,185,63,129,6,4356,80
1771722531,30,199,21,211,69,97,68,100,36,213,15,1186,177
1771722532,81,85,83,86,58,135,54,150,77,95,2,3062,34
1771722533,75,88,75,81,73,117,71,124,86,78,2,1847,25
1771722534,80,73,84,95,67,145,63,127,86,79,2,2535,41
1771722535,78,87,74,73,62,140,63,130,85,95,2,2756,27
1771722536,49,184,46,174,42,181,49,165,40,164,11,4096,133
1771722537,60,128,63,127,76,112,75,116,69,115,6,1665,84
1771722538,63,137,66,123,46,178,41,193,59,133,7,4637,79
1771722539,84,93,74,95,48,157,54,145,78,80,2,3360,39
1771722540,33,197,40,189,43,188,37,201,37,183,13,4914,152
1771722541,60,135,54,148,31,187,32,196,58,149,8,4958,104
1771722542,62,122,68,113,57,148,54,161,70,125,6,3212,82
1771722543,33,176,45,179,50,170,54,157,39,170,12,3767,130
1771722544,43,180,40,186,50,154,61,136,43,196,13,2976,143
1771722545,74,91,74,97,51,165,56,164,82,98,3,3662,47
1771722546,78,79,87,96,66,103,79,104,76,82,2,1353,41
1771722547,83,100,82,98,41,184,37,174,74,95,3,4259,47
1771722548,72,109,74,104,41,174,36,180,77,104,4,4401,58
1771722549,66,93,68,116,59,122,70,134,67,114,4,2163,63
1771722550,80,100,73,109,41,177,43,170,67,92,4,4169,55
1771722551,86,78,78,74,75,95,86,90,89,77,1,548,17
1771722552,71,98,70,102,58,115,58,117,76,100,4,2280,43
1771722553,75,96,80,107,44,177,42,193,72,111,4,4678,51
1771722554,82,83,86,78,48,163,59,165,85,89,2,3378,20
1771722555,58,116,61,135,43,162,42,182,65,131,6,4030,86
1771722556,51,173,43,165,66,135,60,146,51,158,10,2617,113
1771722557,52,160,52,160,68,120,67,120,53,153,9,1912,99
1771722558,91,84,85,68,53,144,61,151,81,67,1,3015,31
1771722559,86,85,88,70,37,175,45,186,87,85,1,4505,27
1771722560,65,150,56,153,39,180,42,179,64,143,8,4760,105
1771722561,24,231,25,211,39,188,44,201,27,210,16,4893,182
1771722562,79,101,75,112,72,91,67,112,81,92,4,1255,64
1771722563,37,183,44,189,31,193,28,196,36,182,13,5262,158
1771722564,76,111,68,120,41,159,48,164,71,116,5,3802,55
1771722565,69,120,70,131,42,180,45,177,57,118,6,4450,85
1771722566,85,73,78,78,56,141,64,129,89,80,1,2666,26
1771722567,76,103,75,89,29,190,33,200,80,92,3,5081,36
1771722568,41,170,38,183,53,133,56,154,53,178,11,2968,141
1771722569,49,143,50,143,49,146,55,147,58,148,9,3023,109
1771722570,86,68,83,81,31,192,34,189,86,83,1,4698,29
1771722571,48,156,59,163,62,127,62,131,53,159,9,2095,111
1771722572,72,118,68,104,51,158,57,152,75,106,5,3516,63
1771722573,61,127,64,129,32,199,27,187,62,131,6,5090,65
1771722574,78,91,69,99,71,103,78,97,82,93,3,1332,39
1771722575,54,154,50,141,90,88,78,69,48,164,9,401,106
1771722576,74,107,68,105,46,149,49,158,76,103,4,3464,42
1771722577,57,136,55,150,35,177,40,184,60,139,8,4307,106
1771722578,44,167,46,164,37,218,33,213,49,157,10,5524,107
1771722579,50,169,56,172,74,88,81,97,56,169,10,766,111
1771722580,78,86,83,86,41,181,41,181,83,73,1,4804,10
1771722581,22,208,21,220,67,112,70,120,27,211,15,1529,176
1771722582,39,196,29,191,44,182,50,180,34,208,14,4196,157
1771722583,52,139,59,151,60,119,69,113,61,132,8,1969,94
1771722584,85,86,70,106,83,106,81,86,74,93,3,989,31
1771722585,52,164,52,148,81,100,74,115,58,157,9,1346,101
1771722586,80,102,72,103,77,75,83,74,75,104,4,473,54
1771722587,75,103,82,91,78,89,80,94,71,102,3,871,49
1771722588,89,82,78,84,61,128,65,126,75,77,2,2350,30
1771722589,62,117,71,127,44,166,55,172,59,132,6,3758,81
1771722590,54,125,66,131,54,164,50,152,54,124,7,3363,93
1771722591,47,161,52,170,75,109,65,118,50,179,11,1698,134
1771722592,68,128,69,120,36,178,34,190,59,112,6,4727,70
1771722593,43,166,55,157,62,147,66,136,51,155,10,2724,111
1771722594,45,167,40,176,77,118,66,115,44,164,11,1531,128
1771722595,27,221,36,202,43,170,44,163,31,202,15,3998,175
1771722596,80,65,79,68,82,98,82,90,81,71,1,947,12
1771722597,45,156,56,156,30,209,37,197,43,165,10,5102,131
1771722598,49,140,57,134,42,164,51,176,62,144,8,4116,106
1771722599,35,192,33,172,79,88,70,81,38,173,12,869,144
1771722600,76,107,73,112,40,177,46,178,62,125,5,4626,67
1771722601,61,105,66,111,58,123,57,140,72,123,5,2451,53
1771722602,78,102,84,95,56,163,47,164,70,93,3,3497,35
1771722603,54,146,61,149,60,126,59,113,45,151,9,1940,100
1771722604,84,79,85,69,61,123,62,138,83,80,1,2280,10
1771722605,37,162,45,162,71,117,76,113,37,171,11,1762,130
1771722606,70,131,66,117,33,209,29,195,58,128,6,5375,78
1771722607,77,81,89,85,36,205,39,201,79,75,2,4942,40
1771722608,65,121,65,111,69,133,73,134,77,112,5,2115,71
1771722609,78,70,77,64,41,201,40,208,90,71,1,5139,15
1771722610,25,204,23,222,28,203,38,186,23,199,15,4953,167
1771722611,34,202,34,196,78,80,86,72,33,181,13,315,154
1771722612,44,172,50,159,48,139,49,148,43,164,10,3236,130
1771722613,35,184,45,189,59,146,60,148,43,188,12,3123,145
1771722614,80,93,78,91,62,107,65,119,80,92,3,1852,50
1771722615,60,112,65,128,33,190,35,188,73,125,6,4882,66
1771722616,28,216,17,219,60,130,67,125,30,215,16,1965,189
1771722617,22,219,28,204,37,200,37,209,31,217,15,5176,172
1771722618,39,211,34,210,82,93,77,93,32,207,14,665,170
1771722619,82,86,90,75,44,159,48,167,85,74,1,3754,13
1771722620,72,84,83,105,68,119,72,123,79,90,3,1826,52
1771722621,50,145,61,153,61,108,76,105,65,149,8,1760,108
1771722622,61,136,63,149,50,150,48,170,62,144,8,3551,98
1771722623,31,202,35,201,89,93,86,83,30,196,13,494,148
1771722624,23,229,32,220,45,188,38,170,23,223,16,4382,177
1771722625,68,116,72,130,47,164,46,156,57,125,6,3820,81
1771722626,56,135,56,154,74,109,65,124,61,132,8,1961,105
1771722627,74,89,75,103,47,168,40,176,79,84,3,4317,44
1771722628,78,89,83,83,24,223,22,221,86,83,2,5941,30
1771722629,78,90,78,94,78,85,74,88,81,75,2,810,42
1771722630,67,122,68,122,74,112,60,107,67,116,6,1885,85
1771722631,56,154,51,133,57,158,53,149,49,145,8,3055,97
1771722632,75,85,85,97,50,167,49,151,75,97,3,3450,44
1771722633,80,88,83,98,81,91,83,95,77,99,3,1113,51
1771722634,17,226,23,226,74,92,83,79,31,210,16,522,181
1771722635,51,160,45,166,58,145,51,140,54,169,10,2854,129
1771722636,79,83,84,68,22,224,31,210,77,63,1,5839,14
1771722637,81,88,84,83,65,105,65,115,78,90,2,1398,33
1771722638,65,121,66,119,46,160,48,170,73,105,5,4061,57
1771722639,40,170,47,191,38,170,38,167,45,182,12,4147,146
1771722640,80,94,77,94,44,181,44,181,76,80,2,4633,29
1771722641,78,70,91,69,50,161,53,158,89,67,1,3794,24
1771722642,23,224,22,232,57,153,51,155,30,219,16,3310,194
1771722643,63,129,61,125,36,168,37,178,66,142,7,4387,88
1771722644,83,97,77,86,55,168,50,173,76,87,3,3771,42
1771722645,52,136,55,142,73,86,81,85,52,136,8,909,101
1771722646,72,96,80,95,36,193,42,175,75,84,3,4569,36
1771722647,83,100,72,100,63,129,62,142,82,87,3,2480,48
1771722648,37,192,37,186,33,197,27,191,47,181,12,5103,141
1771722649,61,133,63,144,64,129,62,123,52,131,8,2507,109
1771722650,81,86,87,87,68,116,66,129,80,81,2,1943,33
1771722651,43,186,42,180,69,131,64,124,44,198,13,2215,146
1771722652,62,136,60,136,63,128,56,130,63,136,7,2313,95
1771722653,57,172,47,167,24,206,39,214,55,160,10,5350,128
1771722654,67,112,75,121,76,111,80,110,62,119,5,1187,60
1771722655,58,139,62,147,41,188,40,173,63,150,8,4568,90
1771722656,57,149,54,141,64,118,61,117,50,151,9,2104,103
1771722657,29,199,32,202,74,120,72,116,36,191,14,2058,166
1771722658,38,201,43,181,39,173,38,168,31,202,13,4101,157
1771722659,52,150,54,132,67,120,65,126,51,134,8,2160,100
1771722660,75,109,76,115,81,79,86,86,72,118,5,393,76
1771722661,73,112,81,114,71,113,61,121,66,98,4,1867,47
1771722662,51,158,50,157,67,100,73,110,57,167,10,1413,110
1771722663,44,202,33,189,74,118,71,126,36,192,13,1991,145
1771722664,42,158,47,169,60,126,61,121,50,167,10,2330,111
1771722665,85,75,76,81,56,145,62,144,76,74,2,3069,39
1771722666,41,181,47,161,77,102,74,102,38,172,11,1640,132
1771722667,52,141,62,145,69,117,73,102,57,139,8,1580,96
1771722668,53,163,48,154,54,165,40,171,55,158,9,3802,104
1771722669,68,106,65,103,39,175,41,162,80,98,4,4054,58
1771722670,79,77,85,86,67,125,58,137,83,79,2,2565,33
1771722671,60,118,59,131,77,76,87,82,58,123,6,619,81
1771722672,66,93,81,92,49,163,53,154,78,100,4,3285,50
1771722673,55,143,58,143,69,91,68,87,47,163,9,1068,115
1771722674,45,182,46,181,35,183,43,195,44,175,11,4888,135
1771722675,84,69,89,83,53,172,40,170,86,69,1,4058,29
1771722676,54,135,68,135,37,178,47,185,54,138,7,4158,86
1771722677,54,121,54,139,84,97,79,83,56,135,7,809,82
1771722678,29,208,29,192,56,134,60,156,26,194,14,2979,160
1771722679,56,174,56,151,39,165,52,166,50,169,10,3881,124
1771722680,26,214,26,204,53,153,55,177,33,218,15,3787,173
1771722681,87,71,81,85,20,210,35,226,90,73,1,5757,27
1771722682,76,97,80,104,80,87,86,90,81,101,3,335,44
1771722683,51,170,43,173,57,168,45,153,44,166,11,3488,137
1771722684,46,165,57,171,34,178,40,195,44,166,10,4661,112
1771722685,67,115,64,121,26,205,34,209,71,108,5,5367,64
1771722686,67,106,67,102,40,186,42,178,67,105,4,4331,62
1771722687,40,212,36,202,47,176,39,178,29,213,14,4161,152
1771722688,77,81,84,95,67,102,75,105,86,93,2,1598,29
1771722689,78,83,82,78,71,84,78,101,92,64,1,1019,12
1771722690,80,73,90,74,47,151,50,154,86,66,1,3613,32
1771722691,74,76,87,90,82,74,89,84,85,97,2,607,33
1771722692,47,174,50,179,74,77,77,84,52,174,11,676,125
1771722693,44,182,34,193,57,133,61,143,46,193,12,2898,148
1771722694,34,173,45,175,80,90,77,102,39,191,12,808,134
1771722695,80,63,87,75,84,82,80,77,85,70,1,353,10
1771722696,58,145,54,151,31,192,41,185,53,146,9,4735,119
1771722697,68,96,66,100,47,141,54,155,75,94,4,3165,62
1771722698,51,158,43,161,52,147,61,150,42,156,10,2874,122
1771722699,29,183,39,193,77,94,71,91,34,182,13,1127,150
1771722700,41,211,38,212,44,189,46,187,39,195,14,4393,160
1771722701,82,92,78,95,74,87,87,99,82,89,2,736,38
1771722702,48,174,41,186,77,76,75,90,42,171,12,658,148
1771722703,69,109,71,102,51,177,48,168,69,115,4,4232,48
1771722704,53,125,57,122,70,131,72,119,64,121,7,2024,79
1771722705,29,183,34,201,32,219,18,227,43,186,13,5972,159
1771722706,70,108,65,118,88,86,78,81,77,104,5,447,74
1771722707,58,132,63,149,75,106,77,117,52,137,8,1557,87
1771722708,42,200,39,183,55,154,58,146,30,182,13,2921,148
1771722709,69,99,69,110,71,112,64,117,74,99,4,1553,57
1771722710,42,203,32,181,80,84,75,86,33,181,13,510,144
1771722711,39,164,46,165,57,141,55,141,43,165,11,2981,136
1771722712,74,118,65,123,45,178,50,185,65,110,5,4324,76
1771722713,36,218,23,214,65,126,70,120,31,211,15,2276,182
1771722714,70,94,77,90,51,138,53,157,72,87,3,3064,35
1771722715,79,93,75,98,20,207,20,223,70,92,4,5823,46
1771722716,48,153,53,157,74,101,75,100,45,156,10,1056,128
1771722717,39,187,43,180,65,113,64,102,49,188,12,1496,138
1771722718,74,123,75,121,64,104,73,102,71,112,5,1548,59
1771722719,40,187,38,197,38,192,33,200,31,182,13,4997,155
1771722720,40,195,33,183,67,140,57,126,30,194,13,2525,151
1771722721,89,75,74,76,54,136,68,138,88,79,2,2446,21
1771722722,57,138,50,145,67,130,74,109,63,154,8,1971,102
1771722723,53,166,51,157,38,184,41,174,46,155,10,4132,123
1771722724,75,89,84,75,30,180,43,179,86,85,2,4790,38
1771722725,69,127,62,121,61,117,61,123,72,114,6,2257,67
1771722726,42,196,29,181,85,79,78,70,32,200,13,362,148
1771722727,57,164,59,156,49,191,38,180,56,148,9,4392,103
